竹南,房地(土地+建物)+位,公x段241~270地,13.32,住,,,1000711,土地1建物1位1,一,15,住宅大(11雍以上有梯),住家用,筋混凝土造,,113.38,3,2,2,有,o,5250000,41924,一瞧矫,4.85,700000,,RPRNMLKKJHJFFDK87CB,苗栗县,4,88.83,预售屋买卖
竹南,房地(土地+建物),公x段241~270地,13.94,住,,,1010614,土地1建物1位0,一,15,住宅大(11雍以上有梯),住家用,筋混凝土造,,118.67,3,2,2,有,o,4900000,41291,,0.0,0,,RPSNMLKKJHJFFDK97CB,苗栗县,4,88.83,预售屋买卖
竹南,房地(土地+建物),公x段241~270地,8.08,住,,,1010219,土地1建物1位0,一,15,住宅大(11雍以上有梯),住家用,筋混凝土造,,68.66,2,2,1,有,o,2820000,41072,,0.0,0,,RPTNMLKKJHJFFDK08CB,苗栗县,4,88.83,预售屋买卖
竹南,房地(土地+建物),公x段241~270地,13.77,住,,,1011120,土地1建物1位0,一,15,住宅大(11雍以上有梯),商I用,筋混凝土造,,117.19,0,1,1,有,o,7500000,63999,,0.0,0,,RPUNMLKKJHJFFDK18CB,苗栗县,4,88.83,预售屋买卖
竹南,房地(土地+建物)+位,公x段241~270地,12.9,住,,,1010825,土地1建物1位1,一,15,住宅大(11雍以上有梯),商I用,筋混凝土造,,109.65,0,1,1,有,o,6200000,59093,坡道平面,15.73,650000,,RPVNMLKKJHJFFDK28CB,苗栗县,4,88.83,预售屋买卖
竹南,房地(土地+建物)+位,公x段241~270地,13.84,住,,,1010603,土地1建物1位1,一,15,住宅大(11雍以上有梯),商I用,筋混凝土造,,117.75,0,1,1,有,o,7000000,61753,坡道平面,15.73,700000,,RPWNMLKKJHJFFDK38CB,苗栗县,4,88.83,预售屋买卖
竹南,房地(土地+建物),公x段241~270地,12.9,住,,,1020413,土地1建物1位0,一,15,住宅大(11雍以上有梯),商I用,筋混凝土造,,109.75,0,1,1,有,o,6500000,59226,,0.0,0,,RPXNMLKKJHJFFDK48CB,苗栗县,4,88.83,预售屋买卖
竹南,房地(土地+建物)+位,公x段241~270地,12.83,住,,,1000616,土地1建物1位1,一,15,住宅大(11雍以上有梯),商I用,筋混凝土造,,109.15,0,1,1,有,o,7150000,62800,一瞧矫,4.85,600000,,RPOOMLKKJHJFFDK67CB,苗栗县,4,88.83,预售屋买卖
竹南,房地(土地+建物)+位,公x段241~270地,13.29,住,,,1000613,土地1建物1位1,一,15,住宅大(11雍以上有梯),商I用,筋混凝土造,,112.82,0,1,1,有,o,6800000,57423,一瞧矫,4.85,600000,,RPPOMLKKJHJFFDK77CB,苗栗县,4,88.83,预售屋买卖
竹南,房地(土地+建物)+位,公x段241~270地,11.52,住,,,1010724,土地1建物1位1,六,15,住宅大(11雍以上有梯),住家用,筋混凝土造,,97.85,2,2,1,有,o,4240000,43717,坡道平面,15.73,650000,,RPQOMLKKJHJFFDK87CB,苗栗县,4,88.83,预售屋买卖
竹南,房地(土地+建物)+位,公x段241~270地,11.52,住,,,1010403,土地1建物1位1,七,15,住宅大(11雍以上有梯),住家用,筋混凝土造,,97.85,2,2,1,有,o,4130000,41443,坡道平面,13.88,650000,,RPROMLKKJHJFFDK97CB,苗栗县,4,88.83,预售屋买卖
竹南,房地(土地+建物)+位,公x段241~270地,11.52,住,,,1010415,土地1建物1位1,八,15,住宅大(11雍以上有梯),住家用,筋混凝土造,,97.85,2,2,1,有,o,4150000,42621,坡道平面,15.73,650000,,RPSOMLKKJHJFFDK08CB,苗栗县,4,88.83,预售屋买卖
竹南,房地(土地+建物),公x段241~270地,10.79,住,,,1010731,土地1建物1位0,三,15,住宅大(11雍以上有梯),住家用,筋混凝土造,,91.6,2,2,1,有,o,3680000,40175,,0.0,0,,RPTOMLKKJHJFFDK18CB,苗栗县,4,88.83,预售屋买卖
竹南,房地(土地+建物),公x段241~270地,10.79,住,,,1010929,土地1建物1位0,六,15,住宅大(11雍以上有梯),住家用,筋混凝土造,,91.6,2,2,1,有,o,3460000,37773,,0.0,0,,RPUOMLKKJHJFFDK28CB,苗栗县,4,88.83,预售屋买卖
竹南,房地(土地+建物)+位,公x段241~270地,10.79,住,,,1000911,土地1建物1位1,七,15,住宅大(11雍以上有梯),住家用,筋混凝土造,,91.6,2,2,1,有,o,4000000,44154,坡道平面,15.73,650000,,RPVOMLKKJHJFFDK38CB,苗栗县,4,88.83,预售屋买卖
竹南,房地(土地+建物)+位,公x段241~270地,10.79,住,,,1000809,土地1建物1位1,八,15,住宅大(11雍以上有梯),住家用,筋混凝土造,,91.6,2,2,1,有,o,4000000,43495,坡道平面,15.73,700000,,RPWOMLKKJHJFFDK48CB,苗栗县,4,88.83,预售屋买卖
竹南,房地(土地+建物)+位,公x段241~270地,22.27,住,,,1020526,土地1建物1位1,十一,15,住宅大(11雍以上有梯),住家用,筋混凝土造,,189.42,4,2,2,有,o,7800000,40877,坡道平面,15.73,700000,,RPXOMLKKJHJFFDK58CB,苗栗县,4,88.83,预售屋买卖
竹南,房地(土地+建物)+位,公x段241~270地,22.27,住,,,1020302,土地1建物1位1,十二,15,住宅大(11雍以上有梯),住家用,筋混凝土造,,189.42,4,2,2,有,o,8150000,42893,坡道平面,15.73,700000,,RPOPMLKKJHJFFDK77CB,苗栗县,4,88.83,预售屋买卖
竹南,房地(土地+建物)+位,公x段241~270地,22.27,住,,,1020404,土地1建物1位1,十三,15,住宅大(11雍以上有梯),住家用,筋混凝土造,,189.42,4,2,2,有,o,7880000,41338,坡道平面,15.73,700000,,RPPPMLKKJHJFFDK87CB,苗栗县,4,88.83,预售屋买卖
竹南,房地(土地+建物)+位,公x段241~270地,22.27,住,,,1020609,土地1建物1位1,十,15,住宅大(11雍以上有梯),住家用,筋混凝土造,,189.42,4,2,2,有,o,7800000,40877,坡道平面,15.73,700000,,RPQPMLKKJHJFFDK97CB,苗栗县,4,88.83,预售屋买卖
竹南,房地(土地+建物),公x段241~270地,11.38,住,,,1011028,土地1建物1位0,三,15,住宅大(11雍以上有梯),住家用,筋混凝土造,,96.62,2,2,1,有,o,3580000,37052,,0.0,0,,RPRPMLKKJHJFFDK08CB,苗栗县,4,88.83,预售屋买卖
竹南,房地(土地+建物),公x段241~270地,11.38,住,,,1011028,土地1建物1位0,六,15,住宅大(11雍以上有梯),住家用,筋混凝土造,,96.62,2,2,1,有,o,3580000,37052,,0.0,0,,RPSPMLKKJHJFFDK18CB,苗栗县,4,88.83,预售屋买卖
竹南,房地(土地+建物),公x段241~270地,11.38,住,,,1020327,土地1建物1位0,七,15,住宅大(11雍以上有梯),住家用,筋混凝土造,,96.62,2,2,1,有,o,3450000,35707,,0.0,0,,RPTPMLKKJHJFFDK28CB,苗栗县,4,88.83,预售屋买卖
竹南,房地(土地+建物),公x段241~270地,11.38,住,,,1011027,土地1建物1位0,八,15,住宅大(11雍以上有梯),住家用,筋混凝土造,,96.62,2,2,1,有,o,3600000,37259,,0.0,0,,RPUPMLKKJHJFFDK38CB,苗栗县,4,88.83,预售屋买卖
竹南,房地(土地+建物),公x段241~270地,10.79,住,,,1010130,土地1建物1位0,六,15,住宅大(11雍以上有梯),住家用,筋混凝土造,,91.6,2,2,1,有,o,3560000,38865,,0.0,0,,RPVPMLKKJHJFFDK48CB,苗栗县,4,88.83,预售屋买卖
竹南,房地(土地+建物),公x段241~270地,10.79,住,,,1020518,土地1建物1位0,七,15,住宅大(11雍以上有梯),住家用,筋混凝土造,,91.6,2,2,1,有,o,3500000,38210,,0.0,0,,RPWPMLKKJHJFFDK58CB,苗栗县,4,88.83,预售屋买卖
竹南,房地(土地+建物)+位,公x段241~270地,10.79,住,,,1011115,土地1建物1位1,八,15,住宅大(11雍以上有梯),住家用,筋混凝土造,,91.6,2,2,1,有,o,3980000,43891,坡道平面,15.73,650000,,RPXPMLKKJHJFFDK68CB,苗栗县,4,88.83,预售屋买卖
竹南,房地(土地+建物)+位,公x段241~270地,22.13,住,,,1020227,土地1建物1位1,十一,15,住宅大(11雍以上有梯),住家用,筋混凝土造,,188.29,4,2,2,有,o,8300000,44332,坡道平面,15.73,650000,,RPOQMLKKJHJFFDK87CB,苗栗县,4,88.83,预售屋买卖
竹南,房地(土地+建物)+位,公x段241~270地,11.38,住,,,1010823,土地1建物1位1,三,15,住宅大(11雍以上有梯),住家用,筋混凝土造,,96.62,2,2,1,有,o,4200000,43887,坡道平面,15.73,650000,,RPPQMLKKJHJFFDK97CB,苗栗县,4,88.83,预售屋买卖
竹南,房地(土地+建物)+位,公x段241~270地,11.38,住,,,1000804,土地1建物1位1,四,15,住宅大(11雍以上有梯),住家用,筋混凝土造,,96.62,2,2,1,有,o,3700000,37087,坡道平面,15.73,700000,,RPQQMLKKJHJFFDK08CB,苗栗县,4,88.83,预售屋买卖
竹南,房地(土地+建物),公x段241~270地,11.38,住,,,1020506,土地1建物1位0,五,15,住宅大(11雍以上有梯),住家用,筋混凝土造,,96.62,2,2,1,有,o,3690000,38191,,0.0,0,,RPRQMLKKJHJFFDK18CB,苗栗县,4,88.83,预售屋买卖
竹南,房地(土地+建物)+位,公x段241~270地,11.38,住,,,1011113,土地1建物1位1,二,15,住宅大(11雍以上有梯),住家用,筋混凝土造,,96.62,2,2,1,有,o,4250000,43887,坡道平面,15.73,700000,,RPSQMLKKJHJFFDK28CB,苗栗县,4,88.83,预售屋买卖
竹南,房地(土地+建物)+位,公x段241~270地,11.38,住,,,1011129,土地1建物1位1,六,15,住宅大(11雍以上有梯),住家用,筋混凝土造,,96.62,2,2,1,有,o,4380000,45494,坡道平面,15.73,700000,,RPTQMLKKJHJFFDK38CB,苗栗县,4,88.83,预售屋买卖
竹南,房地(土地+建物),公x段241~270地,11.38,住,,,1020426,土地1建物1位0,七,15,住宅大(11雍以上有梯),住家用,筋混凝土造,,96.62,2,2,1,有,o,3700000,38294,,0.0,0,,RPUQMLKKJHJFFDK48CB,苗栗县,4,88.83,预售屋买卖
竹南,房地(土地+建物),公x段241~270地,11.38,住,,,1020127,土地1建物1位0,八,15,住宅大(11雍以上有梯),住家用,筋混凝土造,,96.62,2,2,1,有,o,3650000,37777,,0.0,0,,RPVQMLKKJHJFFDK58CB,苗栗县,4,88.83,预售屋买卖
竹南,房地(土地+建物),公x段241~270地,10.79,住,,,1001001,土地1建物1位0,四,15,住宅大(11雍以上有梯),住家用,筋混凝土造,,91.6,2,2,1,有,o,2960000,32314,,0.0,0,,RPXQMLKKJHJFFDK78CB,苗栗县,4,88.83,预售屋买卖
竹南,房地(土地+建物)+位,公x段241~270地,10.79,住,,,1010521,土地1建物1位1,六,15,住宅大(11雍以上有梯),住家用,筋混凝土造,,91.6,2,2,1,有,o,3950000,43495,坡道平面,15.73,650000,,RPORMLKKJHJFFDK97CB,苗栗县,4,88.83,预售屋买卖
竹南,房地(土地+建物),公x段241~270地,10.79,住,,,1020530,土地1建物1位0,七,15,住宅大(11雍以上有梯),住家用,筋混凝土造,,91.6,2,2,1,有,o,3500000,38210,,0.0,0,,RPPRMLKKJHJFFDK08CB,苗栗县,4,88.83,预售屋买卖
竹南,房地(土地+建物),公x段241~270地,10.79,住,,,1020503,土地1建物1位0,八,15,住宅大(11雍以上有梯),住家用,筋混凝土造,,91.6,2,2,1,有,o,3500000,38210,,0.0,0,,RPQRMLKKJHJFFDK18CB,苗栗县,4,88.83,预售屋买卖
竹南,房地(土地+建物)+位,公x段241~270地,11.52,住,,,1001013,土地1建物1位1,四,15,住宅大(11雍以上有梯),住家用,筋混凝土造,,97.85,2,2,1,有,o,3800000,38109,坡道平面,13.88,600000,,RPRRMLKKJHJFFDK28CB,苗栗县,4,88.83,预售屋买卖
竹南,房地(土地+建物),公x段241~270地,11.52,住,,,1020127,土地1建物1位0,五,15,住宅大(11雍以上有梯),住家用,筋混凝土造,,97.85,2,2,1,有,o,3650000,37302,,0.0,0,,RPSRMLKKJHJFFDK38CB,苗栗县,4,88.83,预售屋买卖
竹南,房地(土地+建物)+位,公x段241~270地,11.52,住,,,1010603,土地1建物1位1,六,15,住宅大(11雍以上有梯),住家用,筋混凝土造,,97.85,2,2,1,有,o,4130000,42377,坡道平面,15.73,650000,,RPTRMLKKJHJFFDK48CB,苗栗县,4,88.83,预售屋买卖
竹南,房地(土地+建物),公x段241~270地,11.52,住,,,1020106,土地1建物1位0,七,15,住宅大(11雍以上有梯),住家用,筋混凝土造,,97.85,2,2,1,有,o,3720000,38017,,0.0,0,,RPURMLKKJHJFFDK58CB,苗栗县,4,88.83,预售屋买卖
竹南,房地(土地+建物)+位,公x段241~270地,11.52,住,,,1010719,土地1建物1位1,八,15,住宅大(11雍以上有梯),住家用,筋混凝土造,,97.85,2,2,1,有,o,4130000,42039,坡道平面,13.88,600000,,RPVRMLKKJHJFFDK68CB,苗栗县,4,88.83,预售屋买卖
竹南,房地(土地+建物)+位,公x段241~270地,10.79,住,,,1001028,土地1建物1位1,四,15,住宅大(11雍以上有梯),住家用,筋混凝土造,,91.6,2,2,1,有,o,3630000,38986,坡道平面,13.88,600000,,RPWRMLKKJHJFFDK78CB,苗栗县,4,88.83,预售屋买卖
竹南,房地(土地+建物),公x段241~270地,10.79,住,,,1020518,土地1建物1位0,六,15,住宅大(11雍以上有梯),住家用,筋混凝土造,,91.6,2,2,1,有,o,3460000,37773,,0.0,0,,RPXRMLKKJHJFFDK88CB,苗栗县,4,88.83,预售屋买卖
竹南,房地(土地+建物),公x段241~270地,10.79,住,,,1020521,土地1建物1位0,七,15,住宅大(11雍以上有梯),住家用,筋混凝土造,,91.6,2,2,1,有,o,3510000,38319,,0.0,0,,RPOSMLKKJHJFFDK08CB,苗栗县,4,88.83,预售屋买卖
竹南,房地(土地+建物)+位,公x段241~270地,10.79,住,,,1010502,土地1建物1位1,八,15,住宅大(11雍以上有梯),住家用,筋混凝土造,,91.6,2,2,1,有,o,3950000,43495,坡道平面,15.73,650000,,RPPSMLKKJHJFFDK18CB,苗栗县,4,88.83,预售屋买卖
竹南,房地(土地+建物)+位,公x段241~270地,14.22,住,,,1010309,土地1建物1位1,十,15,住宅大(11雍以上有梯),住家用,筋混凝土造,,121.02,3,2,2,有,o,5200000,42468,坡道平面,13.88,650000,,RPQSMLKKJHJFFDK28CB,苗栗县,4,88.83,预售屋买卖
竹南,房地(土地+建物)+位,公x段241~270地,14.22,住,,,1010422,土地1建物1位1,十一,15,住宅大(11雍以上有梯),住家用,筋混凝土造,,121.02,3,2,2,有,o,5600000,46201,坡道平面,13.88,650000,,RPRSMLKKJHJFFDK38CB,苗栗县,4,88.83,预售屋买卖
竹南,房地(土地+建物)+位,公x段241~270地,14.22,住,,,1010527,土地1建物1位1,十二,15,住宅大(11雍以上有梯),住家用,筋混凝土造,,121.02,3,2,2,有,o,5260000,44259,坡道平面,15.73,600000,,RPSSMLKKJHJFFDK48CB,苗栗县,4,88.83,预售屋买卖
竹南,房地(土地+建物)+位,公x段241~270地,14.22,住,,,1020106,土地1建物1位1,十三,15,住宅大(11雍以上有梯),住家用,筋混凝土造,,121.02,3,2,2,有,o,5210000,42834,坡道平面,15.73,700000,,RPTSMLKKJHJFFDK58CB,苗栗县,4,88.83,预售屋买卖
竹南,房地(土地+建物)+位,公x段241~270地,14.22,住,,,1010918,土地1建物1位1,十四,15,住宅大(11雍以上有梯),住家用,筋混凝土造,,121.02,3,2,2,有,o,5070000,41979,坡道平面,15.73,650000,,RPUSMLKKJHJFFDK68CB,苗栗县,4,88.83,预售屋买卖
竹南,房地(土地+建物)+位,公x段241~270地,14.22,住,,,1001204,土地1建物1位1,二,15,住宅大(11雍以上有梯),住家用,筋混凝土造,,120.99,3,2,2,有,o,4500000,36576,坡道平面,15.73,650000,,RPVSMLKKJHJFFDK78CB,苗栗县,4,88.83,预售屋买卖
竹南,房地(土地+建物)+位,公x段241~270地,14.22,住,,,1001015,土地1建物1位1,三,15,住宅大(11雍以上有梯),住家用,筋混凝土造,,120.99,3,2,2,有,o,4700000,38278,坡道平面,13.88,600000,,RPWSMLKKJHJFFDK88CB,苗栗县,4,88.83,预售屋买卖
竹南,房地(土地+建物)+位,公x段241~270地,14.22,住,,,1001008,土地1建物1位1,五,15,住宅大(11雍以上有梯),住家用,筋混凝土造,,120.99,3,2,2,有,o,4860000,39305,坡道平面,13.88,650000,,RPXSMLKKJHJFFDK98CB,苗栗县,4,88.83,预售屋买卖
竹南,房地(土地+建物)+位,公x段241~270地,14.22,住,,,1001201,土地1建物1位1,六,15,住宅大(11雍以上有梯),住家用,筋混凝土造,,120.99,3,2,2,有,o,4900000,40376,坡道平面,15.73,650000,,RPOTMLKKJHJFFDK18CB,苗栗县,4,88.83,预售屋买卖
竹南,房地(土地+建物)+位,公x段241~270地,14.22,住,,,1010527,土地1建物1位1,七,15,住宅大(11雍以上有梯),住家用,筋混凝土造,,120.99,3,2,2,有,o,4980000,40661,坡道平面,15.73,700000,,RPPTMLKKJHJFFDK28CB,苗栗县,4,88.83,预售屋买卖
竹南,房地(土地+建物),公x段241~270地,11.07,住,,,1011223,土地1建物1位0,十一,15,住宅大(11雍以上有梯),住家用,筋混凝土造,,93.95,2,2,1,有,o,3500000,37254,,0.0,0,,RPQTMLKKJHJFFDK38CB,苗栗县,4,88.83,预售屋买卖
竹南,房地(土地+建物)+位,公x段241~270地,11.07,住,,,1011223,土地1建物1位1,十二,15,住宅大(11雍以上有梯),住家用,筋混凝土造,,93.95,2,2,1,有,o,4100000,44746,坡道平面,15.73,600000,,RPRTMLKKJHJFFDK48CB,苗栗县,4,88.83,预售屋买卖
竹南,房地(土地+建物),公x段241~270地,11.07,住,,,1020202,土地1建物1位0,十三,15,住宅大(11雍以上有梯),住家用,筋混凝土造,,93.95,2,2,1,有,o,3600000,38318,,0.0,0,,RPSTMLKKJHJFFDK58CB,苗栗县,4,88.83,预售屋买卖
竹南,房地(土地+建物),公x段241~270地,11.07,住,,,1020401,土地1建物1位0,十四,15,住宅大(11雍以上有梯),住家用,筋混凝土造,,93.95,2,2,1,有,o,3600000,38318,,0.0,0,,RPTTMLKKJHJFFDK68CB,苗栗县,4,88.83,预售屋买卖
竹南,房地(土地+建物),公x段241~270地,11.07,住,,,1020202,土地1建物1位0,十五,15,住宅大(11雍以上有梯),住家用,筋混凝土造,,93.95,2,2,1,有,o,3630000,38638,,0.0,0,,RPUTMLKKJHJFFDK78CB,苗栗县,4,88.83,预售屋买卖
竹南,房地(土地+建物)+位,公x段241~270地,11.07,住,,,1010404,土地1建物1位1,二,15,住宅大(11雍以上有梯),住家用,筋混凝土造,,93.95,2,2,1,有,o,3750000,38993,坡道平面,15.73,700000,,RPVTMLKKJHJFFDK88CB,苗栗县,4,88.83,预售屋买卖
竹南,房地(土地+建物)+位,公x段241~270地,11.07,住,,,1010310,土地1建物1位1,三,15,住宅大(11雍以上有梯),住家用,筋混凝土造,,93.95,2,2,1,有,o,3800000,39341,坡道平面,13.88,650000,,RPWTMLKKJHJFFDK98CB,苗栗县,4,88.83,预售屋买卖
竹南,房地(土地+建物)+位,公x段241~270地,11.07,住,,,1001010,土地1建物1位1,四,15,住宅大(11雍以上有梯),住家用,筋混凝土造,,93.95,2,2,1,有,o,3630000,37842,坡道平面,13.88,600000,,RPXTMLKKJHJFFDK09CB,苗栗县,4,88.83,预售屋买卖
竹南,房地(土地+建物)+位,公x段241~270地,11.07,住,,,1010630,土地1建物1位1,五,15,住宅大(11雍以上有梯),住家用,筋混凝土造,,93.95,2,2,1,有,o,4020000,43084,坡道平面,15.73,650000,,RPOUMLKKJHJFFDK28CB,苗栗县,4,88.83,预售屋买卖
竹南,房地(土地+建物),公x段241~270地,11.07,住,,,1020126,土地1建物1位0,六,15,住宅大(11雍以上有梯),住家用,筋混凝土造,,93.95,2,2,1,有,o,3480000,37041,,0.0,0,,RPPUMLKKJHJFFDK38CB,苗栗县,4,88.83,预售屋买卖
竹南,房地(土地+建物)+位,公x段241~270地,11.07,住,,,1000614,土地1建物1位1,七,15,住宅大(11雍以上有梯),住家用,筋混凝土造,,93.95,2,2,1,有,o,4000000,43467,坡道平面,15.73,600000,,RPQUMLKKJHJFFDK48CB,苗栗县,4,88.83,预售屋买卖
竹南,房地(土地+建物)+位,公x段241~270地,11.07,住,,,1011223,土地1建物1位1,九,15,住宅大(11雍以上有梯),住家用,筋混凝土造,,93.95,2,2,1,有,o,4210000,45513,坡道平面,15.73,650000,,RPRUMLKKJHJFFDK58CB,苗栗县,4,88.83,预售屋买卖
竹南,房地(土地+建物),公x段241~270地,14.08,住,,,1010911,土地1建物1位0,十,15,住宅大(11雍以上有梯),住家用,筋混凝土造,,119.76,3,2,2,有,o,4600000,38410,,0.0,0,,RPSUMLKKJHJFFDK68CB,苗栗县,4,88.83,预售屋买卖
竹南,房地(土地+建物)+位,公x段241~270地,14.08,住,,,1011013,土地1建物1位1,十一,15,住宅大(11雍以上有梯),住家用,筋混凝土造,,119.76,3,2,2,有,o,5320000,44891,坡道平面,15.73,650000,,RPTUMLKKJHJFFDK78CB,苗栗县,4,88.83,预售屋买卖
竹南,房地(土地+建物)+位,公x段241~270地,14.08,住,,,1010408,土地1建物1位1,十二,15,住宅大(11雍以上有梯),住家用,筋混凝土造,,119.76,3,2,2,有,o,5200000,43445,坡道平面,13.88,600000,,RPUUMLKKJHJFFDK88CB,苗栗县,4,88.83,预售屋买卖
竹南,房地(土地+建物)+位,公x段241~270地,14.08,住,,,1011014,土地1建物1位1,十三,15,住宅大(11雍以上有梯),住家用,筋混凝土造,,119.76,3,2,2,有,o,5200000,43737,坡道平面,15.73,650000,,RPVUMLKKJHJFFDK98CB,苗栗县,4,88.83,预售屋买卖
竹南,房地(土地+建物),公x段241~270地,14.08,住,,,1020321,土地1建物1位0,十四,15,住宅大(11雍以上有梯),住家用,筋混凝土造,,119.76,3,2,2,有,o,4710000,39329,,0.0,0,,RPWUMLKKJHJFFDK09CB,苗栗县,4,88.83,预售屋买卖
竹南,房地(土地+建物),公x段241~270地,14.08,住,,,1020128,土地1建物1位0,十五,15,住宅大(11雍以上有梯),住家用,筋混凝土造,,119.76,3,2,2,有,o,5000000,41750,,0.0,0,,RPXUMLKKJHJFFDK56CB,苗栗县,4,88.83,预售屋买卖
竹南,房地(土地+建物),公x段241~270地,14.08,住,,,1020517,土地1建物1位0,二,15,住宅大(11雍以上有梯),住家用,筋混凝土造,,119.76,3,2,2,有,o,4680000,39078,,0.0,0,,RPOVMLKKJHJFFDK38CB,苗栗县,4,88.83,预售屋买卖
竹南,房地(土地+建物)+位,公x段241~270地,14.08,住,,,1010609,土地1建物1位1,三,15,住宅大(11雍以上有梯),住家用,筋混凝土造,,119.76,3,2,2,有,o,4650000,38251,坡道平面,13.88,600000,,RPPVMLKKJHJFFDK48CB,苗栗县,4,88.83,预售屋买卖
竹南,房地(土地+建物)+位,公x段241~270地,14.08,住,,,1010215,土地1建物1位1,四,15,住宅大(11雍以上有梯),住家用,筋混凝土造,,119.76,3,2,2,有,o,4610000,37401,坡道平面,13.88,650000,,RPQVMLKKJHJFFDK58CB,苗栗县,4,88.83,预售屋买卖
竹南,房地(土地+建物)+位,公x段241~270地,14.08,住,,,1010504,土地1建物1位1,五,15,住宅大(11雍以上有梯),住家用,筋混凝土造,,119.76,3,2,2,有,o,4800000,39668,坡道平面,13.88,600000,,RPRVMLKKJHJFFDK68CB,苗栗县,4,88.83,预售屋买卖
竹南,房地(土地+建物)+位,公x段241~270地,14.08,住,,,1010317,土地1建物1位1,六,15,住宅大(11雍以上有梯),住家用,筋混凝土造,,119.76,3,2,2,有,o,5000000,41556,坡道平面,13.88,600000,,RPSVMLKKJHJFFDK78CB,苗栗县,4,88.83,预售屋买卖
竹南,房地(土地+建物)+位,公x段241~270地,14.08,住,,,1000627,土地1建物1位1,七,15,住宅大(11雍以上有梯),住家用,筋混凝土造,,119.76,3,2,2,有,o,5050000,41815,坡道平面,15.73,700000,,RPTVMLKKJHJFFDK88CB,苗栗县,4,88.83,预售屋买卖
竹南,房地(土地+建物)+位,公x段241~270地,14.08,住,,,1010428,土地1建物1位1,八,15,住宅大(11雍以上有梯),住家用,筋混凝土造,,119.76,3,2,2,有,o,5120000,42690,坡道平面,13.88,600000,,RPUVMLKKJHJFFDK98CB,苗栗县,4,88.83,预售屋买卖
竹南,房地(土地+建物)+位,公x段241~270地,14.08,住,,,1010715,土地1建物1位1,九,15,住宅大(11雍以上有梯),住家用,筋混凝土造,,119.76,3,2,2,有,o,5150000,43257,坡道平面,15.73,650000,,RPVVMLKKJHJFFDK09CB,苗栗县,4,88.83,预售屋买卖
竹南,房地(土地+建物)+位,公x段241~270地,14.08,住,,,1010729,土地1建物1位1,十,15,住宅大(11雍以上有梯),住家用,筋混凝土造,,119.76,3,2,2,有,o,5260000,44314,坡道平面,15.73,650000,,RPWVMLKKJHJFFDK56CB,苗栗县,4,88.83,预售屋买卖
竹南,房地(土地+建物)+位,公x段241~270地,14.08,住,,,1010401,土地1建物1位1,十一,15,住宅大(11雍以上有梯),住家用,筋混凝土造,,119.76,3,2,2,有,o,5200000,43257,坡道平面,15.73,700000,,RPXVMLKKJHJFFDK66CB,苗栗县,4,88.83,预售屋买卖
竹南,房地(土地+建物),公x段241~270地,14.08,住,,,1020318,土地1建物1位0,十二,15,住宅大(11雍以上有梯),住家用,筋混凝土造,,119.76,3,2,2,有,o,4750000,39663,,0.0,0,,RPOWMLKKJHJFFDK48CB,苗栗县,4,88.83,预售屋买卖
竹南,房地(土地+建物)+位,公x段241~270地,14.08,住,,,1011126,土地1建物1位1,十三,15,住宅大(11雍以上有梯),住家用,筋混凝土造,,119.76,3,2,2,有,o,5200000,43737,坡道平面,15.73,650000,,RPPWMLKKJHJFFDK58CB,苗栗县,4,88.83,预售屋买卖
竹南,房地(土地+建物)+位,公x段241~270地,14.08,住,,,1020129,土地1建物1位1,十四,15,住宅大(11雍以上有梯),住家用,筋混凝土造,,119.76,3,2,2,有,o,5250000,44218,坡道平面,15.73,650000,,RPQWMLKKJHJFFDK68CB,苗栗县,4,88.83,预售屋买卖
竹南,房地(土地+建物)+位,公x段241~270地,14.08,住,,,1010804,土地1建物1位1,十五,15,住宅大(11雍以上有梯),住家用,筋混凝土造,,119.76,3,2,2,有,o,5410000,45756,坡道平面,15.73,650000,,RPRWMLKKJHJFFDK78CB,苗栗县,4,88.83,预售屋买卖
竹南,房地(土地+建物)+位,公x段241~270地,14.08,住,,,1010707,土地1建物1位1,二,15,住宅大(11雍以上有梯),住家用,筋混凝土造,,119.76,3,2,2,有,o,5020000,42007,坡道平面,15.73,650000,,RPSWMLKKJHJFFDK88CB,苗栗县,4,88.83,预售屋买卖
竹南,房地(土地+建物)+位,公x段241~270地,14.08,住,,,1010625,土地1建物1位1,三,15,住宅大(11雍以上有梯),住家用,筋混凝土造,,119.76,3,2,2,有,o,4670000,38643,坡道平面,15.73,650000,,RPUWMLKKJHJFFDK09CB,苗栗县,4,88.83,预售屋买卖
竹南,房地(土地+建物)+位,公x段241~270地,14.08,住,,,1010407,土地1建物1位1,四,15,住宅大(11雍以上有梯),住家用,筋混凝土造,,119.76,3,2,2,有,o,4630000,38062,坡道平面,13.88,600000,,RPVWMLKKJHJFFDK56CB,苗栗县,4,88.83,预售屋买卖
竹南,房地(土地+建物)+位,公x段241~270地,14.08,住,,,1010617,土地1建物1位1,五,15,住宅大(11雍以上有梯),住家用,筋混凝土造,,119.76,3,2,2,有,o,5150000,43257,坡道平面,15.73,650000,,RPWWMLKKJHJFFDK66CB,苗栗县,4,88.83,预售屋买卖
竹南,房地(土地+建物)+位,公x段241~270地,14.08,住,,,1001008,土地1建物1位1,六,15,住宅大(11雍以上有梯),住家用,筋混凝土造,,119.76,3,2,2,有,o,4860000,39762,坡道平面,13.88,650000,,RPXWMLKKJHJFFDK76CB,苗栗县,4,88.83,预售屋买卖
竹南,房地(土地+建物)+位,公x段241~270地,14.08,住,,,1010415,土地1建物1位1,七,15,住宅大(11雍以上有梯),住家用,筋混凝土造,,119.76,3,2,2,有,o,5200000,43257,坡道平面,15.73,700000,,RPONNLKKJHJFFDK67CB,苗栗县,4,88.83,预售屋买卖
竹南,房地(土地+建物)+位,公x段241~270地,14.08,住,,,1010401,土地1建物1位1,八,15,住宅大(11雍以上有梯),住家用,筋混凝土造,,119.76,3,2,2,有,o,5000000,41815,坡道平面,15.73,650000,,RPPNNLKKJHJFFDK77CB,苗栗县,4,88.83,预售屋买卖
竹南,房地(土地+建物)+位,公x段241~270地,14.08,住,,,1010626,土地1建物1位1,九,15,住宅大(11雍以上有梯),住家用,筋混凝土造,,119.76,3,2,2,有,o,4960000,41430,坡道平面,15.73,650000,,RPQNNLKKJHJFFDK87CB,苗栗县,4,88.83,预售屋买卖
竹南,房地(土地+建物)+位,公x段241~270地,11.07,住,,,1010923,土地1建物1位1,十,15,住宅大(11雍以上有梯),住家用,筋混凝土造,,93.95,2,2,1,有,o,4260000,45513,坡道平面,15.73,700000,,RPRNNLKKJHJFFDK97CB,苗栗县,4,88.83,预售屋买卖
竹南,房地(土地+建物)+位,公x段241~270地,11.07,住,,,1011030,土地1建物1位1,十一,15,住宅大(11雍以上有梯),住家用,筋混凝土造,,93.95,2,2,1,有,o,4350000,46663,坡道平面,15.73,700000,,RPSNNLKKJHJFFDK08CB,苗栗县,4,88.83,预售屋买卖
竹南,房地(土地+建物)+位,公x段241~270地,11.07,住,,,1011117,土地1建物1位1,十二,15,住宅大(11雍以上有梯),住家用,筋混凝土造,,93.95,2,2,1,有,o,4260000,45513,坡道平面,15.73,700000,,RPTNNLKKJHJFFDK18CB,苗栗县,4,88.83,预售屋买卖
竹南,房地(土地+建物)+位,公x段241~270地,11.07,住,,,1011209,土地1建物1位1,十三,15,住宅大(11雍以上有梯),住家用,筋混凝土造,,93.95,2,2,1,有,o,4100000,43712,坡道平面,13.88,600000,,RPUNNLKKJHJFFDK28CB,苗栗县,4,88.83,预售屋买卖
竹南,房地(土地+建物),公x段241~270地,11.07,住,,,1011215,土地1建物1位0,十四,15,住宅大(11雍以上有梯),住家用,筋混凝土造,,93.95,2,2,1,有,o,3650000,38850,,0.0,0,,RPVNNLKKJHJFFDK38CB,苗栗县,4,88.83,预售屋买卖
竹南,房地(土地+建物),公x段241~270地,11.07,住,,,1020127,土地1建物1位0,十五,15,住宅大(11雍以上有梯),住家用,筋混凝土造,,93.95,2,2,1,有,o,3600000,38318,,0.0,0,,RPWNNLKKJHJFFDK48CB,苗栗县,4,88.83,预售屋买卖
竹南,房地(土地+建物)+位,公x段241~270地,11.07,住,,,1011110,土地1建物1位1,二,15,住宅大(11雍以上有梯),住家用,筋混凝土造,,93.95,2,2,1,有,o,4330000,45768,坡道平面,15.73,750000,,RPXNNLKKJHJFFDK58CB,苗栗县,4,88.83,预售屋买卖
竹南,房地(土地+建物)+位,公x段241~270地,11.07,住,,,1001120,土地1建物1位1,三,15,住宅大(11雍以上有梯),住家用,筋混凝土造,,93.95,2,2,1,有,o,3900000,41549,坡道平面,15.73,650000,,RPOONLKKJHJFFDK77CB,苗栗县,4,88.83,预售屋买卖
竹南,房地(土地+建物)+位,公x段241~270地,11.07,住,,,1000828,土地1建物1位1,四,15,住宅大(11雍以上有梯),住家用,筋混凝土造,,93.95,2,2,1,有,o,3750000,38993,坡道平面,15.73,700000,,RPPONLKKJHJFFDK87CB,苗栗县,4,88.83,预售屋买卖
竹南,房地(土地+建物)+位,公x段241~270地,11.07,住,,,1010307,土地1建物1位1,五,15,住宅大(11雍以上有梯),住家用,筋混凝土造,,93.95,2,2,1,有,o,3890000,40465,坡道平面,13.88,650000,,RPQONLKKJHJFFDK97CB,苗栗县,4,88.83,预售屋买卖
竹南,房地(土地+建物),公x段241~270地,11.07,住,,,1010603,土地1建物1位0,六,15,住宅大(11雍以上有梯),住家用,筋混凝土造,,93.95,2,2,1,有,o,3460000,36828,,0.0,0,,RPRONLKKJHJFFDK08CB,苗栗县,4,88.83,预售屋买卖
竹南,房地(土地+建物)+位,公x段241~270地,11.07,住,,,1011027,土地1建物1位1,八,15,住宅大(11雍以上有梯),住家用,筋混凝土造,,93.95,2,2,1,有,o,4250000,45385,坡道平面,15.73,700000,,RPSONLKKJHJFFDK18CB,苗栗县,4,88.83,预售屋买卖
竹南,房地(土地+建物)+位,公x段241~270地,11.07,住,,,1010807,土地1建物1位1,九,15,住宅大(11雍以上有梯),住家用,筋混凝土造,,93.95,2,2,1,有,o,4390000,47814,坡道平面,15.73,650000,,RPTONLKKJHJFFDK28CB,苗栗县,4,88.83,预售屋买卖
竹南,房地(土地+建物)+位,公x段241~270地,14.29,住,,,1000917,土地1建物1位1,十,15,住宅大(11雍以上有梯),住家用,筋混凝土造,,121.55,3,2,2,有,o,5100000,41580,坡道平面,15.73,700000,,RPWONLKKJHJFFDK58CB,苗栗县,4,88.83,预售屋买卖
竹南,房地(土地+建物)+位,公x段241~270地,14.29,住,,,1001002,土地1建物1位1,十一,15,住宅大(11雍以上有梯),住家用,筋混凝土造,,121.55,3,2,2,有,o,5180000,42537,坡道平面,13.88,600000,,RPXONLKKJHJFFDK68CB,苗栗县,4,88.83,预售屋买卖
竹南,房地(土地+建物)+位,公x段241~270地,14.29,住,,,1010312,土地1建物1位1,十二,15,住宅大(11雍以上有梯),住家用,筋混凝土造,,121.55,3,2,2,有,o,5290000,43848,坡道平面,15.73,650000,,RPOPNLKKJHJFFDK87CB,苗栗县,4,88.83,预售屋买卖
竹南,房地(土地+建物)+位,公x段241~270地,14.29,住,,,1001017,土地1建物1位1,十三,15,住宅大(11雍以上有梯),住家用,筋混凝土造,,121.55,3,2,2,有,o,5250000,43188,坡道平面,13.88,600000,,RPPPNLKKJHJFFDK97CB,苗栗县,4,88.83,预售屋买卖
竹南,房地(土地+建物)+位,公x段241~270地,14.29,住,,,1010312,土地1建物1位1,十四,15,住宅大(11雍以上有梯),住家用,筋混凝土造,,121.55,3,2,2,有,o,5430000,45171,坡道平面,15.73,650000,,RPQPNLKKJHJFFDK08CB,苗栗县,4,88.83,预售屋买卖
竹南,房地(土地+建物)+位,公x段241~270地,14.29,住,,,1010630,土地1建物1位1,十五,15,住宅大(11雍以上有梯),住家用,筋混凝土造,,121.55,3,2,2,有,o,5580000,46589,坡道平面,15.73,650000,,RPRPNLKKJHJFFDK18CB,苗栗县,4,88.83,预售屋买卖
竹南,房地(土地+建物)+位,公x段241~270地,14.29,住,,,1001225,土地1建物1位1,二,15,住宅大(11雍以上有梯),住家用,筋混凝土造,,121.55,3,2,2,有,o,4500000,36383,坡道平面,15.73,650000,,RPSPNLKKJHJFFDK28CB,苗栗县,4,88.83,预售屋买卖
竹南,房地(土地+建物)+位,公x段241~270地,14.29,住,,,1010205,土地1建物1位1,三,15,住宅大(11雍以上有梯),住家用,筋混凝土造,,121.55,3,2,2,有,o,4800000,39008,坡道平面,13.88,600000,,RPTPNLKKJHJFFDK38CB,苗栗县,4,88.83,预售屋买卖
竹南,房地(土地+建物)+位,公x段241~270地,14.29,住,,,1000926,土地1建物1位1,四,15,住宅大(11雍以上有梯),住家用,筋混凝土造,,121.55,3,2,2,有,o,4550000,36383,坡道平面,15.73,700000,,RPUPNLKKJHJFFDK48CB,苗栗县,4,88.83,预售屋买卖
竹南,房地(土地+建物)+位,公x段241~270地,14.29,住,,,1000831,土地1建物1位1,五,15,住宅大(11雍以上有梯),住家用,筋混凝土造,,121.55,3,2,2,有,o,4750000,38273,坡道平面,15.73,700000,,RPVPNLKKJHJFFDK58CB,苗栗县,4,88.83,预售屋买卖
竹南,房地(土地+建物)+位,公x段241~270地,14.29,住,,,1000619,土地1建物1位1,六,15,住宅大(11雍以上有梯),住家用,筋混凝土造,,121.55,3,2,2,有,o,4960000,40257,坡道平面,15.73,700000,,RPWPNLKKJHJFFDK68CB,苗栗县,4,88.83,预售屋买卖
竹南,房地(土地+建物)+位,公x段241~270地,14.29,住,,,1000626,土地1建物1位1,七,15,住宅大(11雍以上有梯),住家用,筋混凝土造,,121.55,3,2,2,有,o,5120000,42242,坡道平面,15.73,650000,,RPXPNLKKJHJFFDK78CB,苗栗县,4,88.83,预售屋买卖
竹南,房地(土地+建物)+位,公x段241~270地,14.29,住,,,1000611,土地1建物1位1,八,15,住宅大(11雍以上有梯),住家用,筋混凝土造,,121.55,3,2,2,有,o,5050000,42431,坡道平面,15.73,560000,,RPOQNLKKJHJFFDK97CB,苗栗县,4,88.83,预售屋买卖
竹南,房地(土地+建物)+位,公x段241~270地,14.29,住,,,1000624,土地1建物1位1,九,15,住宅大(11雍以上有梯),住家用,筋混凝土造,,121.55,3,2,2,有,o,5100000,41580,坡道平面,15.73,700000,,RPPQNLKKJHJFFDK08CB,苗栗县,4,88.83,预售屋买卖
竹南,房地(土地+建物)+位,公x段241~270地,18.66,住,,,1001120,土地1建物1位1,十,15,住宅大(11雍以上有梯),住家用,筋混凝土造,,158.54,4,2,2,有,o,6500000,40964,坡道平面,15.73,650000,,RPQQNLKKJHJFFDK18CB,苗栗县,4,88.83,预售屋买卖
竹南,房地(土地+建物)+位,公x段241~270地,18.66,住,,,1010331,土地1建物1位1,十一,15,住宅大(11雍以上有梯),住家用,筋混凝土造,,158.54,4,2,2,有,o,6550000,41314,坡道平面,15.73,650000,,RPRQNLKKJHJFFDK28CB,苗栗县,4,88.83,预售屋买卖
竹南,房地(土地+建物)+位,公x段241~270地,18.66,住,,,1001022,土地1建物1位2,十三,15,住宅大(11雍以上有梯),住家用,筋混凝土造,,158.54,4,2,2,有,o,7430000,47450,坡道平面,31.46,1400000,,RPSQNLKKJHJFFDK38CB,苗栗县,4,88.83,预售屋买卖
竹南,房地(土地+建物)+位,公x段241~270地,18.66,住,,,1010603,土地1建物1位1,十四,15,住宅大(11雍以上有梯),住家用,筋混凝土造,,158.54,4,2,2,有,o,6900000,43764,坡道平面,15.73,650000,,RPTQNLKKJHJFFDK48CB,苗栗县,4,88.83,预售屋买卖
竹南,房地(土地+建物)+位,公x段241~270地,18.66,住,,,1000721,土地1建物1位1,二,15,住宅大(11雍以上有梯),住家用,筋混凝土造,,158.54,4,2,2,有,o,6000000,37112,坡道平面,15.73,700000,,RPUQNLKKJHJFFDK58CB,苗栗县,4,88.83,预售屋买卖
竹南,房地(土地+建物)+位,公x段241~270地,18.66,住,,,1000629,土地1建物1位1,三,15,住宅大(11雍以上有梯),住家用,筋混凝土造,,158.54,4,2,2,有,o,6080000,37672,坡道平面,15.73,700000,,RPVQNLKKJHJFFDK68CB,苗栗县,4,88.83,预售屋买卖
竹南,房地(土地+建物)+位,公x段241~270地,18.66,住,,,1000820,土地1建物1位1,七,15,住宅大(11雍以上有梯),住家用,筋混凝土造,,158.54,4,2,2,有,o,6180000,38373,坡道平面,15.73,700000,,RPWQNLKKJHJFFDK78CB,苗栗县,4,88.83,预售屋买卖
竹南,房地(土地+建物)+位,公x段241~270地,18.66,住,,,1000717,土地1建物1位1,九,15,住宅大(11雍以上有梯),住家用,筋混凝土造,,158.54,4,2,2,有,o,6500000,40613,坡道平面,15.73,700000,,RPXQNLKKJHJFFDK88CB,苗栗县,4,88.83,预售屋买卖
竹南,房地(土地+建物)+位,公x段241~270地,13.88,住,,,1000612,土地1建物1位1,十,15,住宅大(11雍以上有梯),住家用,筋混凝土造,,117.81,3,2,2,有,o,4880000,41928,坡道平面,15.73,600000,,RPORNLKKJHJFFDK08CB,苗栗县,4,88.83,预售屋买卖
竹南,房地(土地+建物)+位,公x段241~270地,13.88,住,,,1011007,土地1建物1位1,十二,15,住宅大(11雍以上有梯),住家用,筋混凝土造,,117.81,3,2,2,有,o,5260000,44671,坡道平面,15.73,700000,,RPPRNLKKJHJFFDK18CB,苗栗县,4,88.83,预售屋买卖
竹南,房地(土地+建物)+位,公x段241~270地,13.88,住,,,1001022,土地1建物1位1,十三,15,住宅大(11雍以上有梯),住家用,筋混凝土造,,117.81,3,2,2,有,o,5170000,43789,坡道平面,15.73,700000,,RPQRNLKKJHJFFDK28CB,苗栗县,4,88.83,预售屋买卖
竹南,房地(土地+建物)+位,公x段241~270地,13.88,住,,,1010306,土地1建物1位1,十四,15,住宅大(11雍以上有梯),住家用,筋混凝土造,,117.81,3,2,2,有,o,5380000,45846,坡道平面,15.73,700000,,RPRRNLKKJHJFFDK38CB,苗栗县,4,88.83,预售屋买卖
竹南,房地(土地+建物)+位,公x段241~270地,13.88,住,,,1010325,土地1建物1位1,十五,15,住宅大(11雍以上有梯),住家用,筋混凝土造,,117.81,3,2,2,有,o,5250000,44261,坡道平面,13.88,650000,,RPSRNLKKJHJFFDK48CB,苗栗县,4,88.83,预售屋买卖
竹南,房地(土地+建物)+位,公x段241~270地,13.88,住,,,1001015,土地1建物1位1,二,15,住宅大(11雍以上有梯),住家用,筋混凝土造,,117.81,3,2,2,有,o,4460000,36659,坡道平面,13.88,650000,,RPTRNLKKJHJFFDK58CB,苗栗县,4,88.83,预售屋买卖
竹南,房地(土地+建物),公x段241~270地,13.88,住,,,1000924,土地1建物1位0,三,15,住宅大(11雍以上有梯),住家用,筋混凝土造,,117.81,3,2,2,有,o,4000000,33953,,0.0,0,,RPURNLKKJHJFFDK68CB,苗栗县,4,88.83,预售屋买卖
竹南,房地(土地+建物)+位,公x段241~270地,13.88,住,,,1000905,土地1建物1位1,四,15,住宅大(11雍以上有梯),住家用,筋混凝土造,,117.81,3,2,2,有,o,4400000,36246,坡道平面,15.73,700000,,RPVRNLKKJHJFFDK78CB,苗栗县,4,88.83,预售屋买卖
竹南,房地(土地+建物)+位,公x段241~270地,13.88,住,,,1000828,土地1建物1位1,五,15,住宅大(11雍以上有梯),住家用,筋混凝土造,,117.81,3,2,2,有,o,4600000,38205,坡道平面,15.73,700000,,RPWRNLKKJHJFFDK88CB,苗栗县,4,88.83,预售屋买卖
竹南,房地(土地+建物)+位,公x段241~270地,13.88,住,,,1000624,土地1建物1位1,六,15,住宅大(11雍以上有梯),住家用,筋混凝土造,,117.81,3,2,2,有,o,4930000,41438,坡道平面,15.73,700000,,RPXRNLKKJHJFFDK98CB,苗栗县,4,88.83,预售屋买卖
竹南,房地(土地+建物)+位,公x段241~270地,13.88,住,,,1000820,土地1建物1位1,七,15,住宅大(11雍以上有梯),住家用,筋混凝土造,,117.81,3,2,2,有,o,4780000,39969,坡道平面,15.73,700000,,RPOSNLKKJHJFFDK18CB,苗栗县,4,88.83,预售屋买卖
竹南,房地(土地+建物)+位,公x段241~270地,13.88,住,,,1000609,土地1建物1位1,八,15,住宅大(11雍以上有梯),住家用,筋混凝土造,,117.81,3,2,2,有,o,4850000,41634,坡道平面,15.73,600000,,RPPSNLKKJHJFFDK28CB,苗栗县,4,88.83,预售屋买卖
竹南,房地(土地+建物)+位,公x段241~270地,13.88,住,,,1000724,土地1建物1位1,九,15,住宅大(11雍以上有梯),住家用,筋混凝土造,,117.81,3,2,2,有,o,4960000,41732,坡道平面,15.73,700000,,RPQSNLKKJHJFFDK38CB,苗栗县,4,88.83,预售屋买卖
竹南,房地(土地+建物)+位,公x段241~270地,13.88,住,,,1000829,土地1建物1位1,十,15,住宅大(11雍以上有梯),住家用,筋混凝土造,,117.81,3,2,2,有,o,5000000,42124,坡道平面,15.73,700000,,RPRSNLKKJHJFFDK48CB,苗栗县,4,88.83,预售屋买卖
竹南,房地(土地+建物)+位,公x段241~270地,13.88,住,,,1001206,土地1建物1位1,十一,15,住宅大(11雍以上有梯),住家用,筋混凝土造,,117.81,3,2,2,有,o,5250000,45063,坡道平面,15.73,650000,,RPSSNLKKJHJFFDK58CB,苗栗县,4,88.83,预售屋买卖
竹南,房地(土地+建物)+位,公x段241~270地,13.88,住,,,1010229,土地1建物1位1,十二,15,住宅大(11雍以上有梯),住家用,筋混凝土造,,117.81,3,2,2,有,o,5100000,43593,坡道平面,15.73,650000,,RPTSNLKKJHJFFDK68CB,苗栗县,4,88.83,预售屋买卖
竹南,房地(土地+建物)+位,公x段241~270地,13.88,住,,,1010414,土地1建物1位1,十三,15,住宅大(11雍以上有梯),住家用,筋混凝土造,,117.81,3,2,2,有,o,5200000,44261,坡道平面,13.88,600000,,RPUSNLKKJHJFFDK78CB,苗栗县,4,88.83,预售屋买卖
竹南,房地(土地+建物)+位,公x段241~270地,13.88,住,,,1010502,土地1建物1位1,十四,15,住宅大(11雍以上有梯),住家用,筋混凝土造,,117.81,3,2,2,有,o,5150000,43779,坡道平面,13.88,600000,,RPVSNLKKJHJFFDK88CB,苗栗县,4,88.83,预售屋买卖
竹南,房地(土地+建物)+位,公x段241~270地,13.88,住,,,1010729,土地1建物1位1,十五,15,住宅大(11雍以上有梯),住家用,筋混凝土造,,117.81,3,2,2,有,o,5380000,46336,坡道平面,15.73,650000,,RPWSNLKKJHJFFDK98CB,苗栗县,4,88.83,预售屋买卖
竹南,房地(土地+建物)+位,公x段241~270地,13.88,住,,,1001113,土地1建物1位1,二,15,住宅大(11雍以上有梯),住家用,筋混凝土造,,117.81,3,2,2,有,o,4500000,37716,坡道平面,15.73,650000,,RPXSNLKKJHJFFDK09CB,苗栗县,4,88.83,预售屋买卖
竹南,房地(土地+建物)+位,公x段241~270地,13.88,住,,,1001001,土地1建物1位1,三,15,住宅大(11雍以上有梯),住家用,筋混凝土造,,117.81,3,2,2,有,o,4600000,38487,坡道平面,13.88,600000,,RPOTNLKKJHJFFDK28CB,苗栗县,4,88.83,预售屋买卖
竹南,房地(土地+建物),公x段241~270地,13.88,住,,,1000830,土地1建物1位0,四,15,住宅大(11雍以上有梯),住家用,筋混凝土造,,117.81,3,2,2,有,o,3900000,33104,,0.0,0,,RPPTNLKKJHJFFDK38CB,苗栗县,4,88.83,预售屋买卖
竹南,房地(土地+建物),公x段241~270地,13.88,住,,,1000623,土地1建物1位0,六,15,住宅大(11雍以上有梯),住家用,筋混凝土造,,117.81,3,2,2,有,o,4200000,35651,,0.0,0,,RPRTNLKKJHJFFDK58CB,苗栗县,4,88.83,预售屋买卖
竹南,房地(土地+建物)+位,公x段241~270地,13.88,住,,,1000627,土地1建物1位1,七,15,住宅大(11雍以上有梯),住家用,筋混凝土造,,117.81,3,2,2,有,o,4980000,41928,坡道平面,15.73,700000,,RPSTNLKKJHJFFDK68CB,苗栗县,4,88.83,预售屋买卖
竹南,房地(土地+建物)+位,公x段241~270地,13.88,住,,,1010722,土地1建物1位1,九,15,住宅大(11雍以上有梯),住家用,筋混凝土造,,117.81,3,2,2,有,o,5280000,45357,坡道平面,15.73,650000,,RPTTNLKKJHJFFDK78CB,苗栗县,4,88.83,预售屋买卖
竹南,房地(土地+建物)+位,公x段241~270地,18.66,住,,,1010709,土地1建物1位1,十,15,住宅大(11雍以上有梯),住家用,筋混凝土造,,158.54,4,2,2,有,o,6770000,42854,坡道平面,15.73,650000,,RPUTNLKKJHJFFDK88CB,苗栗县,4,88.83,预售屋买卖
竹南,房地(土地+建物),公x段241~270地,18.66,住,,,1010710,土地1建物1位0,十一,15,住宅大(11雍以上有梯),住家用,筋混凝土造,,158.54,4,2,2,有,o,6150000,38791,,0.0,0,,RPVTNLKKJHJFFDK98CB,苗栗县,4,88.83,预售屋买卖
竹南,房地(土地+建物)+位,公x段241~270地,18.66,住,,,1010629,土地1建物1位1,十二,15,住宅大(11雍以上有梯),住家用,筋混凝土造,,158.54,4,2,2,有,o,6650000,42014,坡道平面,15.73,650000,,RPWTNLKKJHJFFDK09CB,苗栗县,4,88.83,预售屋买卖
竹南,房地(土地+建物)+位,公x段241~270地,18.66,住,,,1010929,土地1建物1位1,十三,15,住宅大(11雍以上有梯),住家用,筋混凝土造,,158.54,4,2,2,有,o,6650000,42014,坡道平面,15.73,650000,,RPXTNLKKJHJFFDK56CB,苗栗县,4,88.83,预售屋买卖
竹南,房地(土地+建物)+位,公x段241~270地,18.66,住,,,1010919,土地1建物1位1,十四,15,住宅大(11雍以上有梯),住家用,筋混凝土造,,158.54,4,2,2,有,o,6500000,40964,坡道平面,15.73,650000,,RPOUNLKKJHJFFDK38CB,苗栗县,4,88.83,预售屋买卖
竹南,房地(土地+建物)+位,公x段241~270地,18.66,住,,,1020112,土地1建物1位1,十五,15,住宅大(11雍以上有梯),住家用,筋混凝土造,,158.54,4,2,2,有,o,7400000,46215,坡道平面,15.73,800000,,RPPUNLKKJHJFFDK48CB,苗栗县,4,88.83,预售屋买卖
竹南,房地(土地+建物)+位,公x段241~270地,18.66,住,,,1020202,土地1建物1位1,三,15,住宅大(11雍以上有梯),住家用,筋混凝土造,,158.54,4,2,2,有,o,6700000,42014,坡道平面,15.73,700000,,RPQUNLKKJHJFFDK58CB,苗栗县,4,88.83,预售屋买卖
竹南,房地(土地+建物)+位,公x段241~270地,18.66,住,,,1000710,土地1建物1位1,四,15,住宅大(11雍以上有梯),住家用,筋混凝土造,,158.54,4,2,2,有,o,5950000,37112,坡道平面,15.73,650000,,RPRUNLKKJHJFFDK68CB,苗栗县,4,88.83,预售屋买卖
竹南,房地(土地+建物)+位,公x段241~270地,18.66,住,,,1001210,土地1建物1位1,六,15,住宅大(11雍以上有梯),住家用,筋混凝土造,,158.54,4,2,2,有,o,6350000,39563,坡道平面,15.73,700000,,RPSUNLKKJHJFFDK78CB,苗栗县,4,88.83,预售屋买卖
竹南,房地(土地+建物)+位,公x段241~270地,18.66,住,,,1010429,土地1建物1位1,七,15,住宅大(11雍以上有梯),住家用,筋混凝土造,,158.54,4,2,2,有,o,6380000,39773,坡道平面,15.73,700000,,RPTUNLKKJHJFFDK88CB,苗栗县,4,88.83,预售屋买卖
竹南,房地(土地+建物)+位,公x段241~270地,18.66,住,,,1000725,土地1建物1位1,八,15,住宅大(11雍以上有梯),住家用,筋混凝土造,,158.54,4,2,2,有,o,6700000,42364,坡道平面,15.73,650000,,RPUUNLKKJHJFFDK98CB,苗栗县,4,88.83,预售屋买卖
竹南,房地(土地+建物)+位,公x段241~270地,18.66,住,,,1010404,土地1建物1位1,九,15,住宅大(11雍以上有梯),住家用,筋混凝土造,,158.54,4,2,2,有,o,6480000,40823,坡道平面,15.73,650000,,RPVUNLKKJHJFFDK09CB,苗栗县,4,88.83,预售屋买卖
竹南,房地(土地+建物),公x段241~270地,5.52,住,,,1000815,土地1建物1位0,四,15,住宅大(11雍以上有梯),住家用,筋混凝土造,,47.18,1,0,1,有,o,1260000,26706,,0.0,0,,RPWUNLKKJHJFFDK56CB,苗栗县,4,88.83,预售屋买卖
竹南,房地(土地+建物),公x段241~270地,4.3,住,,,1000815,土地1建物1位0,四,15,住宅大(11雍以上有梯),住家用,筋混凝土造,,36.97,1,0,1,有,o,1220000,33000,,0.0,0,,RPXUNLKKJHJFFDK66CB,苗栗县,4,88.83,预售屋买卖
竹南,房地(土地+建物),公x段241~270地,4.02,住,,,1000815,土地1建物1位0,四,15,住宅大(11雍以上有梯),住家用,筋混凝土造,,33.99,1,0,1,有,o,1130000,33245,,0.0,0,,RPOVNLKKJHJFFDK48CB,苗栗县,4,88.83,预售屋买卖
竹南,房地(土地+建物),公x段241~270地,3.85,住,,,1000815,土地1建物1位0,四,15,住宅大(11雍以上有梯),住家用,筋混凝土造,,33.05,1,0,1,有,o,1100000,33283,,0.0,0,,RPPVNLKKJHJFFDK58CB,苗栗县,4,88.83,预售屋买卖
竹南,房地(土地+建物),公x段241~270地,4.58,住,,,1000815,土地1建物1位0,四,15,住宅大(11雍以上有梯),住家用,筋混凝土造,,40.05,1,0,1,有,o,1300000,32459,,0.0,0,,RPQVNLKKJHJFFDK68CB,苗栗县,4,88.83,预售屋买卖
竹南,房地(土地+建物),公x段241~270地,5.41,住,,,1000815,土地1建物1位0,四,15,住宅大(11雍以上有梯),住家用,筋混凝土造,,45.44,1,0,1,有,o,1240000,27289,,0.0,0,,RPRVNLKKJHJFFDK78CB,苗栗县,4,88.83,预售屋买卖
竹南,房地(土地+建物)+位,公x段241~270地,4.3,住,,,1000815,土地1建物1位1,四,15,住宅大(11雍以上有梯),住家用,筋混凝土造,,38.05,1,0,1,有,o,1850000,54659,坡道平面,15.73,630000,,RPSVNLKKJHJFFDK88CB,苗栗县,4,88.83,预售屋买卖
竹南,房地(土地+建物),公x段241~270地,4.02,住,,,1000815,土地1建物1位0,四,15,住宅大(11雍以上有梯),住家用,筋混凝土造,,33.99,1,0,1,有,o,1130000,33245,,0.0,0,,RPTVNLKKJHJFFDK98CB,苗栗县,4,88.83,预售屋买卖
竹南,房地(土地+建物),公x段241~270地,3.89,住,,,1000815,土地1建物1位0,四,15,住宅大(11雍以上有梯),住家用,筋混凝土造,,33.05,1,0,1,有,o,1100000,33283,,0.0,0,,RPUVNLKKJHJFFDK09CB,苗栗县,4,88.83,预售屋买卖
竹南,房地(土地+建物),公x段241~270地,4.58,住,,,1000815,土地1建物1位0,四,15,住宅大(11雍以上有梯),住家用,筋混凝土造,,39.71,1,0,1,有,o,1300000,32737,,0.0,0,,RPVVNLKKJHJFFDK56CB,苗栗县,4,88.83,预售屋买卖
竹南,房地(土地+建物)+位,公x段241~270地,13.88,住,,,1000604,土地1建物1位1,五,15,住宅大(11雍以上有梯),住家用,筋混凝土造,,117.81,3,2,2,有,o,4800000,41144,坡道平面,15.73,600000,,RPWVNLKKJHJFFDK66CB,苗栗县,4,88.83,预售屋买卖
竹南,房地(土地+建物)+位,山佳段301~330地,15.02,商,,,1030808,土地1建物1位1,六,15,住宅大(11雍以上有梯),住家用,筋混凝土造,,119.47,4,0,4,有,o,6350000,60831,坡道平面,26.59,700000,,RPVNMLNJLHKFFDK78CB,苗栗县,4,88.83,预售屋买卖
竹南,房地(土地+建物)+位,山佳段301~330地,15.02,商,,,1030507,土地1建物1位1,八,15,住宅大(11雍以上有梯),住家用,筋混凝土造,,119.47,4,0,4,有,o,6550000,62984,坡道平面,26.59,700000,,RPWNMLNJLHKFFDK88CB,苗栗县,4,88.83,预售屋买卖
竹南,房地(土地+建物),山佳段301~330地,15.02,商,,,1030223,土地1建物1位0,十,15,住宅大(11雍以上有梯),住家用,筋混凝土造,,119.47,4,0,4,有,o,5800000,48548,,0.0,0,,RPXNMLNJLHKFFDK98CB,苗栗县,4,88.83,预售屋买卖
竹南,房地(土地+建物)+位,山佳段301~330地,15.02,商,,,1021220,土地1建物1位1,三,15,住宅大(11雍以上有梯),住家用,筋混凝土造,,119.47,4,0,4,有,o,6400000,61370,坡道平面,26.59,700000,,RPOOMLNJLHKFFDK18CB,苗栗县,4,88.83,预售屋买卖
竹南,房地(土地+建物)+位,山佳段301~330地,15.02,商,,,1031108,土地1建物1位1,四,15,住宅大(11雍以上有梯),住家用,筋混凝土造,,119.47,4,0,4,有,o,6430000,61693,坡道平面,26.59,700000,,RPPOMLNJLHKFFDK28CB,苗栗县,4,88.83,预售屋买卖
竹南,房地(土地+建物),山佳段301~330地,15.02,商,,,1021228,土地1建物1位0,五,15,住宅大(11雍以上有梯),住家用,筋混凝土造,,119.47,4,0,4,有,o,5400000,45200,,0.0,0,,RPQOMLNJLHKFFDK38CB,苗栗县,4,88.83,预售屋买卖
竹南,房地(土地+建物)+位,山佳段301~330地,15.02,商,,,1030808,土地1建物1位1,六,15,住宅大(11雍以上有梯),住家用,筋混凝土造,,119.47,4,0,4,有,o,6150000,58678,坡道平面,26.59,700000,,RPROMLNJLHKFFDK48CB,苗栗县,4,88.83,预售屋买卖
竹南,房地(土地+建物),山佳段301~330地,15.02,商,,,1030906,土地1建物1位0,七,15,住宅大(11雍以上有梯),住家用,筋混凝土造,,119.47,4,0,4,有,o,5800000,48548,,0.0,0,,RPSOMLNJLHKFFDK58CB,苗栗县,4,88.83,预售屋买卖
竹南,房地(土地+建物),山佳段301~330地,11.54,商,,,1030907,土地1建物1位0,十,15,住宅大(11雍以上有梯),住家用,筋混凝土造,,92.7,3,0,3,有,o,4600000,49622,,0.0,0,,RPTOMLNJLHKFFDK68CB,苗栗县,4,88.83,预售屋买卖
竹南,房地(土地+建物),山佳段301~330地,11.54,商,,,1030809,土地1建物1位0,十二,15,住宅大(11雍以上有梯),住家用,筋混凝土造,,92.7,3,0,3,有,o,4500000,48544,,0.0,0,,RPUOMLNJLHKFFDK78CB,苗栗县,4,88.83,预售屋买卖
竹南,房地(土地+建物)+位,山佳段301~330地,11.54,商,,,1030513,土地1建物1位1,十三,15,住宅大(11雍以上有梯),住家用,筋混凝土造,,92.7,3,0,3,有,o,5400000,71094,坡道平面,26.59,700000,,RPVOMLNJLHKFFDK88CB,苗栗县,4,88.83,预售屋买卖
竹南,房地(土地+建物),山佳段301~330地,11.54,商,,,1030403,土地1建物1位0,二,15,住宅大(11雍以上有梯),住家用,筋混凝土造,,92.7,3,0,3,有,o,4320000,46602,,0.0,0,,RPWOMLNJLHKFFDK98CB,苗栗县,4,88.83,预售屋买卖
竹南,房地(土地+建物),山佳段301~330地,11.54,商,,,1030415,土地1建物1位0,三,15,住宅大(11雍以上有梯),住家用,筋混凝土造,,92.7,3,0,3,有,o,4320000,46602,,0.0,0,,RPXOMLNJLHKFFDK09CB,苗栗县,4,88.83,预售屋买卖
竹南,房地(土地+建物),山佳段301~330地,11.54,商,,,1021221,土地1建物1位0,四,15,住宅大(11雍以上有梯),住家用,筋混凝土造,,92.7,3,0,3,有,o,4320000,46602,,0.0,0,,RPOPMLNJLHKFFDK28CB,苗栗县,4,88.83,预售屋买卖
竹南,房地(土地+建物),山佳段301~330地,11.54,商,,,1030318,土地1建物1位0,五,15,住宅大(11雍以上有梯),住家用,筋混凝土造,,92.7,3,0,3,有,o,4420000,47681,,0.0,0,,RPPPMLNJLHKFFDK38CB,苗栗县,4,88.83,预售屋买卖
竹南,房地(土地+建物),山佳段301~330地,11.54,商,,,1030314,土地1建物1位0,六,15,住宅大(11雍以上有梯),住家用,筋混凝土造,,92.7,3,0,3,有,o,4500000,48544,,0.0,0,,RPQPMLNJLHKFFDK48CB,苗栗县,4,88.83,预售屋买卖
竹南,房地(土地+建物)+位,山佳段301~330地,11.54,商,,,1030704,土地1建物1位1,七,15,住宅大(11雍以上有梯),住家用,筋混凝土造,,92.7,3,0,3,有,o,5100000,66556,坡道平面,26.59,700000,,RPRPMLNJLHKFFDK58CB,苗栗县,4,88.83,预售屋买卖
竹南,房地(土地+建物)+位,山佳段301~330地,11.54,商,,,1030507,土地1建物1位1,八,15,住宅大(11雍以上有梯),住家用,筋混凝土造,,92.7,3,0,3,有,o,5150000,67312,坡道平面,26.59,700000,,RPSPMLNJLHKFFDK68CB,苗栗县,4,88.83,预售屋买卖
竹南,房地(土地+建物),山佳段301~330地,11.54,商,,,1030701,土地1建物1位0,九,15,住宅大(11雍以上有梯),住家用,筋混凝土造,,92.7,3,0,3,有,o,4500000,48544,,0.0,0,,RPTPMLNJLHKFFDK78CB,苗栗县,4,88.83,预售屋买卖
竹南,房地(土地+建物)+位,山佳段301~330地,11.54,商,,,1021229,土地1建物1位1,十,15,住宅大(11雍以上有梯),住家用,筋混凝土造,,92.7,3,0,3,有,o,5100000,66556,坡道平面,26.59,700000,,RPUPMLNJLHKFFDK88CB,苗栗县,4,88.83,预售屋买卖
竹南,房地(土地+建物),山佳段301~330地,11.54,商,,,1030214,土地1建物1位0,二,15,住宅大(11雍以上有梯),住家用,筋混凝土造,,92.7,3,0,3,有,o,4200000,45307,,0.0,0,,RPVPMLNJLHKFFDK98CB,苗栗县,4,88.83,预售屋买卖
竹南,房地(土地+建物),山佳段301~330地,11.54,商,,,1030210,土地1建物1位0,三,15,住宅大(11雍以上有梯),住家用,筋混凝土造,,92.7,3,0,3,有,o,4220000,45523,,0.0,0,,RPWPMLNJLHKFFDK09CB,苗栗县,4,88.83,预售屋买卖
竹南,房地(土地+建物),山佳段301~330地,11.54,商,,,1030210,土地1建物1位0,四,15,住宅大(11雍以上有梯),住家用,筋混凝土造,,92.7,3,0,3,有,o,4180000,45092,,0.0,0,,RPXPMLNJLHKFFDK56CB,苗栗县,4,88.83,预售屋买卖
竹南,房地(土地+建物),山佳段301~330地,11.54,商,,,1030314,土地1建物1位0,五,15,住宅大(11雍以上有梯),住家用,筋混凝土造,,92.7,3,0,3,有,o,4230000,45631,,0.0,0,,RPOQMLNJLHKFFDK38CB,苗栗县,4,88.83,预售屋买卖
竹南,房地(土地+建物),山佳段301~330地,11.54,商,,,1030118,土地1建物1位0,六,15,住宅大(11雍以上有梯),住家用,筋混凝土造,,92.7,3,0,3,有,o,4200000,45307,,0.0,0,,RPPQMLNJLHKFFDK48CB,苗栗县,4,88.83,预售屋买卖
竹南,房地(土地+建物)+位,山佳段301~330地,11.54,商,,,1030108,土地1建物1位1,七,15,住宅大(11雍以上有梯),住家用,筋混凝土造,,92.7,3,0,3,有,o,4950000,64287,坡道平面,26.59,700000,,RPQQMLNJLHKFFDK58CB,苗栗县,4,88.83,预售屋买卖
竹南,房地(土地+建物)+位,山佳段301~330地,11.54,商,,,1030718,土地1建物1位1,八,15,住宅大(11雍以上有梯),住家用,筋混凝土造,,92.7,3,0,3,有,o,4960000,64438,坡道平面,26.59,700000,,RPRQMLNJLHKFFDK68CB,苗栗县,4,88.83,预售屋买卖
竹南,房地(土地+建物),山佳段301~330地,11.54,商,,,1021229,土地1建物1位0,九,15,住宅大(11雍以上有梯),住家用,筋混凝土造,,92.7,3,0,3,有,o,4400000,47465,,0.0,0,,RPSQMLNJLHKFFDK78CB,苗栗县,4,88.83,预售屋买卖
竹南,房地(土地+建物)+位,山佳段301~330地,9.71,商,,,1030701,土地1建物1位1,二,15,住宅大(11雍以上有梯),住家用,筋混凝土造,,78.58,3,0,3,有,o,4600000,75014,坡道平面,26.59,700000,,RPTQMLNJLHKFFDK88CB,苗栗县,4,88.83,预售屋买卖
竹南,房地(土地+建物)+位,山佳段301~330地,9.71,商,,,1030701,土地1建物1位1,三,15,住宅大(11雍以上有梯),住家用,筋混凝土造,,78.58,3,0,3,有,o,4600000,75014,坡道平面,26.59,700000,,RPUQMLNJLHKFFDK98CB,苗栗县,4,88.83,预售屋买卖
竹南,房地(土地+建物),山佳段301~330地,9.71,商,,,1030609,土地1建物1位0,四,15,住宅大(11雍以上有梯),住家用,筋混凝土造,,78.58,3,0,3,有,o,3750000,47722,,0.0,0,,RPVQMLNJLHKFFDK09CB,苗栗县,4,88.83,预售屋买卖
竹南,房地(土地+建物),山佳段301~330地,15.02,商,,,1030125,土地1建物1位0,四,15,住宅大(11雍以上有梯),住家用,筋混凝土造,,120.9,4,0,4,有,o,5560000,45988,,0.0,0,,RPWQMLNJLHKFFDK56CB,苗栗县,4,88.83,预售屋买卖
竹南,房地(土地+建物),山佳段301~330地,15.02,商,,,1030118,土地1建物1位0,六,15,住宅大(11雍以上有梯),住家用,筋混凝土造,,120.9,4,0,4,有,o,5700000,47146,,0.0,0,,RPXQMLNJLHKFFDK66CB,苗栗县,4,88.83,预售屋买卖
竹南,房地(土地+建物)+位,山佳段301~330地,11.54,商,,,1030328,土地1建物1位1,十,15,住宅大(11雍以上有梯),住家用,筋混凝土造,,93.77,3,0,3,有,o,5200000,66984,坡道平面,26.59,700000,,RPORMLNJLHKFFDK48CB,苗栗县,4,88.83,预售屋买卖
竹南,房地(土地+建物),山佳段301~330地,11.54,商,,,1030306,土地1建物1位0,三,15,住宅大(11雍以上有梯),住家用,筋混凝土造,,93.77,3,0,3,有,o,4260000,45430,,0.0,0,,RPPRMLNJLHKFFDK58CB,苗栗县,4,88.83,预售屋买卖
竹南,房地(土地+建物),山佳段301~330地,11.54,商,,,1030228,土地1建物1位0,四,15,住宅大(11雍以上有梯),住家用,筋混凝土造,,93.77,3,0,3,有,o,4230000,45110,,0.0,0,,RPQRMLNJLHKFFDK68CB,苗栗县,4,88.83,预售屋买卖
竹南,房地(土地+建物),山佳段301~330地,11.54,商,,,1030129,土地1建物1位0,五,15,住宅大(11雍以上有梯),住家用,筋混凝土造,,93.77,3,0,3,有,o,4280000,45644,,0.0,0,,RPRRMLNJLHKFFDK78CB,苗栗县,4,88.83,预售屋买卖
竹南,房地(土地+建物),山佳段301~330地,11.54,商,,,1030630,土地1建物1位0,六,15,住宅大(11雍以上有梯),住家用,筋混凝土造,,93.77,3,0,3,有,o,4280000,45644,,0.0,0,,RPSRMLNJLHKFFDK88CB,苗栗县,4,88.83,预售屋买卖
竹南,房地(土地+建物),山佳段301~330地,11.54,商,,,1030306,土地1建物1位0,七,15,住宅大(11雍以上有梯),住家用,筋混凝土造,,93.77,3,0,3,有,o,4300000,45857,,0.0,0,,RPTRMLNJLHKFFDK98CB,苗栗县,4,88.83,预售屋买卖
竹南,房地(土地+建物),山佳段301~330地,11.54,商,,,1030427,土地1建物1位0,八,15,住宅大(11雍以上有梯),住家用,筋混凝土造,,93.77,3,0,3,有,o,4500000,47990,,0.0,0,,RPURMLNJLHKFFDK09CB,苗栗县,4,88.83,预售屋买卖
竹南,房地(土地+建物)+位,山佳段301~330地,11.54,商,,,1030310,土地1建物1位1,九,15,住宅大(11雍以上有梯),住家用,筋混凝土造,,93.77,3,0,3,有,o,5200000,66984,坡道平面,26.59,700000,,RPVRMLNJLHKFFDK56CB,苗栗县,4,88.83,预售屋买卖
竹南,房地(土地+建物),山佳段301~330地,11.54,商,,,1030308,土地1建物1位0,三,15,住宅大(11雍以上有梯),住家用,筋混凝土造,,93.77,3,0,3,有,o,4420000,47137,,0.0,0,,RPWRMLNJLHKFFDK66CB,苗栗县,4,88.83,预售屋买卖
竹南,房地(土地+建物),山佳段301~330地,11.54,商,,,1030830,土地1建物1位0,四,15,住宅大(11雍以上有梯),住家用,筋混凝土造,,93.77,3,0,3,有,o,4400000,46923,,0.0,0,,RPXRMLNJLHKFFDK76CB,苗栗县,4,88.83,预售屋买卖
竹南,房地(土地+建物),山佳段301~330地,11.54,商,,,1030711,土地1建物1位0,五,15,住宅大(11雍以上有梯),住家用,筋混凝土造,,93.77,3,0,3,有,o,4400000,46923,,0.0,0,,RPOSMLNJLHKFFDK58CB,苗栗县,4,88.83,预售屋买卖
竹南,房地(土地+建物)+位,山佳段301~330地,11.54,商,,,1030711,土地1建物1位1,六,15,住宅大(11雍以上有梯),住家用,筋混凝土造,,93.77,3,0,3,有,o,5300000,68473,坡道平面,26.59,700000,,RPPSMLNJLHKFFDK68CB,苗栗县,4,88.83,预售屋买卖
竹南,房地(土地+建物),山佳段301~330地,11.54,商,,,1040125,土地1建物1位0,八,15,住宅大(11雍以上有梯),住家用,筋混凝土造,,94.41,3,0,3,有,o,4580000,48512,,0.0,0,,RPQSMLNJLHKFFDK78CB,苗栗县,4,88.83,预售屋买卖
竹南,房地(土地+建物),山佳段301~330地,9.71,商,,,1021222,土地1建物1位0,十,15,住宅大(11雍以上有梯),住家用,筋混凝土造,,79.16,3,0,3,有,o,3710000,46867,,0.0,0,,RPRSMLNJLHKFFDK88CB,苗栗县,4,88.83,预售屋买卖
竹南,房地(土地+建物),山佳段301~330地,9.71,商,,,1040106,土地1建物1位0,十五,15,住宅大(11雍以上有梯),住家用,筋混凝土造,,80.49,3,0,3,有,o,4010000,49820,,0.0,0,,RPSSMLNJLHKFFDK98CB,苗栗县,4,88.83,预售屋买卖
竹南,房地(土地+建物)+位,山佳段301~330地,9.71,商,,,1021220,土地1建物1位2,二,15,住宅大(11雍以上有梯),住家用,筋混凝土造,,79.16,3,0,3,有,o,5500000,142417,坡道平面,53.18,1800000,,RPTSMLNJLHKFFDK09CB,苗栗县,4,88.83,预售屋买卖
竹南,房地(土地+建物)+位,山佳段301~330地,9.71,商,,,1021220,土地1建物1位1,三,15,住宅大(11雍以上有梯),住家用,筋混凝土造,,79.16,3,0,3,有,o,4600000,70382,坡道平面,26.59,900000,,RPUSMLNJLHKFFDK56CB,苗栗县,4,88.83,预售屋买卖
竹南,房地(土地+建物),山佳段301~330地,9.71,商,,,1030528,土地1建物1位0,四,15,住宅大(11雍以上有梯),住家用,筋混凝土造,,79.16,3,0,3,有,o,3700000,46741,,0.0,0,,RPVSMLNJLHKFFDK66CB,苗栗县,4,88.83,预售屋买卖
竹南,房地(土地+建物),山佳段301~330地,9.71,商,,,1030917,土地1建物1位0,五,15,住宅大(11雍以上有梯),住家用,筋混凝土造,,79.16,3,0,3,有,o,3790000,47878,,0.0,0,,RPWSMLNJLHKFFDK76CB,苗栗县,4,88.83,预售屋买卖
竹南,房地(土地+建物),山佳段301~330地,9.71,商,,,1021220,土地1建物1位0,六,15,住宅大(11雍以上有梯),住家用,筋混凝土造,,79.16,3,0,3,有,o,3700000,46741,,0.0,0,,RPXSMLNJLHKFFDK86CB,苗栗县,4,88.83,预售屋买卖
竹南,房地(土地+建物),山佳段301~330地,9.71,商,,,1031214,土地1建物1位0,七,15,住宅大(11雍以上有梯),住家用,筋混凝土造,,79.16,3,0,3,有,o,3950000,49899,,0.0,0,,RPOTMLNJLHKFFDK68CB,苗栗县,4,88.83,预售屋买卖
竹南,房地(土地+建物)+位,山佳段301~330地,9.71,商,,,1030525,土地1建物1位1,八,15,住宅大(11雍以上有梯),住家用,筋混凝土造,,79.16,3,0,3,有,o,4600000,74187,坡道平面,26.59,700000,,RPPTMLNJLHKFFDK78CB,苗栗县,4,88.83,预售屋买卖
竹南,房地(土地+建物)+位,山佳段301~330地,9.71,商,,,1021220,土地1建物1位1,九,15,住宅大(11雍以上有梯),住家用,筋混凝土造,,79.16,3,0,3,有,o,4800000,76089,坡道平面,26.59,800000,,RPQTMLNJLHKFFDK88CB,苗栗县,4,88.83,预售屋买卖
竹南,房地(土地+建物),大同段1321~1350地,116.61,住,,,1021218,土地1建物1位0,一,5,店面(店),住商用,筋混凝土加u造,,345.68,12,1,13,有,o,16900000,48889,,0.0,0,B15,RPQNMLLJJHLFFDK97CB,苗栗县,4,88.83,预售屋买卖
竹南,房地(土地+建物),大同段1321~1350地,85.01,住,,,1021218,土地1建物1位0,一,5,店面(店),住商用,筋混凝土加u造,,244.95,8,1,9,有,o,13600000,55522,,0.0,0,B5,RPRNMLLJJHLFFDK08CB,苗栗县,4,88.83,预售屋买卖
竹南,房地(土地+建物),大同段1321~1350地,81.43,住,,,1021223,土地2建物1位0,全,5,透天厝,住家用,筋混凝土加u造,,196.95,4,2,4,有,o,10530000,53465,,0.0,0,A11,RPSNMLLJJHLFFDK18CB,苗栗县,4,88.83,预售屋买卖
竹南,房地(土地+建物),大同段1321~1350地,81.41,住,,,1030414,土地2建物1位0,全,5,透天厝,住家用,筋混凝土加u造,,196.95,4,2,4,有,o,10580000,53719,,0.0,0,A3,RPTNMLLJJHLFFDK28CB,苗栗县,4,88.83,预售屋买卖
竹南,房地(土地+建物),大同段1321~1350地,85.04,住,,,1021227,土地1建物1位0,一,5,店面(店),住商用,筋混凝土加u造,,244.95,8,1,9,有,o,13650000,55726,,0.0,0,B9,RPUNMLLJJHLFFDK38CB,苗栗县,4,88.83,预售屋买卖
竹南,房地(土地+建物),大同段1321~1350地,81.43,住,,,1021223,土地2建物1位0,全,5,透天厝,住家用,筋混凝土加u造,,196.95,4,2,4,有,o,10180000,51688,,0.0,0,A2,RPVNMLLJJHLFFDK48CB,苗栗县,4,88.83,预售屋买卖
竹南,房地(土地+建物),大同段1321~1350地,84.16,住,,,1021218,土地1建物1位0,一,5,店面(店),住商用,筋混凝土加u造,,244.95,8,1,9,有,o,14300000,58379,,0.0,0,B11,RPWNMLLJJHLFFDK58CB,苗栗县,4,88.83,预售屋买卖
竹南,房地(土地+建物),大同段1321~1350地,116.23,住,,,1021223,土地1建物1位0,一,5,店面(店),住商用,筋混凝土加u造,,344.43,12,1,13,有,o,17300000,50228,,0.0,0,B13,RPXNMLLJJHLFFDK68CB,苗栗县,4,88.83,预售屋买卖
竹南,房地(土地+建物),大同段1321~1350地,166.34,住,,,1021218,土地1建物1位0,一,5,店面(店),住商用,筋混凝土加u造,,368.22,12,1,13,有,o,19600000,53229,,0.0,0,B12,RPOOMLLJJHLFFDK87CB,苗栗县,4,88.83,预售屋买卖
竹南,房地(土地+建物),大同段1321~1350地,120.84,住,,,1021218,土地1建物1位0,一,5,店面(店),住商用,筋混凝土加u造,,344.43,12,1,13,有,o,16900000,49067,,0.0,0,B16,RPPOMLLJJHLFFDK97CB,苗栗县,4,88.83,预售屋买卖
竹南,房地(土地+建物),大同段1321~1350地,116.61,住,,,1021219,土地1建物1位0,一,5,店面(店),住商用,筋混凝土加u造,,345.68,12,1,13,有,o,17100000,49468,,0.0,0,B14,RPROMLLJJHLFFDK18CB,苗栗县,4,88.83,预售屋买卖
竹南,房地(土地+建物),大同段1321~1350地,81.41,住,,,1040605,土地2建物1位0,全,5,透天厝,住家用,筋混凝土加u造,,200.08,4,2,4,有,o,8430000,42133,,0.0,0,A20,RPSOMLLJJHLFFDK28CB,苗栗县,4,88.83,预售屋买卖
竹南,房地(土地+建物),大同段1321~1350地,85.05,住,,,1021230,土地1建物1位0,一,5,店面(店),住商用,筋混凝土加u造,,244.95,8,1,9,有,o,14100000,57563,,0.0,0,B10,RPTOMLLJJHLFFDK38CB,苗栗县,4,88.83,预售屋买卖
竹南,房地(土地+建物),大同段1321~1350地,81.41,住,,,1040603,土地2建物1位0,全,5,透天厝,住家用,筋混凝土加u造,,200.08,4,2,4,有,o,9200000,45982,,0.0,0,A26,RPUOMLLJJHLFFDK48CB,苗栗县,4,88.83,预售屋买卖
竹南,房地(土地+建物),大同段1321~1350地,81.41,住,,,1040605,土地2建物1位0,全,5,透天厝,住家用,筋混凝土加u造,,200.08,4,2,4,有,o,8430000,42133,,0.0,0,A21,RPVOMLLJJHLFFDK58CB,苗栗县,4,88.83,预售屋买卖
竹南,房地(土地+建物),大同段1321~1350地,81.41,住,,,1030424,土地2建物1位0,全,5,透天厝,住家用,筋混凝土加u造,,196.95,4,2,4,有,o,10360000,52602,,0.0,0,A15,RPWOMLLJJHLFFDK68CB,苗栗县,4,88.83,预售屋买卖
竹南,房地(土地+建物),大同段1321~1350地,85.9,住,,,1021230,土地1建物1位0,一,5,店面(店),住商用,筋混凝土加u造,,244.95,8,1,9,有,o,13800000,56338,,0.0,0,B6,RPXOMLLJJHLFFDK78CB,苗栗县,4,88.83,预售屋买卖
竹南,房地(土地+建物),大同段1321~1350地,85.05,住,,,1021230,土地1建物1位0,一,5,店面(店),住商用,筋混凝土加u造,,244.95,8,1,9,有,o,13400000,54705,,0.0,0,B2,RPOPMLLJJHLFFDK97CB,苗栗县,4,88.83,预售屋买卖
竹南,房地(土地+建物),大同段1321~1350地,85.04,住,,,1021218,土地1建物1位0,一,5,店面(店),住商用,筋混凝土加u造,,244.95,8,1,9,有,o,13650000,55726,,0.0,0,B8,RPPPMLLJJHLFFDK08CB,苗栗县,4,88.83,预售屋买卖
竹南,房地(土地+建物),大同段1321~1350地,81.43,住,,,1021219,土地2建物1位0,全,5,透天厝,住家用,筋混凝土加u造,,196.95,4,2,4,有,o,10180000,51688,,0.0,0,A12,RPQPMLLJJHLFFDK18CB,苗栗县,4,88.83,预售屋买卖
竹南,房地(土地+建物),大同段1321~1350地,84.23,住,,,1021223,土地2建物1位0,全,5,透天厝,住家用,筋混凝土加u造,,196.95,4,2,4,有,o,10180000,51688,,0.0,0,A14,RPRPMLLJJHLFFDK28CB,苗栗县,4,88.83,预售屋买卖
竹南,房地(土地+建物)+位,大同段691~720地,1.63,商,,,1030709,土地1建物1位1,三,14,住宅大(11雍以上有梯),住家用,筋混凝土造,,129.82,3,2,2,有,o,7620000,62575,坡道平面,20.83,800000,,RPVNMLTJJHMFFDK76CB,苗栗县,4,88.83,预售屋买卖
竹南,房地(土地+建物)+位,大同段691~720地,1.63,商,,,1030718,土地1建物1位1,六,14,住宅大(11雍以上有梯),住家用,筋混凝土造,,129.82,3,2,2,有,o,7650000,63309,坡道平面,20.83,750000,,RPWNMLTJJHMFFDK86CB,苗栗县,4,88.83,预售屋买卖
竹南,房地(土地+建物)+位,大同段691~720地,1.63,商,,,1030704,土地1建物1位1,五,14,住宅大(11雍以上有梯),住家用,筋混凝土造,,129.82,3,2,2,有,o,7530000,61911,坡道平面,19.5,700000,,RPSOMLTJJHMFFDK56CB,苗栗县,4,88.83,预售屋买卖
竹南,房地(土地+建物)+位,大同段691~720地,1.63,商,,,1030717,土地1建物1位1,五,14,住宅大(11雍以上有梯),住家用,筋混凝土造,,129.82,3,2,2,有,o,7580000,62666,坡道平面,20.83,750000,,RPXOMLTJJHMFFDK07CB,苗栗县,4,88.83,预售屋买卖
竹南,房地(土地+建物)+位,大同段691~720地,1.63,商,,,1030829,土地1建物1位1,十一,14,住宅大(11雍以上有梯),住家用,筋混凝土造,,129.82,3,2,2,有,o,8070000,66245,坡道平面,20.83,850000,,RPQQMLTJJHMFFDK56CB,苗栗县,4,88.83,预售屋买卖
竹南,房地(土地+建物)+位,大同段691~720地,1.63,商,,,1030505,土地1建物1位1,九,14,住宅大(11雍以上有梯),住家用,筋混凝土造,,134.58,3,2,2,有,o,7840000,61885,坡道平面,20.82,800000,,RPSQMLTJJHMFFDK76CB,苗栗县,4,88.83,预售屋买卖
竹南,房地(土地+建物)+位,大同段691~720地,1.63,商,,,1030505,土地1建物1位1,八,14,住宅大(11雍以上有梯),住家用,筋混凝土造,,134.58,3,2,2,有,o,7670000,60396,坡道平面,20.83,800000,,RPTQMLTJJHMFFDK86CB,苗栗县,4,88.83,预售屋买卖
竹南,房地(土地+建物)+位,大同段691~720地,1.63,商,,,1030708,土地1建物1位1,二,14,住宅大(11雍以上有梯),住家用,筋混凝土造,,129.82,3,2,2,有,o,7470000,61296,坡道平面,21.82,850000,,RPORMLTJJHMFFDK09CB,苗栗县,4,88.83,预售屋买卖
竹南,房地(土地+建物)+位,大同段691~720地,1.69,商,,,1030421,土地1建物1位1,八,14,住宅大(11雍以上有梯),住家用,筋混凝土造,,135.05,3,2,2,有,o,7970000,63211,坡道平面,20.83,750000,,RPQNMLKKJHMFFDK08CB,苗栗县,4,88.83,预售屋买卖
竹南,房地(土地+建物)+位,大同段691~720地,1.65,商,,,1030421,土地1建物1位1,九,14,住宅大(11雍以上有梯),住家用,筋混凝土造,,133.06,3,2,2,有,o,7950000,63403,坡道平面,19.5,750000,,RPRNMLKKJHMFFDK18CB,苗栗县,4,88.83,预售屋买卖
竹南,房地(土地+建物)+位,大同段691~720地,1.63,商,,,1030428,土地1建物1位1,十,14,住宅大(11雍以上有梯),住家用,筋混凝土造,,131.96,3,2,2,有,o,7830000,63259,坡道平面,20.83,800000,,RPSNMLKKJHMFFDK28CB,苗栗县,4,88.83,预售屋买卖
竹南,房地(土地+建物)+位,大同段691~720地,1.65,商,,,1030725,土地1建物1位1,十一,14,住宅大(11雍以上有梯),住家用,筋混凝土造,,133.05,3,2,2,有,o,8410000,67813,坡道平面,20.83,800000,,RPTNMLKKJHMFFDK38CB,苗栗县,4,88.83,预售屋买卖
竹南,房地(土地+建物)+位,大同段691~720地,1.63,商,,,1030923,土地1建物1位1,二,14,住宅大(11雍以上有梯),住家用,筋混凝土造,,130.0,3,2,2,有,o,7770000,63967,坡道平面,21.82,850000,,RPUNMLKKJHMFFDK48CB,苗栗县,4,88.83,预售屋买卖
竹南,房地(土地+建物)+位,大同段691~720地,1.63,商,,,1030428,土地1建物1位1,十二,14,住宅大(11雍以上有梯),住家用,筋混凝土造,,131.96,3,2,2,有,o,7830000,63259,坡道平面,20.83,800000,,RPVNMLKKJHMFFDK58CB,苗栗县,4,88.83,预售屋买卖
竹南,房地(土地+建物)+位,大同段691~720地,1.65,商,,,1030428,土地1建物1位1,十三,14,住宅大(11雍以上有梯),住家用,筋混凝土造,,133.05,3,2,2,有,o,8230000,66209,坡道平面,20.83,800000,,RPWNMLKKJHMFFDK68CB,苗栗县,4,88.83,预售屋买卖
竹南,房地(土地+建物)+位,大同段691~720地,1.65,商,,,1030428,土地1建物1位1,七,14,住宅大(11雍以上有梯),住家用,筋混凝土造,,133.05,3,2,2,有,o,7930000,63536,坡道平面,20.83,800000,,RPOOMLKKJHMFFDK97CB,苗栗县,4,88.83,预售屋买卖
竹南,房地(土地+建物)+位,大同段691~720地,1.63,商,,,1030721,土地1建物1位1,七,14,住宅大(11雍以上有梯),住家用,筋混凝土造,,130.0,3,2,2,有,o,7870000,64761,坡道平面,20.83,800000,,RPPOMLKKJHMFFDK08CB,苗栗县,4,88.83,预售屋买卖
竹南,房地(土地+建物)+位,大同段691~720地,1.69,商,,,1030707,土地1建物1位1,十四,14,住宅大(11雍以上有梯),住家用,筋混凝土造,,135.05,3,2,2,有,o,8470000,66378,坡道平面,19.5,800000,,RPROMLKKJHMFFDK28CB,苗栗县,4,88.83,预售屋买卖
竹南,房地(土地+建物)+位,大同段691~720地,1.65,商,,,1030421,土地1建物1位1,十一,14,住宅大(11雍以上有梯),住家用,筋混凝土造,,133.05,3,2,2,有,o,8270000,65675,坡道平面,20.83,900000,,RPSOMLKKJHMFFDK38CB,苗栗县,4,88.83,预售屋买卖
竹南,房地(土地+建物)+位,大同段691~720地,1.69,商,,,1030620,土地1建物1位1,十,14,住宅大(11雍以上有梯),住家用,筋混凝土造,,135.05,3,2,2,有,o,8370000,66378,坡道平面,19.5,700000,,RPTOMLKKJHMFFDK48CB,苗栗县,4,88.83,预售屋买卖
竹南,房地(土地+建物)+位,大同段691~720地,1.69,商,,,1030709,土地1建物1位1,十四,14,住宅大(11雍以上有梯),住家用,筋混凝土造,,135.05,3,2,2,有,o,8570000,69772,坡道平面,25.12,900000,,RPUOMLKKJHMFFDK58CB,苗栗县,4,88.83,预售屋买卖
竹南,房地(土地+建物)+位,大同段691~720地,1.63,商,,,1030505,土地1建物1位1,八,14,住宅大(11雍以上有梯),住家用,筋混凝土造,,131.96,3,2,2,有,o,7580000,61010,坡道平面,20.83,800000,,RPVOMLKKJHMFFDK68CB,苗栗县,4,88.83,预售屋买卖
竹南,房地(土地+建物)+位,大同段691~720地,1.65,商,,,1030505,土地1建物1位1,七,14,住宅大(11雍以上有梯),住家用,筋混凝土造,,133.05,3,2,2,有,o,7850000,62823,坡道平面,20.83,800000,,RPWOMLKKJHMFFDK78CB,苗栗县,4,88.83,预售屋买卖
竹南,房地(土地+建物)+位,大同段691~720地,1.65,商,,,1030418,土地1建物1位1,五,14,住宅大(11雍以上有梯),住家用,筋混凝土造,,133.05,3,2,2,有,o,7910000,62467,坡道平面,20.83,900000,,RPXOMLKKJHMFFDK88CB,苗栗县,4,88.83,预售屋买卖
竹南,房地(土地+建物)+位,大同段691~720地,1.69,商,,,1030728,土地1建物1位1,六,14,住宅大(11雍以上有梯),住家用,筋混凝土造,,135.05,3,2,2,有,o,8200000,64350,坡道平面,20.83,850000,,RPOPMLKKJHMFFDK08CB,苗栗县,4,88.83,预售屋买卖
竹南,房地(土地+建物)+位,大同段691~720地,1.98,商,,,1030624,土地1建物1位1,五,14,住宅大(11雍以上有梯),住家用,筋混凝土造,,161.1,4,2,2,有,o,9570000,62522,坡道平面,20.83,800000,,RPPPMLKKJHMFFDK18CB,苗栗县,4,88.83,预售屋买卖
竹南,房地(土地+建物)+位,大同段691~720地,1.69,商,,,1030711,土地1建物1位1,十二,14,住宅大(11雍以上有梯),住家用,筋混凝土造,,135.05,3,2,2,有,o,8470000,67151,坡道平面,20.83,800000,,RPQPMLKKJHMFFDK28CB,苗栗县,4,88.83,预售屋买卖
竹南,房地(土地+建物)+位,大同段691~720地,1.69,商,,,1030714,土地1建物1位1,六,14,住宅大(11雍以上有梯),住家用,筋混凝土造,,135.05,3,2,2,有,o,8050000,63609,坡道平面,19.5,700000,,RPRPMLKKJHMFFDK38CB,苗栗县,4,88.83,预售屋买卖
竹南,房地(土地+建物)+位,大同段691~720地,1.63,商,,,1030709,土地1建物1位1,六,14,住宅大(11雍以上有梯),住家用,筋混凝土造,,130.0,3,2,2,有,o,7740000,64029,坡道平面,20.83,750000,,RPSPMLKKJHMFFDK48CB,苗栗县,4,88.83,预售屋买卖
竹南,房地(土地+建物)+位,大同段691~720地,1.63,商,,,1030505,土地1建物1位1,八,14,住宅大(11雍以上有梯),住家用,筋混凝土造,,131.96,3,2,2,有,o,7530000,61010,坡道平面,20.83,750000,,RPTPMLKKJHMFFDK58CB,苗栗县,4,88.83,预售屋买卖
竹南,房地(土地+建物)+位,大同段691~720地,1.63,商,,,1030505,土地1建物1位1,九,14,住宅大(11雍以上有梯),住家用,筋混凝土造,,131.96,3,2,2,有,o,7660000,61730,坡道平面,20.83,800000,,RPUPMLKKJHMFFDK68CB,苗栗县,4,88.83,预售屋买卖
竹南,房地(土地+建物)+位,大同段691~720地,1.69,商,,,1030702,土地1建物1位1,二,14,住宅大(11雍以上有梯),住家用,筋混凝土造,,139.66,3,2,2,有,o,7830000,59657,坡道平面,21.82,800000,,RPVPMLKKJHMFFDK78CB,苗栗县,4,88.83,预售屋买卖
竹南,房地(土地+建物)+位,大同段691~720地,1.63,商,,,1030505,土地1建物1位1,七,14,住宅大(11雍以上有梯),住家用,筋混凝土造,,131.96,3,2,2,有,o,7500000,60290,坡道平面,20.83,800000,,RPWPMLKKJHMFFDK88CB,苗栗县,4,88.83,预售屋买卖
竹南,房地(土地+建物)+位,大同段691~720地,1.65,商,,,1030505,土地1建物1位1,五,14,住宅大(11雍以上有梯),住家用,筋混凝土造,,133.05,3,2,2,有,o,7690000,61397,坡道平面,20.83,800000,,RPXPMLKKJHMFFDK98CB,苗栗县,4,88.83,预售屋买卖
竹南,房地(土地+建物)+位,大同段691~720地,1.98,商,,,1030709,土地1建物1位2,十三,14,住宅大(11雍以上有梯),住家用,筋混凝土造,,155.75,4,2,2,有,o,11070000,81999,坡道平面,43.31,1850000,,RPOQMLKKJHMFFDK18CB,苗栗县,4,88.83,预售屋买卖
竹南,房地(土地+建物)+位,大同段691~720地,1.69,商,,,1030702,土地1建物1位1,十二,14,住宅大(11雍以上有梯),住家用,筋混凝土造,,135.05,3,2,2,有,o,8420000,67151,坡道平面,20.83,750000,,RPPQMLKKJHMFFDK28CB,苗栗县,4,88.83,预售屋买卖
