南竿l,土地,福沃段331~360地,19.23,商,,,1011024,土地1建物0位0,,,其他,,,,0.0,0,0,0,有,o,90000,4680,,0.0,0,,RPPNMLMLJIHFFAZ09DA,连江县,8,206.97,不动产买卖
北竿l,土地,塘岐段181~210地,51.42,其他,,,1011024,土地2建物0位0,,,其他,,,,0.0,0,0,0,有,o,850000,16529,,0.0,0,,RPPNMLQJKIHFFAZ66CA,连江县,8,206.97,不动产买卖
北竿l,土地,塘岐段151~180地,791.83,其他,,,1011024,土地7建物0位0,,,其他,,,,0.0,0,0,0,有,o,2500000,3157,,0.0,0,,RPQNMLQJKIHFFAZ76CA,连江县,8,206.97,不动产买卖
南竿l,土地,津沙段451~480地,32.62,其他,,,1011127,土地1建物0位0,,,其他,,,,0.0,0,0,0,有,o,300000,9197,,0.0,0,,RPPNMLRLJIHFFAZ96DA,连江县,8,206.97,不动产买卖
南竿l,土地,介鄱121~150地,33.51,住,,,1011126,土地1建物0位0,,,其他,,,,0.0,0,0,0,有,o,670240,20000,,0.0,0,,RPPNMLPJKIHFFAZ56CA,连江县,8,206.97,不动产买卖
南竿l,土地,仁鄱811~840地,325.86,其他,,,1011204,土地1建物0位0,,,其他,,,,0.0,0,0,0,有,o,1110463,3408,,0.0,0,,RPPNMLOKKIHFFAZ66DA,连江县,8,206.97,不动产买卖
南竿l,土地,仁鄱1021~1050地,199.68,其他,,,1011127,土地1建物0位0,,,其他,,,,0.0,0,0,0,有,o,511513,2562,,0.0,0,,RPQNMLOKKIHFFAZ76DA,连江县,8,206.97,不动产买卖
莒光l,土地,青帆段121~150地,454.52,其他,,,1011129,土地1建物0位0,,,其他,,,,0.0,0,0,0,有,o,175627,386,,0.0,0,,RPPNMLSJJHIFFAZ86DA,连江县,8,206.97,不动产买卖
南竿l,房地(土地+建物),B江h南竿l清水村121~150,67.35,住,,,1011123,土地1建物1位0,二,五,AB(10雍以下有梯),住家用,筋混凝土造,1010808,1282.94,3,2,2,有,o,5700000,4443,,0.0,0,,RPQNMLKKJHIFFAZ88DA,连江县,8,206.97,不动产买卖
南竿l,土地,团d段571~600地,47.92,其他,,,1011128,土地1建物0位0,,,其他,,,,0.0,0,0,0,有,o,87200,1820,,0.0,0,,RPPNMLLKJHIFFAZ88DA,连江县,8,206.97,不动产买卖
南竿l,土地,清水段151~180地,12.5,商,,,1011212,土地1建物0位0,,,其他,,,,0.0,0,0,0,有,o,16250,1300,,0.0,0,,RPPNMLTJJHIFFAZ96DA,连江县,8,206.97,不动产买卖
|引l,土地,|引西段691~720地,78.38,住,,,1011213,土地1建物0位0,,,其他,,,,0.0,0,0,0,有,o,400000,5103,,0.0,0,,RPPNMLLLKIHFFAZ09DA,连江县,8,206.97,不动产买卖
南竿l,房地(土地+建物),B江h南竿l介鄞61~90,30.06,住,,,1011214,土地2建物1位0,四,四,公寓(5呛以下o梯),其他登事,筋混凝土造,0940414,43.38,1,1,1,有,o,1440000,33195,,0.0,0,,RPPNMLQLKIHFFAZ96DA,连江县,8,206.97,不动产买卖
北竿l,土地,塘岐段91~120地,375.68,其他,,,1011129,土地1建物0位0,,,其他,,,,0.0,0,0,0,有,o,139882,372,,0.0,0,,RPPNMLKKJHIFFAZ78DA,连江县,8,206.97,不动产买卖
南竿l,土地,介鄱841~870地,10.9,住,,,1011224,土地1建物0位0,,,其他,,,,0.0,0,0,0,有,o,32700,3000,,0.0,0,,RPPNMLPLJHIFFAZ76DA,连江县,8,206.97,不动产买卖
南竿l,土地,福沃段331~360地,19.23,商,,,1011207,土地1建物0位0,,,其他,,,,0.0,0,0,0,有,o,300000,15601,,0.0,0,,RPPNMLPJKHIFFAZ66DA,连江县,8,206.97,不动产买卖
南竿l,土地,介鄱841~870地,64.67,其他,,,1011204,土地1建物0位0,,,其他,,,,0.0,0,0,0,有,o,194010,3000,,0.0,0,,RPPNMLRJKHIFFAZ86DA,连江县,8,206.97,不动产买卖
南竿l,土地,清水段1291~1320地,185.3,其他,,,1011226,土地1建物0位0,,,其他,,,,0.0,0,0,0,有,o,67449,364,,0.0,0,,RPPNMLRKJHIFFAZ86DA,连江县,8,206.97,不动产买卖
南竿l,土地,清水段1291~1320地,377.81,其他,,,1011226,土地1建物0位0,,,其他,,,,0.0,0,0,0,有,o,423147,1120,,0.0,0,,RPQNMLRKJHIFFAZ96DA,连江县,8,206.97,不动产买卖
南竿l,土地,清水段1321~1350地,1098.46,其他,,,1011226,土地2建物0位0,,,其他,,,,0.0,0,0,0,有,o,1296175,1180,,0.0,0,,RPRNMLRKJHIFFAZ07DA,连江县,8,206.97,不动产买卖
北竿l,土地,蜃卸511~540地,228.25,住,,,1011230,土地1建物0位0,,,其他,,,,0.0,0,0,0,有,o,388025,1700,,0.0,0,,RPQNMLTLJHIFFAZ27DA,连江县,8,206.97,不动产买卖
南竿l,土地,福沃段331~360地,19.23,商,,,1011024,土地1建物0位0,,,其他,,,,0.0,0,0,0,有,o,90000,4680,,0.0,0,,RPPNMLTLJHIFFAZ17DA,连江县,8,206.97,不动产买卖
南竿l,土地,介鄱871~900地,253.54,其他,,,1020121,土地1建物0位0,,,其他,,,,0.0,0,0,0,有,o,4000000,15777,,0.0,0,,RPQNMLMLKHIFFAZ66DA,连江县,8,206.97,不动产买卖
北竿l,土地,芹壁段601~630地,30.31,住,,,1020116,土地1建物0位0,,,其他,,,,0.0,0,0,0,有,o,100000,3299,,0.0,0,,RPPNMLLJLHIFFAZ98DA,连江县,8,206.97,不动产买卖
莒光l,土地,大坪段361~390地,746.64,其他,,,1020110,土地1建物0位0,,,其他,,,,0.0,0,0,0,有,o,74664,100,,0.0,0,,RPPNMLLJKHIFFAZ88DA,连江县,8,206.97,不动产买卖
北竿l,土地,塘岐段271~300地,228.68,住,,,1011217,土地1建物0位0,,,其他,,,,0.0,0,0,0,有,o,1000000,4373,,0.0,0,,RPRNMLMLKHIFFAZ76DA,连江县,8,206.97,不动产买卖
北竿l,土地,后沃段151~180地,86.61,住,,,1011226,土地1建物0位0,,,其他,,,,0.0,0,0,0,有,有,60627,700,,0.0,0,,RPPNMLMLKHIFFAZ56DA,连江县,8,206.97,不动产买卖
南竿l,土地,清水段1291~1320地,2325.46,其他,,,1011226,土地2建物0位0,,,其他,,,,0.0,0,0,0,有,o,1914348,823,,0.0,0,,RPQNMLLJLHIFFAZ09DA,连江县,8,206.97,不动产买卖
南竿l,土地,介鄱871~900地,32.34,r,,,1020315,土地1建物0位0,,,其他,,,,0.0,0,0,0,有,o,100000,3092,,0.0,0,,RPPNMLMLLHIFFAZ66DA,连江县,8,206.97,不动产买卖
北竿l,土地,塘岐段181~210地,113.72,住,,,1020226,土地3建物0位0,,,其他,,,,0.0,0,0,0,有,o,3200000,28139,,0.0,0,,RPPNMLSJMHIFFAZ07CA,连江县,8,206.97,不动产买卖
北竿l,土地,塘岐段181~210地,673.47,其他,,,1020226,土地5建物0位0,,,其他,,,,0.0,0,0,0,有,o,3200000,4752,,0.0,0,,RPPNMLTJMHIFFAZ17CA,连江县,8,206.97,不动产买卖
莒光l,土地,田沃段871~900地,314.84,其他,,,1020329,土地1建物0位0,,,其他,,,,0.0,0,0,0,有,o,238140,756,,0.0,0,,RPPNMLKKMHIFFAZ09DA,连江县,8,206.97,不动产买卖
南竿l,土地,清水段1~30地,297.95,其他,,,1020327,土地1建物0位0,,,其他,,,,0.0,0,0,0,有,o,86406,290,,0.0,0,,RPPNMLNKNHIFFAZ86DA,连江县,8,206.97,不动产买卖
南竿l,建物,B江h南竿lR祖村31~60,0.0,,,,1020401,土地0建物1位0,全,二,透天厝,住家用,筋混凝土造,0730700,110.0,3,2,2,有,o,224400,2040,,0.0,0,,RPQNMLNKNHIFFAZ96DA,连江县,8,206.97,不动产买卖
南竿l,土地,介鄱1~30地,113.01,住,,,1020415,土地1建物0位0,,,其他,,,,0.0,0,0,0,有,o,500000,4424,,0.0,0,,RPPNMLTKMHIFFAZ37DA,连江县,8,206.97,不动产买卖
莒光l,土地,大坪段1~30地,37.41,商,,,1020501,土地1建物0位0,,,其他,,,,0.0,0,0,0,有,o,200000,5346,,0.0,0,,RPPNMLTJQHIFFAZ67DA,连江县,8,206.97,不动产买卖
北竿l,土地,里段1~30地,68.29,其他,,,1020423,土地2建物0位0,,,其他,,,,0.0,0,0,0,有,o,1000000,14643,,0.0,0,,RPPNMLSJPHIFFAZ37CA,连江县,8,206.97,不动产买卖
|引l,土地,|引西段511~540地,87.17,住,,,1020410,土地4建物0位0,,,其他,,,,0.0,0,0,0,有,o,162560,1865,,0.0,0,,RPPNMLSKOHIFFAZ47DA,连江县,8,206.97,不动产买卖
南竿l,土地,介鄱1~30地,281.33,其他,,,1020531,土地1建物0位0,,,其他,,,,0.0,0,0,0,有,o,2500000,8886,,0.0,0,,RPPNMLMKPHIFFAZ96DA,连江县,8,206.97,不动产买卖
北竿l,土地,后沃段61~90地,349.09,其他,,,1020513,土地5建物0位0,,,其他,,,,0.0,0,0,0,有,o,80000,229,,0.0,0,1.二H等gIu2.嗬人有晌,RPPNMLQKPHIFFAZ37DA,连江县,8,206.97,不动产买卖
南竿l,土地,福沃段181~210地,46.06,住,,,1020508,土地1建物0位0,,,其他,,,,0.0,0,0,0,有,o,69090,1500,,0.0,0,,RPRNMLTKPHIFFAZ87DA,连江县,8,206.97,不动产买卖
北竿l,土地,蜃卸91~120地,449.35,其他,,,1020522,土地3建物0位0,,,其他,,,,0.0,0,0,0,有,o,1000000,2225,,0.0,0,,RPPNMLTLPHIFFAZ77DA,连江县,8,206.97,不动产买卖
南竿l,土地,介鄱871~900地,173.95,r,,,1020628,土地1建物0位0,,,其他,,,,0.0,0,0,0,有,o,500000,2874,,0.0,0,,RPPNMLTJPHIFFAZ57DA,连江县,8,206.97,不动产买卖
北竿l,土地,芹壁段541~570地,58.68,住,,,1020611,土地1建物0位0,,,其他,,,,0.0,0,0,0,有,o,800000,13633,,0.0,0,有民情L俗因素之交易。;有民情L俗因素之交易。,RPPNMLTKPHIFFAZ57CA,连江县,8,206.97,不动产买卖
北竿l,土地,芹壁段391~420地,305.9,其他,,,1020611,土地4建物0位0,,,其他,,,,0.0,0,0,0,有,o,800000,2615,,0.0,0,有民情L俗因素之交易。;有民情L俗因素之交易。,RPQNMLTKPHIFFAZ67CA,连江县,8,206.97,不动产买卖
南竿l,土地,珠螺段271~300地,99.83,住,,,1020712,土地1建物0位0,,,其他,,,,0.0,0,0,0,有,o,1200000,12020,,0.0,0,有未登建物移D,RPPNMLMLPHIFFAZ07DA,连江县,8,206.97,不动产买卖
北竿l,土地,塘岐段811~840地,20.36,住,,,1020722,土地2建物0位0,,,其他,,,,0.0,0,0,0,有,o,27079,1330,,0.0,0,有未登a嘀建物移D依有a法第52l之2按第1次公告土地F值r,RPPNMLTKQHIFFAZ67CA,连江县,8,206.97,不动产买卖
南竿l,土地,仁鄱121~150地,571.08,其他,,,1020715,土地1建物0位0,,,其他,,,,0.0,0,0,0,有,o,1727500,3025,,0.0,0,分^楸Ｗo^及道路用地,RPPNMLKLQHIFFAZ86CA,连江县,8,206.97,不动产买卖
莒光l,土地,青帆段451~480地,2271.32,其他,,,1020801,土地4建物0位0,,,其他,,,,0.0,0,0,0,有,o,1911633,842,,0.0,0,,RPPNMLRLQHIFFAZ57CA,连江县,8,206.97,不动产买卖
莒光l,土地,青帆段451~480地,1959.26,其他,,,1020801,土地8建物0位0,,,其他,,,,0.0,0,0,0,有,o,1632521,833,,0.0,0,,RPQNMLRLQHIFFAZ67CA,连江县,8,206.97,不动产买卖
南竿l,土地,清水段811~840地,494.32,其他,,,1020819,土地1建物0位0,,,其他,,,,0.0,0,0,0,有,o,3000000,6069,,0.0,0,,RPPNMLNLRHIFFAZ37DA,连江县,8,206.97,不动产买卖
南竿l,土地,四S段121~150地,415.91,其他,,,1020821,土地1建物0位0,,,其他,,,,0.0,0,0,0,有,o,243973,587,,0.0,0,,RPPNMLQKRHIFFAZ47CA,连江县,8,206.97,不动产买卖
南竿l,土地,四S段61~90地,155.37,其他,,,1020808,土地1建物0位0,,,其他,,,,0.0,0,0,0,有,o,70000,451,,0.0,0,H友、T工或其他特殊PSg之交易。;H友、T工或其他特殊PSg之交易，嗬人有2位。,RPQNMLPLRHIFFAZ67DA,连江县,8,206.97,不动产买卖
南竿l,土地,R祖段691~720地,602.9,r,,,1020910,土地1建物0位0,,,其他,,,,0.0,0,0,0,有,o,860000,1426,,0.0,0,H友、T工或其他特殊PSg之交易。;H友、T工或其他特殊PSg之交易。嗬人4位。,RPPNMLLKIIIFFAZ88DA,连江县,8,206.97,不动产买卖
南竿l,土地,团d段301~330地,69.64,其他,,,1020927,土地1建物0位0,,,其他,,,,0.0,0,0,0,有,o,100000,1436,,0.0,0,H匍g交易(本案Iuο嗬人阿姨的公公),RPPNMLQKIIIFFAZ66CA,连江县,8,206.97,不动产买卖
南竿l,土地,清水段1231~1260地,495.88,r,,,1020923,土地1建物0位0,,,其他,,,,0.0,0,0,0,有,o,7500000,15125,,0.0,0,,RPPNMLPLIIIFFAZ76DA,连江县,8,206.97,不动产买卖
南竿l,土地,仁鄱451~480地,49.79,住,,,1020816,土地1建物0位0,,,其他,,,,0.0,0,0,0,有,o,990000,19884,,0.0,0,,RPPNMLMKJIIFFAZ09DA,连江县,8,206.97,不动产买卖
南竿l,土地,介鄱961~990地,129.36,住,,,1021011,土地1建物0位0,,,其他,,,,0.0,0,0,0,有,o,200000,1546,,0.0,0,H友、T工或其他特殊PSg之交易。;H友、T工或其他特殊PSg之交易。,RPPNMLMLIIIFFAZ09DA,连江县,8,206.97,不动产买卖
南竿l,土地,清水段601~630地,150.42,其他,,,1021101,土地1建物0位0,,,其他,,,,0.0,0,0,0,有,o,58965,392,,0.0,0,,RPPNMLSKJIIFFAZ07DA,连江县,8,206.97,不动产买卖
南竿l,土地,团d段811~840地,178.36,住,,,1021012,土地1建物0位0,,,其他,,,,0.0,0,0,0,有,o,1500000,8410,,0.0,0,H友、T工或其他特殊PSg之交易。;H友、T工或其他特殊PSg之交易。,RPPNMLKLJIIFFAZ98DA,连江县,8,206.97,不动产买卖
莒光l,土地,大坪段1~30地,54.64,商,,,1021120,土地1建物0位0,,,其他,,,,0.0,0,0,0,有,o,210000,3843,,0.0,0,,RPPNMLTKKIIFFAZ17CA,连江县,8,206.97,不动产买卖
莒光l,土地,大坪段841~870地,15.54,其他,,,1021202,土地1建物0位0,,,其他,,,,0.0,0,0,0,有,o,7770,500,,0.0,0,,RPPNMLNJJHJFFAZ98CA,连江县,8,206.97,不动产买卖
南竿l,建物,B江h南竿lB江h南竿l仁鄞31~60,0.0,,,,1021230,土地0建物1位0,全,二,透天厝,使用陶,筋混凝土造,1021210,338.83,0,0,0,o,有,7500000,22135,,0.0,0,,RPPNMLMKKHJFFAZ09CA,连江县,8,206.97,不动产买卖
北竿l,土地,蜃卸241~270地,3.42,住,,,1030109,土地1建物0位0,,,其他,,,,0.0,0,0,0,有,o,11500,3363,,0.0,0,,RPPNMLPKJHJFFAZ76DA,连江县,8,206.97,不动产买卖
南竿l,土地,团d段571~600地,47.92,其他,,,1030113,土地1建物0位0,,,其他,,,,0.0,0,0,0,有,o,100000,2087,,0.0,0,有未登建物移D,RPQNMLRKKHJFFAZ17DA,连江县,8,206.97,不动产买卖
南竿l,土地,介鄱31~60地,103.62,住,,,1030109,土地1建物0位0,,,其他,,,,0.0,0,0,0,有,o,1473000,14215,,0.0,0,有未登建物移D,RPPNMLRKKHJFFAZ96CA,连江县,8,206.97,不动产买卖
南竿l,土地,珠螺段211~240地,798.53,r,,,1030103,土地3建物0位0,,,其他,,,,0.0,0,0,0,有,o,4420000,5535,,0.0,0,,RPPNMLOKLHJFFAZ76CA,连江县,8,206.97,不动产买卖
南竿l,土地,仁鄱121~150地,165.31,其他,,,1030122,土地1建物0位0,,,其他,,,,0.0,0,0,0,有,o,500000,3025,,0.0,0,,RPPNMLNKLHJFFAZ66CA,连江县,8,206.97,不动产买卖
南竿l,土地,珠螺段211~240地,81.55,住,,,1030110,土地1建物0位0,,,其他,,,,0.0,0,0,0,有,o,302550,3710,,0.0,0,H友、T工或其他特殊PSg之交易。;H友、T工或其他特殊PSg之交易。,RPQNMLQLLHJFFAZ17CA,连江县,8,206.97,不动产买卖
|引l,土地,|引西段931~960地,122.77,住,,,1030201,土地1建物0位0,,,其他,,,,0.0,0,0,0,有,o,1000000,8145,,0.0,0,,RPPNMLRKLHJFFAZ17DA,连江县,8,206.97,不动产买卖
北竿l,土地,蜃卸271~300地,8.16,住,,,1030317,土地1建物0位0,,,其他,,,,0.0,0,0,0,有,o,26000,3186,,0.0,0,,RPPNMLRLLHJFFAZ27DA,连江县,8,206.97,不动产买卖
莒光l,土地,大坪段61~90地,26.77,住,,,1030320,土地1建物0位0,,,其他,,,,0.0,0,0,0,有,o,58626,2190,,0.0,0,,RPPNMLRJMHJFFAZ17DA,连江县,8,206.97,不动产买卖
北竿l,土地,蜃卸271~300地,323.55,住,,,1030326,土地5建物0位0,,,其他,,,,0.0,0,0,0,有,o,1390000,4296,,0.0,0,,RPQNMLPJNHJFFAZ07CA,连江县,8,206.97,不动产买卖
北竿l,土地,塘岐段1~30地,380.64,其他,,,1030307,土地2建物0位0,,,其他,,,,0.0,0,0,0,有,有,322420,847,,0.0,0,,RPPNMLPKNHJFFAZ07CA,连江县,8,206.97,不动产买卖
南竿l,土地,福沃段331~360地,27.41,商,,,1030618,土地1建物0位0,,,其他,,,,0.0,0,0,0,有,o,548197,20000,,0.0,0,有未登建物移D持分304/1000、O孝豪持分222/1000,RPQNMLOKPHJFFAZ37DA,连江县,8,206.97,不动产买卖
南竿l,土地,福沃段301~330地,17.66,商,,,1030618,土地1建物0位0,,,其他,,,,0.0,0,0,0,有,o,353160,19998,,0.0,0,有未登建物移D   王家源持分136/1000、林美娥持分314/1000,RPSNMLOKPHJFFAZ57DA,连江县,8,206.97,不动产买卖
南竿l,土地,福沃段301~330地,23.83,商,,,1030618,土地1建物0位0,,,其他,,,,0.0,0,0,0,有,o,476645,20002,,0.0,0,有未登建物移D  雨持分308/1000、秋仙持分289/1000,RPTNMLOKPHJFFAZ67DA,连江县,8,206.97,不动产买卖
北竿l,土地,塘岐段271~300地,64.86,住,,,1030617,土地1建物0位0,,,其他,,,,0.0,0,0,0,有,o,129720,2000,,0.0,0,,RPPNMLMLPHJFFAZ17DA,连江县,8,206.97,不动产买卖
南竿l,土地,福沃段331~360地,24.57,商,,,1030618,土地1建物0位0,,,其他,,,,0.0,0,0,0,有,o,491450,20002,,0.0,0,有未登建物移D      木玉持分441/1000、朱瑞英持分441/1000,RPRNMLOKPHJFFAZ47DA,连江县,8,206.97,不动产买卖
南竿l,土地,仁鄱691~720地,8.14,住,,,1030718,土地1建物0位0,,,其他,,,,0.0,0,0,0,有,o,28897,3550,,0.0,0,H僦g交易,RPPNMLSLPHJFFAZ67CA,连江县,8,206.97,不动产买卖
北竿l,土地,塘岐段241~270地,89.42,住,,,1030626,土地1建物0位0,,,其他,,,,0.0,0,0,0,有,o,178840,2000,,0.0,0,,RPPNMLRJQHJFFAZ57DA,连江县,8,206.97,不动产买卖
南竿l,土地,清水段1261~1290地,63.45,其他,,,1030721,土地1建物0位0,,,其他,,,,0.0,0,0,0,有,o,200000,3152,,0.0,0,,RPPNMLPJQHJFFAZ37DA,连江县,8,206.97,不动产买卖
莒光l,土地,福正段271~300地,16.51,住,,,1030701,土地1建物0位0,,,其他,,,,0.0,0,0,0,有,o,16510,1000,,0.0,0,,RPPNMLSKQHJFFAZ77DA,连江县,8,206.97,不动产买卖
北竿l,土地,蜃卸271~300地,3.32,住,,,1030812,土地1建物0位0,,,其他,,,,0.0,0,0,0,有,o,10500,3163,,0.0,0,,RPPNMLQLQHJFFAZ57CA,连江县,8,206.97,不动产买卖
北竿l,土地,蜃卸271~300地,0.04,住,,,1030812,土地1建物0位0,,,其他,,,,0.0,0,0,0,有,o,130,0,,0.0,0,,RPQNMLQLQHJFFAZ67CA,连江县,8,206.97,不动产买卖
|引l,土地,|引西段1021~1050地,6040.79,其他,,,1030714,土地3建物0位0,,,其他,,,,0.0,0,0,0,有,o,10208935,1690,,0.0,0,向政府CP登承案件，此土地CP建地,RPPNMLLJRHJFFAZ07DA,连江县,8,206.97,不动产买卖
南竿l,土地,福沃段61~90地,353.33,其他,,,1031002,土地1建物0位0,,,其他,,,,0.0,0,0,0,有,o,35333,100,,0.0,0,向政府CP承之案件。;向政府CP承之案件。此地楸Ｗo^，非建地,RPPNMLNLIIJFFAZ66DA,连江县,8,206.97,不动产买卖
莒光l,土地,福正段121~150地,58.08,住,,,1030918,土地1建物0位0,,,其他,,,,0.0,0,0,0,有,o,73762,1270,,0.0,0,有民情L俗因素之交易。;有民情L俗因素之交易。,RPPNMLNJJIJFFAZ09CA,连江县,8,206.97,不动产买卖
|引l,土地,|引西段841~870地,432.53,r,,,1030930,土地2建物0位0,,,其他,,,,0.0,0,0,0,有,o,49718,115,,0.0,0,向政府CP承之案件。;向政府CP承之案件。,RPPNMLPJJIJFFAZ76DA,连江县,8,206.97,不动产买卖
南竿l,土地,津沙段481~510地,21.25,住,,,1040209,土地1建物0位0,,,其他,,,,0.0,0,0,0,有,o,372000,17506,,0.0,0,,RPPNMLPLKHKFFAZ07DA,连江县,8,206.97,不动产买卖
南竿l,房地(土地+建物),B江h南竿l团d村31~60,170.22,住,,,1040205,土地1建物1位0,全,三,透天厝,住家用,筋混凝土造,0881020,141.38,3,2,3,有,o,4800000,33951,,0.0,0,有民情L俗因素之交易。;有民情L俗因素之交易。土地c建物r格o法分_,RPPNMLOJLHKFFAZ86DA,连江县,8,206.97,不动产买卖
|引l,土地,|引西段931~960地,33.78,住,,,1040129,土地1建物0位0,,,其他,,,,0.0,0,0,0,有,o,66030,1955,,0.0,0,含增建或未登建物。;含增建或未登建物。,RPPNMLRJMHKFFAZ17CA,连江县,8,206.97,不动产买卖
|引l,土地,|引西段661~690地,37.92,住,,,1040311,土地1建物0位0,,,其他,,,,0.0,0,0,0,有,o,180000,4747,,0.0,0,,RPPNMLRLLHKFFAZ37DA,连江县,8,206.97,不动产买卖
南竿l,土地,介鄱841~870地,168.23,住,,,1040318,土地2建物0位0,,,其他,,,,0.0,0,0,0,有,o,916871,5450,,0.0,0,含增建或未登建物。;含增建或未登建物。⒕鑫持分1/9王佳琦持分1/9巫宇馨持分/1/9金持分1/9衣?持分1/9L昊持分1/9,RPPNMLSJMHKFFAZ37DA,连江县,8,206.97,不动产买卖
北竿l,土地,塘岐段361~390地,925.75,其他,,,1040312,土地2建物0位0,,,其他,,,,0.0,0,0,0,有,o,361325,390,,0.0,0,"有民情L俗因素之交易。;有民情L俗因素之交易。康嫩妹持分1/2,康荷玉1/2",RPPNMLTJMHKFFAZ47DA,连江县,8,206.97,不动产买卖
南竿l,土地,介鄱271~300地,58.97,住,,,1031009,土地3建物0位0,,,其他,,,,0.0,0,0,0,有,o,12000000,203493,,0.0,0,受沼绊或盏之交易。;含未登建物及一位。受沼绊或盏之交易。,RPRNMLSLJIJFFAZ37CA,连江县,8,206.97,不动产买卖
南竿l,土地,介鄱961~990地,32.71,住,,,1031030,土地1建物0位0,,,其他,,,,0.0,0,0,0,有,o,300000,9172,,0.0,0,,RPPNMLMKJIJFFAZ56DA,连江县,8,206.97,不动产买卖
南竿l,土地,介鄱601~630地,6.72,商,,,1031015,土地1建物0位0,,,其他,,,,0.0,0,0,0,有,o,20160,3000,,0.0,0,向政府CP承之案件。;向政府CP承之案件。林水英持份1/3，子明持份1/3，生持份1/3,RPPNMLLLJIJFFAZ56DA,连江县,8,206.97,不动产买卖
南竿l,土地,福沃段301~330地,25.3,商,,,1031110,土地1建物0位0,,,其他,,,,0.0,0,0,0,有,o,235822,9321,,0.0,0,"有未登建物移D   昱蓉持份1/7,邱燕萍持份1/7,林建持份1/7,林世l持份1/7",RPSNMLSLJIJFFAZ57DA,连江县,8,206.97,不动产买卖
北竿l,土地,塘岐段451~480地,282.08,其他,,,1031103,土地1建物0位0,,,其他,,,,0.0,0,0,0,有,o,4400000,15598,,0.0,0,此土地CP用地，有未登建物。,RPPNMLPLJIJFFAZ96DA,连江县,8,206.97,不动产买卖
南竿l,土地,团d段751~780地,107.8,住,,,1031105,土地1建物0位0,,,其他,,,,0.0,0,0,0,有,o,500000,4638,,0.0,0,H友、T工或其他特殊PSg之交易。;H友、T工或其他特殊PSg之交易。,RPPNMLPJKIJFFAZ76CA,连江县,8,206.97,不动产买卖
南竿l,土地,介鄱31~60地,103.62,住,,,1031128,土地1建物0位0,,,其他,,,,0.0,0,0,0,有,o,1473000,14215,,0.0,0,有未登建物。⒄元持份6分之1，⑹缯涑址6分之1，天l持份6分之1，王文忠持份6分之1。,RPPNMLOJKIJFFAZ76DA,连江县,8,206.97,不动产买卖
南竿l,土地,津沙段601~630地,173.08,住,,,1031201,土地1建物0位0,,,其他,,,,0.0,0,0,0,有,o,200000,1156,,0.0,0,H友、T工或其他特殊PSg之交易。;H友、T工或其他特殊PSg之交易。,RPPNMLKMKIJFFAZ66DA,连江县,8,206.97,不动产买卖
|引l,土地,|引西段691~720地,78.35,住,,,1031215,土地1建物0位0,,,其他,,,,0.0,0,0,0,有,o,348657,4450,,0.0,0,住宅用地,RPPNMLRJJHKFFAZ86CA,连江县,8,206.97,不动产买卖
南竿l,建物,B江h南竿l福沃村61~90,0.0,,,,1031124,土地0建物1位0,全,三,透天厝,住家用,筋混凝土造,0770701,98.22,0,0,0,o,o,3000000,30544,,0.0,0,土地所有嗳檫B江h(公有土地),RPPNMLKLJHKFFAZ98CA,连江县,8,206.97,不动产买卖
南竿l,土地,清水段331~360地,477.98,其他,,,1031112,土地4建物0位0,,,其他,,,,0.0,0,0,0,有,o,4200000,8787,,0.0,0,二H等g之交易。c104年收件北中地登字第001370合闵螅r格o法拆分。,RPPNMLQLJHKFFAZ96CA,连江县,8,206.97,不动产买卖
北竿l,土地,蜃卸1~30地,48.05,住,,,1031226,土地2建物0位0,,,其他,,,,0.0,0,0,0,有,o,256107,5330,,0.0,0,向政府CP承之案件。;向政府CP承之案件。,RPPNMLRLJHKFFAZ17DA,连江县,8,206.97,不动产买卖
南竿l,土地,福沃段61~90地,417.57,其他,,,1040123,土地1建物0位0,,,其他,,,,0.0,0,0,0,有,o,41757,100,,0.0,0,向政府CP承之案件。;向政府CP承之案件。,RPPNMLQJKHKFFAZ96DA,连江县,8,206.97,不动产买卖
|引l,土地,|引西段841~870地,9.23,r,,,1040114,土地3建物0位0,,,其他,,,,0.0,0,0,0,有,o,10427,1130,,0.0,0,向政府CP承之案件。;向政府CP承之案件。,RPPNMLTJKHKFFAZ27DA,连江县,8,206.97,不动产买卖
北竿l,土地,里段511~540地,139.68,住,,,1040410,土地3建物0位0,,,其他,,,,0.0,0,0,0,有,o,1500000,10739,,0.0,0,,RPPNMLLKNHKFFAZ86DA,连江县,8,206.97,不动产买卖
北竿l,土地,大w段181~210地,115.02,住,,,1040507,土地1建物0位0,,,其他,,,,0.0,0,0,0,有,o,680000,5912,,0.0,0,,RPPNMLMKNHKFFAZ96DA,连江县,8,206.97,不动产买卖
北竿l,土地,塘岐段661~690地,162.39,商,,,1040429,土地1建物0位0,,,其他,,,,0.0,0,0,0,有,o,300000,1847,,0.0,0,,RPPNMLTJOHKFFAZ67DA,连江县,8,206.97,不动产买卖
南竿l,土地,团d段781~810地,78.2,住,,,1040603,土地1建物0位0,,,其他,,,,0.0,0,0,0,有,o,500000,6394,,0.0,0,H友、T工或其他特殊PSg之交易。,RPQNMLTJOHKFFAZ77DA,连江县,8,206.97,不动产买卖
南竿l,土地,介鄱421~450地,102.77,其他,,,1040518,土地1建物0位0,,,其他,,,,0.0,0,0,0,有,o,7500000,72978,,0.0,0,嗬人共2人r含未k保存登1羌4(2咏ㄎ),RPPNMLQJPHKFFAZ37CA,连江县,8,206.97,不动产买卖
北竿l,土地,塘岐段661~690地,71.89,住,,,1040626,土地2建物0位0,,,其他,,,,0.0,0,0,0,有,o,300000,4173,,0.0,0,H友、T工或其他特殊PSg之交易。,RPQNMLQJPHKFFAZ57DA,连江县,8,206.97,不动产买卖
北竿l,房地(土地+建物),B江h北竿l塘岐村91~120,54.68,住,,,1040622,土地2建物1位0,一樱二,二,},住家用,石造,0480731,95.0,0,0,0,o,o,1500000,,,0.0,0,土地建物交易r格o法拆分,RPPNMLQJQHKFFAZ57DA,连江县,8,206.97,不动产买卖
北竿l,土地,蜃卸391~420地,849.98,住,,,1040707,土地1建物0位0,,,其他,,,,0.0,0,0,0,有,o,2762426,3250,,0.0,0,江宏1/7|1/141/14|1/14紊?1/14,RPUNMLKLPHKFFAZ57DA,连江县,8,206.97,不动产买卖
北竿l,土地,白沙段181~210地,62.15,住,,,1040803,土地1建物0位0,,,其他,,,,0.0,0,0,0,有,o,248600,4000,,0.0,0,,RPPNMLSKQHKFFAZ87DA,连江县,8,206.97,不动产买卖
北竿l,土地,白沙段1~30地,1564.58,其他,,,1040721,土地1建物0位0,,,其他,,,,0.0,0,0,0,有,o,766644,490,,0.0,0,(包含)公共O施保留地之交易。政府CP承之案件。,RPPNMLKKRHKFFAZ17DA,连江县,8,206.97,不动产买卖
南竿l,土地,团d段751~780地,56.72,住,,,1040821,土地1建物0位0,,,其他,,,,0.0,0,0,0,有,o,450000,7934,,0.0,0,含增建或未登建物。,RPPNMLMJRHKFFAZ27DA,连江县,8,206.97,不动产买卖
南竿l,土地,团d段511~540地,118.09,其他,,,1040820,土地1建物0位0,,,其他,,,,0.0,0,0,0,有,o,46055,390,,0.0,0,,RPPNMLNJRHKFFAZ37DA,连江县,8,206.97,不动产买卖
北竿l,土地,塘岐段181~210地,369.12,住,,,1040901,土地5建物0位0,,,其他,,,,0.0,0,0,0,有,有,750000,2032,,0.0,0,有民情L俗因素之交易。,RPQNMLRJIIKFFAZ96CA,连江县,8,206.97,不动产买卖
莒光l,土地,福正段361~390地,85.48,其他,,,1040907,土地1建物0位0,,,其他,,,,0.0,0,0,0,有,o,23000,269,,0.0,0,,RPPNMLLLRHKFFAZ37DA,连江县,8,206.97,不动产买卖
莒光l,土地,大坪段31~60地,91.34,其他,,,1040827,土地1建物0位0,,,其他,,,,0.0,0,0,0,有,o,324166,3549,,0.0,0,政府CP承之案件。,RPPNMLRJIIKFFAZ96DA,连江县,8,206.97,不动产买卖
莒光l,土地,田沃段481~510地,604.54,其他,,,1040922,土地1建物0位0,,,其他,,,,0.0,0,0,0,有,o,125000,207,,0.0,0,H友、T工或其他特殊PSg之交易。,RPPNMLQJIIKFFAZ86DA,连江县,8,206.97,不动产买卖
南竿l,土地,珠螺段421~450地,309.06,其他,,,1040909,土地2建物0位0,,,其他,,,,0.0,0,0,0,有,o,155443,503,,0.0,0,,RPPNMLRLIIKFFAZ17DA,连江县,8,206.97,不动产买卖
南竿l,土地,介鄱661~690地,84.56,商,,,1041020,土地1建物0位0,,,其他,,,,0.0,0,0,0,有,o,3000000,35478,,0.0,0,含增建或未登建物。,RPQNMLNJJIKFFAZ76DA,连江县,8,206.97,不动产买卖
南竿l,土地,介鄱901~930地,25.5,其他,,,1041022,土地2建物0位0,,,其他,,,,0.0,0,0,0,有,o,1500000,58824,,0.0,0,含增建或未登建物大s10坪。,RPPNMLQKJIKFFAZ07DA,连江县,8,206.97,不动产买卖
南竿l,土地,清水段1291~1320地,529.53,其他,,,1041104,土地2建物0位0,,,其他,,,,0.0,0,0,0,有,o,1482684,2800,,0.0,0,政府CP承之案件。含增建或未登建物。,RPPNMLPJJIKFFAZ86DA,连江县,8,206.97,不动产买卖
北竿l,土地,塘岐段271~300地,45.74,其他,,,1041113,土地1建物0位0,,,其他,,,,0.0,0,0,0,有,o,91480,2000,,0.0,0,向政府CP承之案件。原徵收r回,RPPNMLLJKIKFFAZ56DA,连江县,8,206.97,不动产买卖
南竿l,土地,团d段1381~1410地,49.03,住,,,1041026,土地2建物0位0,,,其他,,,,0.0,0,0,0,有,o,217162,4429,,0.0,0,,RPPNMLNJKIKFFAZ76DA,连江县,8,206.97,不动产买卖
北竿l,土地,塘岐段271~300地,45.74,其他,,,1041120,土地1建物0位0,,,其他,,,,0.0,0,0,0,有,o,150000,3279,,0.0,0,,RPQNMLLJKIKFFAZ66DA,连江县,8,206.97,不动产买卖
南竿l,土地,清水段421~450地,378.13,住,,,1041118,土地5建物0位0,,,其他,,,,0.0,0,0,0,有,o,2100000,5554,,0.0,0,嗬人共23位含未登建物,RPPNMLOLKIKFFAZ07DA,连江县,8,206.97,不动产买卖
莒光l,土地,福正段361~390地,471.31,其他,,,1041215,土地1建物0位0,,,其他,,,,0.0,0,0,0,有,o,150000,318,,0.0,0,,RPPNMLKMKIKFFAZ76DA,连江县,8,206.97,不动产买卖
莒光l,土地,田沃段121~150地,24.49,其他,,,1041208,土地1建物0位0,,,其他,,,,0.0,0,0,0,有,o,61029,2492,,0.0,0,政府CP承之案件。,RPPNMLOJJHLFFAZ76DA,连江县,8,206.97,不动产买卖
南竿l,土地,介鄱721~750地,555.95,其他,,,1041209,土地1建物0位0,,,其他,,,,0.0,0,0,0,有,o,833925,1500,,0.0,0,向政府CP承之案件。,RPPNMLRJJHLFFAZ07DA,连江县,8,206.97,不动产买卖
北竿l,土地,塘岐段211~240地,398.36,住,,,1050111,土地3建物0位0,,,其他,,,,0.0,0,0,0,有,o,2844318,7140,,0.0,0,,RPPNMLKLJHLFFAZ56DA,连江县,8,206.97,不动产买卖
南竿l,土地,介鄱841~870地,16.91,其他,,,1050315,土地2建物0位0,,,其他,,,,0.0,0,0,0,有,o,50190,2968,,0.0,0,,RPPNMLSLLHLFFAZ57DA,连江县,8,206.97,不动产买卖
南竿l,土地,仁鄱451~480地,86.35,住,,,1041104,土地1建物0位0,,,其他,,,,0.0,0,0,0,有,o,500000,5790,,0.0,0,,RPPNMLTKMHLFFAZ67DA,连江县,8,206.97,不动产买卖
南竿l,土地,团d段901~930地,147.03,其他,,,1041229,土地1建物0位0,,,其他,,,,0.0,0,0,0,有,o,57342,390,,0.0,0,,RPRNMLKLNHLFFAZ17DA,连江县,8,206.97,不动产买卖
南竿l,土地,团d段901~930地,0.78,其他,,,1041229,土地1建物0位0,,,其他,,,,0.0,0,0,0,有,o,304,0,,0.0,0,,RPQNMLKLNHLFFAZ07DA,连江县,8,206.97,不动产买卖
北竿l,房地(土地+建物),B江h北竿lB江h北竿l白沙村31~60,428.55,其他,,,1050406,土地5建物1位0,全,二,透天厝,住家用,石造,0570622,147.98,4,2,1,有,o,1719320,11619,,0.0,0,H友、T工或其他特殊PSg之交易。本案因移D衍生之金欠全部由I方。,RPPNMLPKOHLFFAZ37CA,连江县,8,206.97,不动产买卖
莒光l,土地,青帆段661~690地,41.66,住,,,1050512,土地1建物0位0,,,其他,,,,0.0,0,0,0,有,o,100000,2400,,0.0,0,,RPPNMLOKOHLFFAZ37DA,连江县,8,206.97,不动产买卖
北竿l,土地,塘岐段211~240地,191.44,住,,,1050701,土地2建物0位0,,,其他,,,,0.0,0,0,0,有,o,1700000,8880,,0.0,0,,RPPNMLLKPHLFFAZ17DA,连江县,8,206.97,不动产买卖
北竿l,土地,塘岐段211~240地,233.27,住,,,1050711,土地1建物0位0,,,其他,,,,0.0,0,0,0,有,o,2000000,8574,,0.0,0,,RPPNMLPKPHLFFAZ57DA,连江县,8,206.97,不动产买卖
北竿l,土地,蜃卸61~90地,308.54,住,,,1050616,土地2建物0位0,,,其他,,,,0.0,0,0,0,有,o,1200000,3889,,0.0,0,,RPPNMLQLPHLFFAZ67CA,连江县,8,206.97,不动产买卖
|引l,土地,|引西段751~780地,18.35,住,,,1050706,土地1建物0位0,,,其他,,,,0.0,0,0,0,有,o,85000,4632,,0.0,0,,RPPNMLKLPHLFFAZ17DA,连江县,8,206.97,不动产买卖
南竿l,土地,四S段1021~1050地,211.28,住,,,1050720,土地1建物0位0,,,其他,,,,0.0,0,0,0,有,o,198603,940,,0.0,0,,RPPNMLLJQHLFFAZ17DA,连江县,8,206.97,不动产买卖
北竿l,土地,塘岐段331~360地,139.43,住,,,1050829,土地2建物0位0,,,其他,,,,0.0,0,0,0,有,o,800000,5738,,0.0,0,H友、T工或其他特殊PSg之交易。,RPPNMLQJRHLFFAZ77DA,连江县,8,206.97,不动产买卖
南竿l,土地,福沃段511~540地,25.99,其他,,,1050914,土地2建物0位0,,,其他,,,,0.0,0,0,0,有,o,24426,940,,0.0,0,,RPPNMLNKIILFFAZ76DA,连江县,8,206.97,不动产买卖
南竿l,土地,清水段211~240地,100.84,住,,,1050926,土地1建物0位0,,,其他,,,,0.0,0,0,0,有,o,560000,5553,,0.0,0,,RPPNMLOKIILFFAZ86DA,连江县,8,206.97,不动产买卖
北竿l,土地,塘岐段511~540地,261.63,其他,,,1050920,土地6建物0位0,,,其他,,,,0.0,0,0,0,有,o,749421,2864,,0.0,0,,RPQNMLSKIILFFAZ37DA,连江县,8,206.97,不动产买卖
北竿l,土地,塘岐段511~540地,27.35,住,,,1050920,土地1建物0位0,,,其他,,,,0.0,0,0,0,有,o,153160,5600,,0.0,0,,RPPNMLSKIILFFAZ27DA,连江县,8,206.97,不动产买卖
南竿l,土地,福沃段511~540地,251.91,其他,,,1050929,土地1建物0位0,,,其他,,,,0.0,0,0,0,有,o,202500,804,,0.0,0,,RPQNMLMJJILFFAZ76DA,连江县,8,206.97,不动产买卖
南竿l,土地,四S段1021~1050地,62.26,住,,,1051021,土地2建物0位0,,,其他,,,,0.0,0,0,0,有,o,62260,1000,,0.0,0,,RPPNMLMJJILFFAZ66DA,连江县,8,206.97,不动产买卖
南竿l,土地,四S段1021~1050地,67.67,住,,,1051021,土地1建物0位0,,,其他,,,,0.0,0,0,0,有,o,67670,1000,,0.0,0,,RPQNMLRLIILFFAZ37DA,连江县,8,206.97,不动产买卖
南竿l,土地,福沃段391~420地,46.94,住,,,1051025,土地2建物0位0,,,其他,,,,0.0,0,0,0,有,o,265100,5648,,0.0,0,,RPPNMLSLIILFFAZ37DA,连江县,8,206.97,不动产买卖
|引l,土地,|引西段751~780地,33.57,住,,,1051031,土地1建物0位0,,,其他,,,,0.0,0,0,0,有,o,155000,4617,,0.0,0,,RPPNMLLKJILFFAZ66DA,连江县,8,206.97,不动产买卖
南竿l,土地,清水段1081~1110地,350.12,住,,,1051108,土地5建物0位0,,,其他,,,,0.0,0,0,0,有,o,2060013,5884,,0.0,0,,RPPNMLLJKILFFAZ66DA,连江县,8,206.97,不动产买卖
南竿l,土地,四S段181~210地,93.0,其他,,,1051024,土地1建物0位0,,,其他,,,,0.0,0,0,0,有,o,51336,552,,0.0,0,政府CP承之案件。,RPPNMLKMJILFFAZ76DA,连江县,8,206.97,不动产买卖
南竿l,土地,清水段1081~1110地,354.79,住,,,1051116,土地5建物0位0,,,其他,,,,0.0,0,0,0,有,o,2094280,5903,,0.0,0,,RPQNMLLJKILFFAZ76DA,连江县,8,206.97,不动产买卖
,土地,,0.0,,,,1051110,土地1建物0位0,,,其他,,,,0.0,0,0,0,有,o,1600000,0,,0.0,0,,RPPNMLPKKILFFAZ07CA,连江县,8,206.97,不动产买卖
南竿l,土地,清水段1141~1170地,53.92,其他,,,1051125,土地1建物0位0,,,其他,,,,0.0,0,0,0,有,o,118624,2200,,0.0,0,,RPPNMLTJKILFFAZ47DA,连江县,8,206.97,不动产买卖
南竿l,土地,R祖段481~510地,125.97,住,,,1051128,土地4建物0位0,,,其他,,,,0.0,0,0,0,有,o,71000,564,,0.0,0,,RPPNMLQKKILFFAZ27DA,连江县,8,206.97,不动产买卖
南竿l,土地,清水段391~420地,211.47,住,,,1051201,土地1建物0位0,,,其他,,,,0.0,0,0,0,有,o,1160000,5485,,0.0,0,,RPPNMLNKJHMFFAZ86DA,连江县,8,206.97,不动产买卖
南竿l,土地,福沃段511~540地,14.84,其他,,,1051202,土地1建物0位0,,,其他,,,,0.0,0,0,0,有,o,11931,804,,0.0,0,,RPRNMLNKJHMFFAZ07DA,连江县,8,206.97,不动产买卖
南竿l,土地,福沃段151~180地,186.85,住,,,1051221,土地2建物0位0,,,其他,,,,0.0,0,0,0,有,o,751710,4023,,0.0,0,,RPPNMLLKJHMFFAZ66DA,连江县,8,206.97,不动产买卖
南竿l,土地,R祖段571~600地,49.41,商,,,1051215,土地1建物0位0,,,其他,,,,0.0,0,0,0,有,o,540000,10929,,0.0,0,,RPQNMLNKJHMFFAZ96DA,连江县,8,206.97,不动产买卖
南竿l,房地(土地+建物),B江h南竿l珠螺村1~30,75.51,住,,,1060116,土地1建物1位0,全,二,透天厝,住家用,其他登事,05707,92.68,3,1,1,有,o,339990,3668,,0.0,0,,RPPNMLQJKHMFFAZ17DA,连江县,8,206.97,不动产买卖
|引l,土地,|引西段481~510地,66.58,住,,,1060202,土地1建物0位0,,,其他,,,,0.0,0,0,0,有,o,312926,4700,,0.0,0,含未登建物,RPPNMLSKKHMFFAZ47DA,连江县,8,206.97,不动产买卖
南竿l,土地,团d段871~900地,293.07,其他,,,1060221,土地2建物0位0,,,其他,,,,0.0,0,0,0,有,o,1160231,3959,,0.0,0,,RPPNMLRJLHMFFAZ37DA,连江县,8,206.97,不动产买卖
南竿l,土地,团d段871~900地,87.65,其他,,,1060221,土地1建物0位0,,,其他,,,,0.0,0,0,0,有,o,411955,4700,,0.0,0,,RPQNMLRJLHMFFAZ47DA,连江县,8,206.97,不动产买卖
北竿l,土地,蜃卸211~240地,109.88,住,,,1060327,土地1建物0位0,,,其他,,,,0.0,0,0,0,有,o,450000,4095,,0.0,0,,RPPNMLLJNHMFFAZ96DA,连江县,8,206.97,不动产买卖
南竿l,土地,清水段391~420地,21.15,其他,,,1060327,土地1建物0位0,,,其他,,,,0.0,0,0,0,有,o,121382,5739,,0.0,0,,RPPNMLPLMHMFFAZ47DA,连江县,8,206.97,不动产买卖
南竿l,土地,福沃段511~540地,3.99,其他,,,1060324,土地1建物0位0,,,其他,,,,0.0,0,0,0,有,o,3380,847,,0.0,0,,RPPNMLRKMHMFFAZ57DA,连江县,8,206.97,不动产买卖
南竿l,土地,仁鄱481~510地,40.53,其他,,,1060331,土地1建物0位0,,,其他,,,,0.0,0,0,0,有,o,229197,5655,,0.0,0,,RPPNMLTKMHMFFAZ77DA,连江县,8,206.97,不动产买卖
南竿l,土地,福沃段331~360地,19.23,商,,,1060417,土地1建物0位0,,,其他,,,,0.0,0,0,0,有,o,198090,10301,,0.0,0,,RPQNMLSKNHMFFAZ87DA,连江县,8,206.97,不动产买卖
南竿l,土地,团d段2521~2550地,10.82,住,,,1060501,土地2建物0位0,,,其他,,,,0.0,0,0,0,有,o,53018,4900,,0.0,0,,RPPNMLSKNHMFFAZ77DA,连江县,8,206.97,不动产买卖
莒光l,房地(土地+建物),B江h莒光l福正村31~60,109.75,住,,,1060518,土地1建物1位0,全,二,透天厝,住家用,筋混凝土造,1010921,126.0,4,2,4,有,o,348275,2764,,0.0,0,,RPPNMLNKOHMFFAZ37DA,连江县,8,206.97,不动产买卖
|引l,土地,|引西段61~90地,71.59,其他,,,1060524,土地1建物0位0,,,其他,,,,0.0,0,0,0,有,o,17396,243,,0.0,0,,RPPNMLMKOHMFFAZ27DA,连江县,8,206.97,不动产买卖
南竿l,土地,介鄱31~60地,56.38,住,,,1060518,土地1建物0位0,,,其他,,,,0.0,0,0,0,有,o,395000,7006,,0.0,0,,RPQNMLQJPHMFFAZ77DA,连江县,8,206.97,不动产买卖
南竿l,土地,仁鄱421~450地,207.04,住,,,1060612,土地5建物0位0,,,其他,,,,0.0,0,0,0,有,o,1139000,5501,,0.0,0,,RPPNMLLLPHMFFAZ37DA,连江县,8,206.97,不动产买卖
南竿l,土地,津沙段811~840地,1237.48,其他,,,1060526,土地3建物0位0,,,其他,,,,0.0,0,0,0,有,o,3800000,3071,,0.0,0,,RPPNMLRKPHMFFAZ87DA,连江县,8,206.97,不动产买卖
南竿l,土地,R祖段121~150地,147.57,住,,,1060626,土地4建物0位0,,,其他,,,,0.0,0,0,0,有,o,605050,4100,,0.0,0,,RPPNMLQJPHMFFAZ67DA,连江县,8,206.97,不动产买卖
南竿l,土地,R祖段121~150地,35.73,住,,,1060707,土地2建物0位0,,,其他,,,,0.0,0,0,0,有,o,139121,3894,,0.0,0,,RPPNMLLKPHMFFAZ27DA,连江县,8,206.97,不动产买卖
南竿l,土地,清水段1141~1170地,253.51,其他,,,1060707,土地3建物0位0,,,其他,,,,0.0,0,0,0,有,o,460065,1815,,0.0,0,,RPPNMLMKPHMFFAZ37DA,连江县,8,206.97,不动产买卖
北竿l,土地,白沙段91~120地,19.87,住,,,1060717,土地1建物0位0,,,其他,,,,0.0,0,0,0,有,o,83470,4201,,0.0,0,,RPPNMLTJQHMFFAZ08DA,连江县,8,206.97,不动产买卖
莒光l,土地,大坪段811~840地,37.38,住,,,1060731,土地1建物0位0,,,其他,,,,0.0,0,0,0,有,o,163351,4370,,0.0,0,,RPPNMLNKRHMFFAZ67DA,连江县,8,206.97,不动产买卖
莒光l,土地,福正段631~660地,876.79,其他,,,1050829,土地4建物0位0,,,其他,,,,0.0,0,0,0,有,o,100000,114,,0.0,0,,RPPNMLLJRHMFFAZ37DA,连江县,8,206.97,不动产买卖
莒光l,土地,福正段481~510地,1351.19,其他,,,1060821,土地1建物0位0,,,其他,,,,0.0,0,0,0,有,o,795851,589,,0.0,0,,RPQNMLNKRHMFFAZ77DA,连江县,8,206.97,不动产买卖
莒光l,土地,福正段871~900地,949.63,其他,,,1060825,土地3建物0位0,,,其他,,,,0.0,0,0,0,有,o,559154,589,,0.0,0,,RPRNMLNKRHMFFAZ87DA,连江县,8,206.97,不动产买卖
南竿l,土地,仁鄱571~600地,89.89,其他,,,1060908,土地1建物0位0,,,其他,,,,0.0,0,0,0,有,o,482493,5368,,0.0,0,政府CP向民承之案件。,RPPNMLQLRHMFFAZ08DA,连江县,8,206.97,不动产买卖
南竿l,土地,清水段391~420地,11.55,其他,,,1061011,土地3建物0位0,,,其他,,,,0.0,0,0,0,有,o,15000,1299,,0.0,0,,RPPNMLRKIIMFFAZ27DA,连江县,8,206.97,不动产买卖
南竿l,土地,珠螺段91~120地,475.44,其他,,,1061013,土地4建物0位0,,,其他,,,,0.0,0,0,0,有,o,177777,374,,0.0,0,,RPPNMLSLJIMFFAZ57DA,连江县,8,206.97,不动产买卖
南竿l,土地,介鄱841~870地,53.06,其他,,,1060906,土地1建物0位0,,,其他,,,,0.0,0,0,0,有,o,150000,2827,,0.0,0,,RPPNMLNLJIMFFAZ07DA,连江县,8,206.97,不动产买卖
南竿l,土地,清水段1081~1110地,76.54,住,,,1051222,土地1建物0位0,,,其他,,,,0.0,0,0,0,有,o,711450,9295,,0.0,0,,RPPNMLLLJIMFFAZ86DA,连江县,8,206.97,不动产买卖
莒光l,土地,大坪段31~60地,302.5,其他,,,1061102,土地1建物0位0,,,其他,,,,0.0,0,0,0,有,o,800000,2645,,0.0,0,,RPQNMLLLJIMFFAZ96DA,连江县,8,206.97,不动产买卖
南竿l,土地,介鄱661~690地,14.54,商,,,1061107,土地1建物0位0,,,其他,,,,0.0,0,0,0,有,o,150000,10316,,0.0,0,,RPQNMLKLJIMFFAZ86DA,连江县,8,206.97,不动产买卖
南竿l,土地,介鄱661~690地,14.54,商,,,1061108,土地1建物0位0,,,其他,,,,0.0,0,0,0,有,o,150000,10316,,0.0,0,,RPPNMLKLJIMFFAZ76DA,连江县,8,206.97,不动产买卖
南竿l,土地,介鄱661~690地,43.63,商,,,1061109,土地1建物0位0,,,其他,,,,0.0,0,0,0,有,o,450000,10314,,0.0,0,,RPRNMLKLJIMFFAZ96DA,连江县,8,206.97,不动产买卖
|引l,土地,|引西段721~750地,65.82,商,,,1061121,土地2建物0位0,,,其他,,,,0.0,0,0,0,有,o,500000,7596,,0.0,0,,RPQNMLRJKIMFFAZ47DA,连江县,8,206.97,不动产买卖
|引l,土地,|引西段751~780地,62.21,其他,,,1061124,土地1建物0位0,,,其他,,,,0.0,0,0,0,有,o,25000,402,,0.0,0,,RPPNMLRJKIMFFAZ37DA,连江县,8,206.97,不动产买卖
|引l,土地,|引西段1231~1260地,182.97,其他,,,1061220,土地2建物0位0,,,其他,,,,0.0,0,0,0,有,o,70570,386,,0.0,0,,RPPNMLOJJHNFFAZ96DA,连江县,8,206.97,不动产买卖
北竿l,土地,大w段121~150地,287.28,其他,,,1061129,土地2建物0位0,,,其他,,,,0.0,0,0,0,有,o,101989,355,,0.0,0,,RPPNMLPKJHNFFAZ07CA,连江县,8,206.97,不动产买卖
|引l,土地,|引西段1051~1080地,30.73,其他,,,1061205,土地1建物0位0,,,其他,,,,0.0,0,0,0,有,o,11370,370,,0.0,0,,RPPNMLMLJHNFFAZ96DA,连江县,8,206.97,不动产买卖
北竿l,土地,蜃卸151~180地,119.31,住,,,1061228,土地1建物0位0,,,其他,,,,0.0,0,0,0,有,o,1500000,12572,,0.0,0,,RPPNMLRJKHNFFAZ37DA,连江县,8,206.97,不动产买卖
南竿l,土地,介鄱661~690地,14.54,其他,,,1070111,土地1建物0位0,,,其他,,,,0.0,0,0,0,有,o,150000,10316,,0.0,0,,RPPNMLSJKHNFFAZ37CA,连江县,8,206.97,不动产买卖
南竿l,土地,介鄱841~870地,8.2,其他,,,1070307,土地1建物0位0,,,其他,,,,0.0,0,0,0,有,o,19230,2345,,0.0,0,,RPPNMLSJLHNFFAZ57DA,连江县,8,206.97,不动产买卖
南竿l,土地,介鄱841~870地,8.2,其他,,,1070322,土地1建物0位0,,,其他,,,,0.0,0,0,0,有,o,19235,2346,,0.0,0,,RPPNMLNLMHNFFAZ37DA,连江县,8,206.97,不动产买卖
|引l,土地,|引西段721~750地,16.71,住,,,1070409,土地1建物0位0,,,其他,,,,0.0,0,0,0,有,o,84000,5027,,0.0,0,,RPPNMLNKMHNFFAZ27DA,连江县,8,206.97,不动产买卖
北竿l,土地,塘岐段511~540地,18.24,商,,,1070412,土地1建物0位0,,,其他,,,,0.0,0,0,0,有,o,222528,12200,,0.0,0,,RPPNMLTKMHNFFAZ87DA,连江县,8,206.97,不动产买卖
南竿l,土地,R祖段31~60地,5.19,住,,,1070417,土地1建物0位0,,,其他,,,,0.0,0,0,0,有,o,22836,4400,,0.0,0,,RPQNMLPLOHNFFAZ87DA,连江县,8,206.97,不动产买卖
北竿l,房地(土地+建物),B江h北竿l塘岐村2731~2760,1554.16,住,,,1070703,土地1建物1位0,一樱二樱三樱屋突出物,三,店面(店),其他登事,筋混凝土造,0940801,2000.61,40,3,41,有,o,47000000,23493,,0.0,0,H友、T工或其他特殊PSg之交易。;,RPRNMLNJPHNFFAZ67DA,连江县,8,206.97,不动产买卖
莒光l,土地,大坪段601~630地,6.07,住,,,1070621,土地1建物0位0,,,其他,,,,0.0,0,0,0,有,o,7891,1300,,0.0,0,,RPPNMLLLOHNFFAZ37DA,连江县,8,206.97,不动产买卖
南竿l,土地,团d段1171~1200地,167.11,住,,,1070607,土地1建物0位0,,,其他,,,,0.0,0,0,0,有,o,818839,4900,,0.0,0,,RPPNMLMJPHNFFAZ37DA,连江县,8,206.97,不动产买卖
北竿l,土地,塘岐段811~840地,289.07,其他,,,1070823,土地1建物0位0,,,其他,,,,0.0,0,0,0,有,o,15302071,52936,,0.0,0,,RPPNMLSJIINFFAZ37DA,连江县,8,206.97,不动产买卖
南竿l,土地,福沃段301~330地,45.04,住,,,1071003,土地1建物0位0,,,其他,,,,0.0,0,0,0,有,o,490936,10900,,0.0,0,H友、T工或其他特殊PSg之交易。;含增建或未登建物。;,RPPNMLKLIINFFAZ66CA,连江县,8,206.97,不动产买卖
南竿l,土地,福沃段301~330地,6.33,商,,,1071015,土地1建物0位0,,,其他,,,,0.0,0,0,0,有,o,68950,10893,,0.0,0,,RPPNMLMLJINFFAZ07DA,连江县,8,206.97,不动产买卖
南竿l,土地,介鄱841~870地,33.68,其他,,,1060906,土地1建物0位0,,,其他,,,,0.0,0,0,0,有,o,169861,5043,,0.0,0,,RPPNMLSLJINFFAZ67DA,连江县,8,206.97,不动产买卖
南竿l,土地,介鄱811~840地,30.87,住,,,1071012,土地1建物0位0,,,其他,,,,0.0,0,0,0,有,o,182156,5901,,0.0,0,,RPPNMLRJJINFFAZ37DA,连江县,8,206.97,不动产买卖
南竿l,土地,福沃段511~540地,12.99,住,,,1071022,土地1建物0位0,,,其他,,,,0.0,0,0,0,有,o,11000,847,,0.0,0,,RPQNMLLJJINFFAZ86DA,连江县,8,206.97,不动产买卖
北竿l,土地,塘岐段181~210地,787.21,其他,,,1071121,土地2建物0位0,,,其他,,,,0.0,0,0,0,有,o,9800000,12449,,0.0,0,,RPPNMLPLKINFFAZ47DA,连江县,8,206.97,不动产买卖
南竿l,土地,介鄱121~150地,64.09,住,,,1071128,土地1建物0位0,,,其他,,,,0.0,0,0,0,有,o,474300,7401,,0.0,0,,RPPNMLKMJINFFAZ96DA,连江县,8,206.97,不动产买卖
南竿l,土地,福沃段511~540地,3.99,其他,,,1071128,土地1建物0位0,,,其他,,,,0.0,0,0,0,有,o,30000,7519,,0.0,0,,RPPNMLLKKINFFAZ96DA,连江县,8,206.97,不动产买卖
北竿l,土地,里段751~780地,68.94,其他,,,1071004,土地2建物0位0,,,其他,,,,0.0,0,0,0,有,o,360000,5222,,0.0,0,H友、T工或其他特殊PSg之交易。;,RPPNMLNKKINFFAZ17DA,连江县,8,206.97,不动产买卖
南竿l,土地,介鄱871~900地,198.22,r,,,1071210,土地2建物0位0,,,其他,,,,0.0,0,0,0,有,o,278000,1402,,0.0,0,,RPPNMLSLJHOFFAZ67DA,连江县,8,206.97,不动产买卖
北竿l,土地,塘岐段811~840地,32.7,其他,,,1071212,土地2建物0位0,,,其他,,,,0.0,0,0,0,有,o,196522,6010,,0.0,0,,RPPNMLTJJHOFFAZ57DA,连江县,8,206.97,不动产买卖
北竿l,土地,塘岐段481~510地,27.63,住,,,1071212,土地1建物0位0,,,其他,,,,0.0,0,0,0,有,o,200594,7260,,0.0,0,,RPQNMLTJJHOFFAZ67DA,连江县,8,206.97,不动产买卖
南竿l,土地,介鄱661~690地,14.54,商,,,1080109,土地1建物0位0,,,其他,,,,0.0,0,0,0,有,o,123000,8459,,0.0,0,,RPPNMLOKJHOFFAZ17DA,连江县,8,206.97,不动产买卖
北竿l,土地,里段751~780地,68.94,其他,,,1071222,土地2建物0位0,,,其他,,,,0.0,0,0,0,有,o,400000,5802,,0.0,0,H友、T工或其他特殊PSg之交易。;,RPPNMLKMJHOFFAZ96DA,连江县,8,206.97,不动产买卖
