南投市,房地(土地+建物),南投h南投市中d路775巷1~30,32.0,其他,,,1011102,土地1建物1位0,全,3,透天厝,住商用,筋混凝土加u造,0710830,88.54,4,1,2,有,o,有,7000,79,,0.0,0,,RPOOMLPJJIHFFAM08DC,南投县,5,130.65,不动产租赁
草屯,房地(土地+建物),南投h草屯富林路三段1~30,83.0,其他,,,1011007,土地1建物1位0,全,2,透天厝,住家用,筋混凝土造,0691108,101.52,4,3,2,有,o,o,7000,69,,0.0,0,,RPTOMLPJJIHFFBM58CC,南投县,5,130.65,不动产租赁
南投市,房地(土地+建物),南投h南投市南新路341巷1~30,95.79,住,,,1011101,土地1建物1位0,全,3,透天厝,住家用,筋混凝土造,0840615,151.18,4,2,3,有,o,o,10000,66,,0.0,0,租U橥柑熵日,RPWNMLQJJIHFFAM88DC,南投县,5,130.65,不动产租赁
南投市,房地(土地+建物),南投h南投市南一路91~120,77.0,其他,,,1011110,土地1建物1位0,全,2,透天厝,住商用,筋混凝土加u造,0690109,103.95,6,2,4,有,o,有,15000,144,,0.0,0,,RPUNMLQJJIHFFAM58CC,南投县,5,130.65,不动产租赁
南投市,土地,茄{_段361~390地,840.0,r,特定rI^,r牧用地,1011105,土地1建物0位0,,,其他,,,,0.0,0,0,0,有,o,有,333,0,,0.0,0,,RPUNMLPKJIHFFAM58CC,南投县,5,130.65,不动产租赁
南投市,房地(土地+建物),南投h南投市漳和里彰南路二段391~420,72.0,住,,,1011116,土地1建物1位0,全,3,透天厝,住商用,筋混凝土造,0951019,20.0,0,0,0,o,o,o,12000,600,,0.0,0,面e樽约Q算，oHy量,RPPNMLKLJIHFFAM77DC,南投县,5,130.65,不动产租赁
南投市,房地(土地+建物),南投h南投市IP路211~240,99.11,,l村^,乙N建B用地,1011104,土地1建物1位0,全,2,透天厝,住家用,筋混凝土加u造,0750314,118.0,5,2,2,有,o,o,8000,68,,0.0,0,,RPTNMLKLJIHFFAM18DC,南投县,5,130.65,不动产租赁
草屯,土地,草屯段301~330地,147.0,其他,,,1011201,土地2建物0位0,,,其他,,,,0.0,0,0,0,o,o,o,16000,109,,0.0,0,o建,RPRNMLLLJIHFFBM08CC,南投县,5,130.65,不动产租赁
南投市,房地(土地+建物),南投h南投市中d路451~480,14.26,其他,,,1011210,土地1建物1位0,二,16,住宅大(11雍以上有梯),其他登事,筋混凝土造,0831109,105.01,3,0,1,有,o,o,10000,95,,0.0,0,,RPQNMLMLJIHFFAM08DC,南投县,5,130.65,不动产租赁
南投市,房地(土地+建物),南投h南投市省府路61~90,3204.99,其他,,,1011201,土地2建物1位0,二,2,r舍,r舍,加u造,0840704,153.6,7,2,2,有,o,o,45000,,,0.0,0,,RPTNMLMLJIHFFAM28CC,南投县,5,130.65,不动产租赁
埔里,房地(土地+建物),南投h埔里北h路211~240,83.65,住,,,1011101,土地1建物1位0,二,12,店面(店),其他登事,筋混凝土造,0830708,311.84,4,1,3,有,有,o,26000,83,,0.0,0,,RPSNMLNLJIHFFCM58DC,南投县,5,130.65,不动产租赁
南投市,房地(土地+建物),南投h南投市南一路297巷1~30,81.0,其他,,,1011025,土地1建物1位0,全,2,透天厝,住家用,筋混凝土加u造,0681017,95.25,4,2,3,有,o,有,8000,84,,0.0,0,,RPTNMLQLJIHFFAM88EC,南投县,5,130.65,不动产租赁
草屯,土地,新永安段991~1020地,113.11,住,,,1011107,土地1建物0位0,,,其他,,,,0.0,1,1,1,有,o,o,4500,40,,0.0,0,含地上物未k保存登F皮屋一,RPRNMLQLJIHFFBM58CC,南投县,5,130.65,不动产租赁
南投市,房地(土地+建物),南投h南投市省府路61~90,3204.99,其他,,,1011201,土地2建物1位0,二,2,r舍,r舍,加u造,0840704,153.6,7,2,2,有,o,o,22500,,,0.0,0,,RPUNMLQLJIHFFAM78CC,南投县,5,130.65,不动产租赁
南投市,建物,南投h南投市文林路53巷1~30,113.0,其他,,,1011201,土地0建物1位0,三,5,公寓(5呛以下o梯),住家用,筋混凝土造,0840606,32.13,2,1,1,有,o,有,5000,156,,0.0,0,,RPRNMLQLJIHFFAM58DC,南投县,5,130.65,不动产租赁
南投市,房地(土地+建物),南投h南投市中d路182巷1~30,66.7,其他,,,1011220,土地1建物1位0,全,4,透天厝,住商用,筋混凝土造,0910521,190.17,7,3,3,有,o,o,12000,63,,0.0,0,,RPOOMLNJKIHFFAM87CC,南投县,5,130.65,不动产租赁
竹山,房地(土地+建物),南投h竹山大智路511~540,115.09,住,,,1011130,土地1建物1位0,其他登事,4,店面(店),住商用,筋混凝土造,0820821,246.04,4,1,3,有,o,o,7000,28,,0.0,0,"全租U,租U期g102年1月1日至104年12月31日止。",RPPNMLNJKIHFFDM28DC,南投县,5,130.65,不动产租赁
草屯,土地,新屋段451~480地,1184.2,r,,,1011130,土地1建物0位0,,,其他,,,,0.0,0,0,0,有,o,有,25000,21,,0.0,0,含地上物未k保存登F皮屋一,RPRNMLPJKIHFFBM38CC,南投县,5,130.65,不动产租赁
南投市,房地(土地+建物),南投h南投市文化路17巷1~30,71.0,住,,,1011201,土地1建物1位0,全,3,透天厝,住家用,筋混凝土造,0840915,213.82,4,2,3,有,o,o,10000,47,,0.0,0,,RPVNMLPJKIHFFAM68CC,南投县,5,130.65,不动产租赁
南投市,房地(土地+建物)+位,南投h南投市大同街31~60,6037.0,商,,,1011201,土地1建物1位1,全,4,透天厝,住商用,筋混凝土造,0870106,237.55,5,2,3,有,o,o,16000,67,坡道平面,0.0,0,,RPTNMLRJKIHFFAM68CC,南投县,5,130.65,不动产租赁
南投市,房地(土地+建物),南投h南投市祖祠路241~270,563.0,住,,,1020101,土地1建物1位0,一,1,},商I用,造,0840812,252.17,1,0,0,o,o,o,32000,,,0.0,0,,RPPNMLRJKIHFFAM38DC,南投县,5,130.65,不动产租赁
草屯,房地(土地+建物),南投h草屯草鞋墩一街1~30,99.22,商,,,1011210,土地2建物1位0,四,4,店面(店),其他登事,筋混凝土造,0961220,259.05,0,0,0,o,o,o,28000,108,,0.0,0,,RPPNMLLKKIHFFBM97DC,南投县,5,130.65,不动产租赁
草屯,房地(土地+建物),南投h草屯太平路一段331~360,69.0,住,,,1020101,土地1建物1位0,三,3,店面(店),住商用,筋混凝土造,0900209,143.61,3,2,3,有,o,o,12000,84,,0.0,0,,RPPNMLPKKIHFFBM28CC,南投县,5,130.65,不动产租赁
南投市,房地(土地+建物),南投h南投市中d路243巷1~30,166.22,,l村^,乙N建B用地,1011216,土地1建物1位0,一,1,其他,住家用,其他登事,0660101,76.48,3,2,1,有,o,有,9000,118,,0.0,0,,RPWOMLMLKIHFFAM78CC,南投县,5,130.65,不动产租赁
南投市,房地(土地+建物),南投h南投市同源路十街61~90,242.0,工,工I^,丁N建B用地,1011225,土地1建物1位0,一,4,公寓(5呛以下o梯),住家用,筋混凝土造,1000829,72.43,2,1,1,有,o,有,8000,110,,0.0,0,,RPUNMLSLKIHFFAM09CC,南投县,5,130.65,不动产租赁
草屯,房地(土地+建物),南投h草屯碧d路一段918巷61~90,84.26,,一般rI^,甲N建B用地,1020102,土地1建物1位0,全,3,透天厝,住家用,筋混凝土造,0870502,170.11,4,2,3,有,o,有,6500,38,,0.0,0,,RPSNMLOJJHIFFBM38DC,南投县,5,130.65,不动产租赁
南投市,房地(土地+建物),南投h南投市芳美路399巷1~30,101.0,其他,,,1020118,土地1建物1位0,全,3,透天厝,住家用,筋混凝土加u造,0770917,97.0,4,2,2,有,o,有,8000,82,,0.0,0,,RPUNMLSJJHIFFAM78CC,南投县,5,130.65,不动产租赁
草屯,土地,建d段1261~1290地,748.15,商,,,1020701,土地1建物0位0,,,其他,,,,0.0,0,0,0,有,o,o,80000,107,,0.0,0,,RPUNMLSJJHIFFBM88CC,南投县,5,130.65,不动产租赁
南投市,房地(土地+建物),南投h南投市彰南路三段151~180,8.2,其他,,,1020107,土地1建物1位0,一,1,套房(1房1d1l),住家用,筋混凝土造,0831011,54.34,1,1,1,有,o,有,6000,110,,0.0,0,,RPQNMLTJJHIFFAM48CC,南投县,5,130.65,不动产租赁
草屯,土地,新虎山段421~450地,40.0,其他,,,1011230,土地1建物0位0,,,其他,,,,0.0,0,0,0,有,o,o,6500,163,,0.0,0,此P土地有未保存登的F皮屋,RPUNMLTJJHIFFBM09DC,南投县,5,130.65,不动产租赁
草屯,房地(土地+建物),南投h草屯虎山路271~300,92.5,住,,,1020104,土地1建物1位0,全,3,透天厝,其他登事,筋混凝土造,1010605,129.82,4,3,4,有,o,o,30000,231,,0.0,0,租U1至3印,RPUNMLLKJHIFFBM38DC,南投县,5,130.65,不动产租赁
草屯,房地(土地+建物),南投h草屯碧山路763巷1~30,78.12,其他,l村^,乙N建B用地,1020121,土地1建物1位0,全,2,透天厝,住家用,筋混凝土加u造,0680514,128.26,3,2,2,有,o,o,7000,55,,0.0,0,,RPOOMLOKJHIFFBM18DC,南投县,5,130.65,不动产租赁
南投市,土地,A新段61~90地,780.13,其他,,,1020117,土地2建物0位0,,,其他,,,,0.0,0,0,0,有,o,o,64000,82,,0.0,0,,RPROMLLJKHIFFAM97CC,南投县,5,130.65,不动产租赁
草屯,土地,炎峰段601~630地,133.92,住,,,1020301,土地1建物0位0,,,其他,,,,0.0,0,0,0,有,o,o,10000,75,,0.0,0,有民情L俗因素之交易。;含增建或未登建物。,RPQNMLNLKHIFFBM28CC,南投县,5,130.65,不动产租赁
草屯,房地(土地+建物),南投h草屯碧峰路438巷121~150,1950.0,r,特定rI^,r牧用地,1020315,土地1建物1位0,一,1,工S,r舍,其他登事,0870908,285.29,2,1,1,有,o,o,20000,,,0.0,0,,RPSNMLPLKHIFFBM68CC,南投县,5,130.65,不动产租赁
南投市,房地(土地+建物),南投h南投市同源十街31~60,137.18,,工I^,丁N建B用地,1020301,土地1建物2位0,二,4,公寓(5呛以下o梯),住家用,筋混凝土造,1000829,137.18,2,2,1,有,o,o,16000,117,,0.0,0,,RPPNMLQLKHIFFAM38CC,南投县,5,130.65,不动产租赁
南投市,建物,南投h南投市文化路102巷1~30,94.0,,,,1020310,土地0建物0位0,全,3,透天厝,住家用,筋混凝土造,0771202,52.75,1,0,1,有,o,有,5500,104,,0.0,0,,RPRNMLRJLHIFFAM68DC,南投县,5,130.65,不动产租赁
草屯,土地,新屋段1321~1350地,155.43,住,,,1020301,土地1建物0位0,,,其他,,,,0.0,0,0,0,有,o,o,12000,77,,0.0,0,有民情L俗因素之交易。;含未登建物,RPRNMLLKLHIFFBM18CC,南投县,5,130.65,不动产租赁
草屯,房地(土地+建物),南投h草屯碧峰路一段31~60,1985.31,其他,l村^,乙N建B用地,1020310,土地1建物1位0,四,4,店面(店),住商用,筋混凝土造,0820503,194.6,4,3,3,有,o,有,11000,57,,0.0,0,,RPTNMLMKLHIFFBM48CC,南投县,5,130.65,不动产租赁
南投市,房地(土地+建物),南投h南投市平山一路一接65巷1~30,1128.0,其他,,,1020310,土地1建物1位0,三,7,AB(10雍以下有梯),民住宅,筋混凝土造,0870414,65.59,3,1,2,有,o,有,8000,122,,0.0,0,,RPTNMLMKLHIFFAM38CC,南投县,5,130.65,不动产租赁
南投市,房地(土地+建物),南投h南投市仁x路112巷2弄1~30,93.03,其他,,,1020315,土地1建物1位0,全,4,透天厝,其他登事,筋混凝土造,0841019,201.4,4,3,3,有,o,有,11500,57,,0.0,0,,RPUNMLMKLHIFFAM48CC,南投县,5,130.65,不动产租赁
草屯,土地,光A段1~30地,1262.0,,特定rI^,甲N建B用地,1020301,土地1建物0位0,,,其他,,,,0.0,0,0,0,有,o,o,68000,54,,0.0,0,,RPQNMLLLLHIFFBM28DC,南投县,5,130.65,不动产租赁
南投市,土地,扰d段1~30地,1549.3,r,,,1020301,土地1建物0位0,,,其他,,,,0.0,0,0,0,有,o,有,30000,19,,0.0,0,,RPPNMLQLLHIFFAM58DC,南投县,5,130.65,不动产租赁
南投市,房地(土地+建物),南投h南投市大庄路131巷11弄1~30,36.3,住,,,1020321,土地1建物1位0,全,3,透天厝,住家用,筋混凝土造,0920819,56.35,3,3,3,有,o,有,12000,213,,0.0,0,,RPPNMLRLLHIFFAM68DC,南投县,5,130.65,不动产租赁
竹山,房地(土地+建物),南投h竹山中山路1~30,131.99,住,,,1020401,土地2建物1位0,全,3,透天厝,住家用,筋混凝土造,0830314,161.2,4,2,3,有,o,o,12500,78,,0.0,0,,RPRNMLMJMHIFFDM58DC,南投县,5,130.65,不动产租赁
南投市,房地(土地+建物),南投h南投市同源十街31~60,242.0,,工I^,丁N建B用地,1020403,土地1建物1位0,一,,公寓(5呛以下o梯),,,,75.0,2,1,1,有,o,o,8000,107,,0.0,0,,RPUNMLNJMHIFFAM58CC,南投县,5,130.65,不动产租赁
南投市,房地(土地+建物),南投h南投市新d路291巷31~60,95.78,住,,,1020319,土地1建物1位0,全,2,透天厝,住家用,筋混凝土造,0760916,95.76,3,1,2,有,o,有,9000,94,,0.0,0,,RPQNMLKKMHIFFAM08DC,南投县,5,130.65,不动产租赁
草屯,土地,茄N段541~570地,2339.0,,特定rI^,r牧用地,1020324,土地1建物0位0,,,其他,,,,0.0,0,0,0,有,o,有,60000,26,,0.0,0,有民情L俗因素之交易。;含增建或未登建物。,RPPNMLMKMHIFFBM28DC,南投县,5,130.65,不动产租赁
南投市,建物,南投h南投市建路1~30,19.8,,,,1020415,土地0建物1位0,二,13,住宅大(11雍以上有梯),其他登事,筋混凝土造,0871027,92.5,2,1,2,有,o,有,10000,108,,0.0,0,,RPSNMLPKMHIFFAM78DC,南投县,5,130.65,不动产租赁
南投市,房地(土地+建物),南投h南投市信x街250巷31~60,4912.0,其他,,,1020415,土地2建物1位0,二,4,公寓(5呛以下o梯),住家用,筋混凝土造,0920821,56.92,3,2,2,有,o,有,6000,105,,0.0,0,,RPQNMLSKMHIFFAM78CC,南投县,5,130.65,不动产租赁
南投市,房地(土地+建物)+位,南投h南投市W路31~60,95.93,其他,,,1020417,土地1建物1位1,全,4,透天厝,住商用,筋混凝土造,0960510,166.85,4,2,4,有,o,o,20000,120,一瞧矫,0.0,0,,RPTNMLSKMHIFFAM09CC,南投县,5,130.65,不动产租赁
竹山,土地,和d段421~450地,30.9,商,特定Ｓ^,土保安用地,1020407,土地1建物0位0,,,其他,,,,0.0,0,0,0,有,o,有,65000,2104,,0.0,0,有民情L俗因素之交易。;未登建物1+2,RPQNMLTKMHIFFDM56CC,南投县,5,130.65,不动产租赁
南投市,房地(土地+建物)+位,南投h南投市|山路443巷61~90,6.07,住,l村^,乙N建B用地,1020420,土地1建物1位1,七,11,AB(10雍以下有梯),住家用,筋混凝土造,0831007,21.58,3,2,2,有,有,有,6000,278,升降C械,0.0,0,,RPSNMLMLMHIFFAM58DC,南投县,5,130.65,不动产租赁
名gl,建物,南投h名gl名松路一段31~60,96.17,,,,1020501,土地0建物1位0,全,3,透天厝,住商用,筋混凝土造,0720330,123.63,2,1,1,有,o,o,7000,57,,0.0,0,,RPXNMLNLMHIFFAM56DC,南投县,5,130.65,不动产租赁
埔里,房地(土地+建物),南投h埔里信x路271~300,142.0,住,,,1020401,土地1建物1位0,全,3,透天厝,其他登事,筋混凝土造,0770518,159.74,4,2,3,有,o,o,15000,94,,0.0,0,,RPUNMLKMMHIFFCM88DC,南投县,5,130.65,不动产租赁
草屯,房地(土地+建物),南投h草屯保安街1~30,66.83,,l村^,乙N建B用地,1020420,土地1建物1位0,全,4,透天厝,民住宅,筋混凝土造,0891212,111.98,4,3,3,有,o,o,10000,89,,0.0,0,整租U,RPPNMLQJNHIFFBM58CC,南投县,5,130.65,不动产租赁
埔里,房地(土地+建物),南投h埔里中山路二段121~150,137.03,住,,,1020501,土地1建物1位0,其他登事,3,店面(店),住商用,筋混凝土加u造,0601223,130.88,3,2,2,有,o,o,20000,153,,0.0,0,,RPOOMLKLNHIFFCM28CC,南投县,5,130.65,不动产租赁
草屯,房地(土地+建物),南投h草屯御富路391~420,170.91,住,,,1020518,土地1建物1位0,全,3,透天厝,住商用,筋混凝土造,0781227,362.04,0,0,0,o,o,o,17000,47,,0.0,0,全租U,RPXNMLKLNHIFFBM09DC,南投县,5,130.65,不动产租赁
草屯,房地(土地+建物),南投h草屯玉屏路151~180,98.46,r,特定rI^,甲N建B用地,1020601,土地1建物1位0,全,3,透天厝,住家用,筋混凝土造,0821230,174.07,4,3,3,有,o,o,9000,52,,0.0,0,,RPVNMLLLNHIFFBM88CC,南投县,5,130.65,不动产租赁
草屯,房地(土地+建物),南投h草屯虎山路353巷1~30,80.96,其他,,,1020701,土地1建物1位0,全,4,透天厝,住商用,筋混凝土造,0820626,296.43,4,3,3,有,o,o,13500,46,,0.0,0,全租U,RPQNMLMLNHIFFBM58DC,南投县,5,130.65,不动产租赁
南投市,建物,南投h南投市文林路53巷1~30,65.0,住,,,1020525,土地0建物1位0,一,5,公寓(5呛以下o梯),住家用,筋混凝土造,0840606,19.5,1,1,1,有,o,有,5000,256,,0.0,0,,RPVNMLSLNHIFFAM86CC,南投县,5,130.65,不动产租赁
南投市,房地(土地+建物),南投h南投市中d路58巷31~60,99.98,住,,,1020620,土地1建物1位0,全,3,透天厝,住家用,筋混凝土造,0820426,141.72,4,2,5,有,o,o,15000,106,,0.0,0,,RPWNMLSLNHIFFAM96CC,南投县,5,130.65,不动产租赁
草屯,房地(土地+建物),南投h草屯自由街31~60,2.67,其他,,,1020601,土地1建物1位0,十一,12,套房(1房1d1l),住家用,筋混凝土造,0840927,32.79,1,1,1,有,o,o,5500,168,,0.0,0,,RPPNMLLJOHIFFBM18CC,南投县,5,130.65,不动产租赁
南投市,建物,南投h南投市信x街181~210,74.0,住,,,1020701,土地0建物1位0,全,4,透天厝,其他登事,筋混凝土造,0841104,205.53,4,2,3,有,o,o,13000,63,,0.0,0,,RPRNMLPJOHIFFAM78DC,南投县,5,130.65,不动产租赁
草屯,房地(土地+建物),南投h草屯平等街151~180,18.56,住,,,1020610,土地1建物1位0,三,10,AB(10雍以下有梯),住家用,筋混凝土造,0821029,154.63,3,1,2,有,o,有,9000,58,,0.0,0,,RPPNMLQKOHIFFBM88DC,南投县,5,130.65,不动产租赁
草屯,土地,中d段2101~2130地,415.09,住,,,1020608,土地1建物0位0,,,其他,,,,0.0,0,0,0,有,o,o,26000,63,,0.0,0,,RPRNMLTKOHIFFBM76DC,南投县,5,130.65,不动产租赁
南投市,建物,南投h南投市文化路102巷1~30,61.0,,,,1020616,土地0建物1位0,一,4,套房(1房1d1l),住家用,筋混凝土造,0840616,25.0,7,5,5,有,o,有,5000,200,,0.0,0,,RPWNMLOLOHIFFAM76DC,南投县,5,130.65,不动产租赁
草屯,房地(土地+建物),南投h草屯草溪路61~90,94.12,,l村^,乙N建B用地,1020615,土地1建物1位0,全,3,透天厝,住商用,筋混凝土造,0870731,182.64,5,3,3,有,o,有,15000,82,,0.0,0,整租U,RPQNMLPLOHIFFBM88CC,南投县,5,130.65,不动产租赁
草屯,土地,新S段1981~2010地,300.0,,l村^,乙N建B用地,1020701,土地1建物0位0,,,其他,,,,0.0,0,0,0,有,o,o,7200,24,,0.0,0,,RPTNMLPLOHIFFBM56CC,南投县,5,130.65,不动产租赁
南投市,房地(土地+建物),南投h南投市中d路61~90,94.05,其他,,,1020625,土地1建物1位0,二,2,店面(店),住商用,筋混凝土造,0761003,101.41,4,3,2,有,o,o,15000,148,,0.0,0,,RPVNMLQLOHIFFAM76CC,南投县,5,130.65,不动产租赁
埔里,房地(土地+建物),南投h埔里光A街95巷1~30,112.0,住,,,1020610,土地1建物1位0,全,3,透天厝,住商用,筋混凝土造,0740125,218.41,5,2,3,有,o,有,12000,55,,0.0,0,,RPQNMLQLOHIFFCM09CC,南投县,5,130.65,不动产租赁
埔里,房地(土地+建物),南投h埔里六合路31~60,72.0,住,,,1020610,土地1建物1位0,全,2,透天厝,住商用,筋混凝土造,0690711,99.28,3,2,3,有,o,有,9000,91,,0.0,0,,RPRNMLQLOHIFFCM56CC,南投县,5,130.65,不动产租赁
草屯,房地(土地+建物),南投h草屯中正路811~840,149.0,商,,,1020628,土地1建物1位0,一,3,店面(店),住商用,筋混凝土加u造,0551230,95.4,0,0,0,o,o,o,14000,147,,0.0,0,,RPQNMLMJPHIFFBM58DC,南投县,5,130.65,不动产租赁
南投市,建物,南投h南投市中W西路169巷1~30,40.0,,,,1020701,土地0建物0位0,四,5,套房(1房1d1l),住家用,筋混凝土造,0920922,40.0,1,1,1,有,o,有,10500,263,,0.0,0,,RPQOMLMJPHIFFAM48CC,南投县,5,130.65,不动产租赁
埔里,房地(土地+建物),南投h埔里和平|路211巷1~30,81.42,住,,,1020609,土地1建物1位0,全,3,透天厝,住家用,筋混凝土造,0851122,136.62,0,0,0,o,o,o,11000,81,,0.0,0,,RPUNMLMJPHIFFCM09DC,南投县,5,130.65,不动产租赁
埔里,房地(土地+建物),南投h埔里北辰街一段7巷1~30,36.0,住,,,1020710,土地1建物1位0,全,2,透天厝,住家用,筋混凝土加u造,0610903,63.0,4,2,1,有,o,有,10000,159,,0.0,0,,RPXNMLNJPHIFFCM76CC,南投县,5,130.65,不动产租赁
草屯,房地(土地+建物),南投h草屯富林路二段61~90,90.0,住,,,1020701,土地1建物1位0,全,3,透天厝,其他登事,筋混凝土造,0900504,129.31,3,2,2,有,o,有,11000,85,,0.0,0,,RPSNMLQJPHIFFBM09CC,南投县,5,130.65,不动产租赁
草屯,房地(土地+建物),南投h草屯碧山路301~330,11.86,住,,,1020706,土地1建物1位0,四,7,AB(10雍以下有梯),住家用,筋混凝土造,0841220,92.57,3,2,2,有,有,o,7000,76,,0.0,0,,RPPNMLLKPHIFFBM38CC,南投县,5,130.65,不动产租赁
草屯,房地(土地+建物),南投h草屯和平街1~30,114.0,商,,,1020711,土地1建物1位0,一,2,店面(店),商I用,u造,,50.97,0,0,0,o,o,o,18000,353,,0.0,0,第一乔鞍氩糠殖鲎猓以走到^隔,RPVNMLMKPHIFFBM56DC,南投县,5,130.65,不动产租赁
埔里,房地(土地+建物),南投h埔里dA一街31~60,67.8,住,,,1020617,土地1建物1位0,全,3,透天厝,住商用,筋混凝土造,0710823,131.69,6,3,3,有,o,有,9000,68,,0.0,0,,RPSNMLPKPHIFFCM56CC,南投县,5,130.65,不动产租赁
草屯,房地(土地+建物),南投h草屯中正路841~870,77.0,其他,,,1020716,土地1建物1位0,三,3,店面(店),住商用,筋混凝土造,0701209,190.75,5,2,3,有,o,有,21120,111,,0.0,0,,RPQNMLRKPHIFFBM56DC,南投县,5,130.65,不动产租赁
南投市,建物,南投h南投市文化路102巷1~30,94.0,,,,1020718,土地0建物1位0,一,4,套房(1房1d1l),住家用,筋混凝土造,0771202,25.0,1,1,1,有,o,有,5500,220,,0.0,0,,RPSNMLOLPHIFFAM09DC,南投县,5,130.65,不动产租赁
南投市,房地(土地+建物),南投h南投市仁政街31~60,149.98,住,,,1020731,土地1建物1位0,全,3,透天厝,住家用,筋混凝土造,0820616,220.94,6,3,3,有,o,有,10000,45,,0.0,0,,RPWNMLLJQHIFFAM09DC,南投县,5,130.65,不动产租赁
草屯,房地(土地+建物),南投h草屯碧d路二段1221巷31~60,1521.0,其他,特定rI^,r牧用地,1020725,土地1建物1位0,一,1,Sk,r舍,其他登事,0960927,150.0,0,0,0,o,o,o,55000,367,,0.0,0,,RPSNMLMJQHIFFBM78CC,南投县,5,130.65,不动产租赁
南投市,房地(土地+建物),南投h南投市祖祠|路151~180,156.0,其他,,,1020802,土地1建物1位0,其他登事,4,店面(店),住商用,筋混凝土造,0840223,465.4,10,3,7,有,o,o,32000,69,,0.0,0,,RPRNMLQJQHIFFAM98CC,南投县,5,130.65,不动产租赁
南投市,房地(土地+建物),南投h南投市文林路53巷1~30,11.3,住,,,1020806,土地1建物1位0,一,5,公寓(5呛以下o梯),住家用,筋混凝土造,0840606,16.06,1,1,1,有,o,有,5000,311,,0.0,0,,RPPOMLQJQHIFFAM88CC,南投县,5,130.65,不动产租赁
南投市,房地(土地+建物),南投h南投市文林路53巷1~30,11.3,住,,,1020801,土地1建物1位0,一,5,公寓(5呛以下o梯),住家用,筋混凝土造,0840606,16.56,1,1,1,有,o,有,5000,302,,0.0,0,,RPQOMLQJQHIFFAM98CC,南投县,5,130.65,不动产租赁
南投市,房地(土地+建物),南投h南投市文林路53巷1~30,11.3,住,,,1020801,土地1建物1位0,二,5,公寓(5呛以下o梯),住家用,筋混凝土造,0840606,16.29,1,1,1,有,o,有,5000,307,,0.0,0,,RPPNMLRJQHIFFAM88CC,南投县,5,130.65,不动产租赁
草屯,房地(土地+建物),南投h草屯自由街31~60,9.68,住,,,1020730,土地1建物1位0,九,12,住宅大(11雍以上有梯),住家用,筋混凝土造,0840927,87.36,3,1,2,有,有,有,8500,97,,0.0,0,,RPROMLNKQHIFFBM98CC,南投县,5,130.65,不动产租赁
南投市,建物,南投h南投市大同街91~120,118.0,住,,,1020730,土地0建物1位0,全,4,透天厝,住商用,筋混凝土造,0820731,57.66,1,1,1,有,o,有,18000,312,,0.0,0,,RPPNMLPKQHIFFAM78CC,南投县,5,130.65,不动产租赁
南投市,建物,南投h南投市文林路53巷1~30,11.3,住,,,1020803,土地0建物1位0,一,5,公寓(5呛以下o梯),住家用,筋混凝土造,0840606,16.29,1,1,1,有,o,有,5000,307,,0.0,0,,RPSNMLPKQHIFFAM09CC,南投县,5,130.65,不动产租赁
草屯,房地(土地+建物),南投h草屯新生路61~90,99.0,其他,,,1020805,土地1建物1位0,全,4,透天厝,住家用,加u造,0770101,127.23,7,3,3,有,o,o,12000,94,,0.0,0,,RPVNMLTKQHIFFBM27CC,南投县,5,130.65,不动产租赁
草屯,土地,日新段1141~1170地,3653.0,,特定rI^,r牧用地,1020726,土地1建物0位0,,,其他,,,,0.0,0,0,0,有,o,o,12000,3,,0.0,0,含未保存登建物一,RPROMLTKQHIFFBM96CC,南投县,5,130.65,不动产租赁
草屯,房地(土地+建物),南投h草屯中正路811~840,160.0,商,,,1020819,土地3建物1位0,全,1,透天厝,商I用,造,0800325,129.04,0,0,0,o,o,有,20000,155,,0.0,0,,RPOOMLTKQHIFFBM76DC,南投县,5,130.65,不动产租赁
南投市,建物,南投h南投市忠孝路1~30,19.47,住,,,1020821,土地0建物1位0,二,8,店面(店),住商用,筋混凝土造,0830617,174.06,3,2,3,有,o,o,10000,57,,0.0,0,,RPWNMLSLQHIFFAM27CC,南投县,5,130.65,不动产租赁
埔里,房地(土地+建物),南投h埔里北h路181~210,66.73,住,,,1020801,土地1建物1位0,一,5,店面(店),其他登事,骨筋混凝土造,0950209,29.45,0,0,0,o,o,有,20000,679,,0.0,0,,RPXNMLSLQHIFFCM67DC,南投县,5,130.65,不动产租赁
草屯,房地(土地+建物),南投h草屯新生路31~60,109.0,住,,,1020902,土地1建物1位0,全,3,透天厝,住商用,筋混凝土造,0720418,180.0,4,2,3,有,o,有,10000,56,,0.0,0,,RPUNMLNJRHIFFBM66DC,南投县,5,130.65,不动产租赁
南投市,土地,三K厝段211~240地,378.0,住,,,1020905,土地1建物0位0,,,其他,,,,0.0,0,0,0,有,o,o,48000,127,,0.0,0,有民情L俗因素之交易。;含增建或未登建物o隔g平房一g。,RPWNMLMKRHIFFAM66CC,南投县,5,130.65,不动产租赁
竹山,房地(土地+建物),南投h竹山大明路391~420,96.0,住,,,1020920,土地1建物1位0,其他登事,2,店面(店),住商用,筋混凝土加u造,0690103,127.34,0,0,0,o,o,o,13000,102,,0.0,0,有民情L俗因素之交易。;含增建三、四,RPPNMLLLRHIFFDM88CC,南投县,5,130.65,不动产租赁
草屯,房地(土地+建物),南投h草屯正s街151~180,132.0,住,,,1020914,土地1建物1位0,全,3,透天厝,住家用,筋混凝土造,0770704,280.91,5,2,4,有,o,o,15000,53,,0.0,0,整出租,RPQPMLQLRHIFFBM96DC,南投县,5,130.65,不动产租赁
草屯,房地(土地+建物),南投h草屯中山街151~180,128.0,商,,,1020926,土地2建物2位0,一,2,店面(店),住商用,造,0710630,141.1,1,1,1,有,o,o,25000,177,,0.0,0,,RPQNMLLJIIIFFBM77CC,南投县,5,130.65,不动产租赁
草屯,房地(土地+建物),南投h草屯太平路一段451~480,102.0,住,,,1021003,土地1建物1位0,其他登事,3,店面(店),其他登事,筋混凝土造,1020325,197.45,6,3,5,有,o,o,25000,127,,0.0,0,,RPPOMLOKIIIFFBM18CC,南投县,5,130.65,不动产租赁
南投市,建物,南投h南投市民族路91~120,81.0,住,,,1021014,土地0建物1位0,全,3,透天厝,住商用,加u造,0640515,107.1,2,1,2,有,o,o,12000,112,,0.0,0,,RPVNMLQKIIIFFAM78CC,南投县,5,130.65,不动产租赁
南投市,房地(土地+建物),南投h南投市文化路133巷1~30,104.0,住,,,1021001,土地1建物1位0,全,3,透天厝,住家用,筋混凝土造,0810525,187.59,4,2,3,有,o,o,10000,53,,0.0,0,,RPQNMLMLIIIFFAM97CC,南投县,5,130.65,不动产租赁
草屯,土地,草鞋墩段1~30地,423.84,住,,,1021014,土地2建物0位0,,,其他,,,,0.0,0,0,0,有,o,有,110000,260,,0.0,0,有民情L俗因素之交易。;含增建或未登建物。,RPPNMLSLIIIFFBM68DC,南投县,5,130.65,不动产租赁
草屯,房地(土地+建物),南投h草屯中正路1111~1140,20.42,其他,,,1021031,土地1建物1位0,其他登事,12,店面(店),住商用,筋混凝土造,0841215,168.81,3,1,3,有,o,o,10000,59,,0.0,0,,RPPNMLSJJIIFFBM58DC,南投县,5,130.65,不动产租赁
南投市,房地(土地+建物),南投h南投市中正路151~180,90.3,商,,,1021107,土地1建物1位0,其他登事,4,其他,住商用,筋混凝土造,0961026,189.08,6,2,4,有,o,o,32000,169,,0.0,0,,RPXNMLLKJIIFFAM68DC,南投县,5,130.65,不动产租赁
竹山,土地,延祥段1201~1230地,132.0,工,,,1021101,土地1建物0位0,,,其他,,,,0.0,0,0,0,有,o,o,9000,68,,0.0,0,,RPQNMLSKJIIFFDM88CC,南投县,5,130.65,不动产租赁
竹山,房地(土地+建物),南投h竹山民生巷31~60,81.81,,l村^,乙N建B用地,1021115,土地1建物1位0,全,3,透天厝,住家用,筋混凝土造,0830718,183.59,4,2,3,有,o,o,7000,38,,0.0,0,有民情L俗因素之交易。;含增建或未登建物。,RPPNMLKLJIIFFDM08CC,南投县,5,130.65,不动产租赁
竹山,房地(土地+建物),南投h竹山集山路三段31~60,85.99,商,,,1021101,土地1建物1位0,其他登事,3,店面(店),住商用,筋混凝土加u造,0680105,211.38,2,2,2,有,o,o,11000,52,,0.0,0,有民情L俗因素之交易。;含增建或未登建物。,RPUNMLKLJIIFFDM58CC,南投县,5,130.65,不动产租赁
南投市,房地(土地+建物),南投h南投市成功三路181~210,909.0,,工I^,丁N建B用地,1021111,土地1建物1位0,其他登事,1,Sk,工I用,其他登事,0860315,631.48,0,0,0,o,o,o,55000,87,,0.0,0,,RPRNMLLLJIIFFAM08CC,南投县,5,130.65,不动产租赁
南投市,建物,南投h南投市民生街61~90,383.0,其他,,,1021115,土地0建物1位0,二,5,套房(1房1d1l),住家用,筋混凝土造,0831220,16.53,1,1,1,有,有,有,6000,363,,0.0,0,,RPUNMLLLJIIFFAM38CC,南投县,5,130.65,不动产租赁
草屯,土地,光A段781~810地,896.0,,一般rI^,r牧用地,1021122,土地1建物0位0,,,其他,,,,0.0,0,0,0,有,o,o,35000,39,,0.0,0,有民情L俗因素之交易。;含未登建物。,RPRNMLKMJIIFFBM18CC,南投县,5,130.65,不动产租赁
竹山,房地(土地+建物),南投h竹山集山路三段1261~1290,43.15,住,,,1021201,土地1建物1位0,全,2,透天厝,住商用,筋混凝土加u造,0590820,63.96,2,2,2,有,o,o,5000,78,,0.0,0,有民情L俗因素之交易。;含增建或未登建物。,RPPNMLMJKIIFFDM18CC,南投县,5,130.65,不动产租赁
南投市,建物,南投h南投市文林路53巷1~30,113.0,其他,,,1021125,土地0建物1位0,四,5,套房(1房1d1l),住家用,筋混凝土造,0840606,19.83,1,1,1,有,o,有,5000,252,,0.0,0,,RPWNMLNJKIIFFAM68CC,南投县,5,130.65,不动产租赁
埔里,房地(土地+建物),南投h埔里北h路246巷1~30,11.49,住,,,1021115,土地1建物1位0,十二,12,住宅大(11雍以上有梯),其他登事,筋混凝土造,0830708,89.99,3,2,2,有,有,有,7000,78,,0.0,0,,RPWNMLOJKIIFFCM98CC,南投县,5,130.65,不动产租赁
埔里,房地(土地+建物),南投h埔里青田二街61~90,37.24,住,,,1021218,土地1建物1位0,十二,12,住宅大(11雍以上有梯),其他登事,筋混凝土造,0871231,162.37,2,2,2,有,有,有,6000,37,,0.0,0,自104年1月1日起租,RPQOMLSKKIIFFCM98CC,南投县,5,130.65,不动产租赁
埔里,房地(土地+建物),南投h埔里中A路1~30,95.94,住,,,1021114,土地1建物1位0,全,2,透天厝,住家用,筋混凝土造,0750516,95.94,3,2,1,有,o,有,15000,156,,0.0,0,含二代健保M用、金或等M用。,RPWOMLTKKIIFFCM17DC,南投县,5,130.65,不动产租赁
南投市,房地(土地+建物),南投h南投市中d路541~570,81.0,住,,,1021220,土地1建物1位0,其他登事,4,店面(店),住商用,筋混凝土造,0900511,177.52,6,2,3,有,o,o,19000,107,,0.0,0,,RPVNMLKLKIIFFAM48CC,南投县,5,130.65,不动产租赁
南投市,土地,南投段481~510地,147.0,商,,,1021220,土地2建物0位0,,,其他,,,,0.0,6,0,0,有,o,有,16000,109,,0.0,0,有民情L俗因素之交易。;含未登建物,RPWNMLKLKIIFFAM58CC,南投县,5,130.65,不动产租赁
草屯,房地(土地+建物),南投h草屯富春路172巷1~30,62.47,住,,,1021224,土地1建物1位0,全,3,透天厝,其他登事,筋混凝土造,1020314,201.34,4,2,3,有,有,o,18000,89,,0.0,0,,RPUNMLPLKIIFFBM09DC,南投县,5,130.65,不动产租赁
南投市,建物,南投h南投市民生路61~90,0.0,住,,,1021201,土地0建物0位0,一,5,AB(10雍以下有梯),住家用,筋混凝土造,0831220,20.69,1,0,1,有,有,有,6000,290,,0.0,0,,RPQNMLRLKIIFFAM78DC,南投县,5,130.65,不动产租赁
南投市,建物,南投h南投市南投市民生路61~90,0.0,住,,,1021223,土地0建物0位0,三,5,AB(10雍以下有梯),住家用,筋混凝土造,0831220,20.42,1,0,1,有,有,有,6000,294,,0.0,0,,RPTNMLRLKIIFFAM09DC,南投县,5,130.65,不动产租赁
南投市,建物,南投h南投市民生街61~90,0.0,住,,,1021204,土地0建物0位0,一,5,AB(10雍以下有梯),住家用,筋混凝土造,0831220,16.52,1,0,1,有,有,有,6000,363,,0.0,0,,RPSNMLRLKIIFFAM88CC,南投县,5,130.65,不动产租赁
草屯,房地(土地+建物),南投h草屯富春路172巷1~30,62.47,住,,,1030118,土地1建物1位0,全,3,透天厝,其他登事,筋混凝土造,1020314,201.34,4,2,3,有,有,o,18000,89,,0.0,0,,RPTNMLKLJHJFFBM38DC,南投县,5,130.65,不动产租赁
草屯,土地,草屯段301~330地,66.0,其他,,,1021225,土地1建物0位0,,,其他,,,,0.0,2,0,0,有,o,有,5000,76,,0.0,0,附有未保存登建物,RPPNMLNLJHJFFBM18CC,南投县,5,130.65,不动产租赁
草屯,土地,碧峰段991~1020地,297.48,,l村^,乙N建B用地,1030111,土地4建物0位0,,,其他,,,,0.0,0,0,0,有,o,o,15000,50,,0.0,0,包括未k保存建物1,RPTNMLRLJHJFFBM98CC,南投县,5,130.65,不动产租赁
南投市,房地(土地+建物),南投h南投市信x街211~240,67.0,住,,,1030115,土地1建物1位0,其他登事,3,店面(店),住商用,筋混凝土造,0811111,127.31,3,2,2,有,o,o,12000,94,,0.0,0,,RPTNMLPJKHJFFAM58CC,南投县,5,130.65,不动产租赁
草屯,房地(土地+建物),南投h草屯碧d路一段31~60,1985.31,,l村^,乙N建B用地,1030206,土地1建物1位0,全,4,透天厝,住商用,筋混凝土造,0820503,206.35,4,3,3,有,o,o,10500,51,,0.0,0,,RPRNMLQJKHJFFBM58CC,南投县,5,130.65,不动产租赁
草屯,房地(土地+建物),南投h草屯和平里中山街211~240,99.0,商,,,1030210,土地1建物1位0,其他登事,3,店面(店),住商用,筋混凝土造,0900803,290.11,6,4,4,有,o,o,70000,241,,0.0,0,,RPRNMLLKKHJFFBM28DC,南投县,5,130.65,不动产租赁
草屯,土地,中d段1801~1830地,102.0,住,,,1030210,土地1建物0位0,,,其他,,,,0.0,0,0,0,有,o,o,26000,255,,0.0,0,包含未k保存登建物一,RPPNMLPKKHJFFBM38CC,南投县,5,130.65,不动产租赁
南投市,房地(土地+建物),南投h南投市团d路61~90,186.0,商,,,1030222,土地2建物2位0,其他登事,4,店面(店),住商用,筋混凝土造,0770330,522.9,0,0,0,o,o,有,42000,80,,0.0,0,,RPUNMLNJLHJFFAM68DC,南投县,5,130.65,不动产租赁
草屯,房地(土地+建物),南投h草屯民生路91~120,102.0,住,,,1030301,土地1建物1位0,全,3,透天厝,住家用,筋混凝土造,0900509,165.21,4,3,2,有,o,有,10000,61,,0.0,0,全租U,RPXNMLPJLHJFFBM66DC,南投县,5,130.65,不动产租赁
南投市,建物,南投h南投市文林路53巷1~30,113.0,其他,,,1030220,土地0建物1位0,一,5,套房(1房1d1l),住家用,筋混凝土造,0840606,32.58,1,1,1,有,有,有,5000,153,,0.0,0,,RPUNMLKKLHJFFAM38CC,南投县,5,130.65,不动产租赁
南投市,建物,南投h南投市文林路53巷1~30,113.0,其他,,,1030220,土地0建物1位0,四,5,套房(1房1d1l),住家用,筋混凝土造,0840606,19.83,1,1,1,有,有,有,5000,252,,0.0,0,,RPVNMLKKLHJFFAM48CC,南投县,5,130.65,不动产租赁
埔里,房地(土地+建物),南投h埔里安四街124巷1~30,85.0,住,,,1030311,土地1建物1位0,全,2,透天厝,住家用,筋混凝土造,0770531,105.66,2,2,2,有,o,有,9000,85,,0.0,0,,RPPNMLOKLHJFFCM48CC,南投县,5,130.65,不动产租赁
埔里,房地(土地+建物),南投h埔里北h路184巷1~30,72.34,住,,,1030303,土地1建物1位0,全,2,透天厝,住商用,筋混凝土造,0701224,103.55,3,2,2,有,o,有,9000,87,,0.0,0,,RPQNMLOKLHJFFCM58CC,南投县,5,130.65,不动产租赁
南投市,房地(土地+建物),南投h南投市力行一街31~60,93.18,其他,,,1030315,土地1建物1位0,全,4,透天厝,住家用,筋混凝土造,0830627,166.2,4,2,3,有,o,有,12000,72,,0.0,0,,RPQNMLRKLHJFFAM68CC,南投县,5,130.65,不动产租赁
草屯,房地(土地+建物)+位,南投h草屯正x街151~180,85.0,住,,,1030226,土地1建物1位0,全,2,透天厝,住商用,筋混凝土造,0690312,122.02,3,3,3,有,o,o,9000,74,一瞧矫,0.0,0,,RPVNMLSKLHJFFBM86DC,南投县,5,130.65,不动产租赁
南投市,房地(土地+建物),南投h南投市彰南路三段931~960,73.75,住,,,1030310,土地1建物1位0,全,2,透天厝,住商用,筋混凝土加u造,0690412,96.27,2,2,2,有,o,o,7500,78,,0.0,0,加建F皮屋,RPVNMLTKLHJFFAM76CC,南投县,5,130.65,不动产租赁
草屯,房地(土地+建物),南投h草屯中山街151~180,128.0,商,,,1030312,土地2建物1位0,其他登事,2,店面(店),住商用,造,0710630,141.1,1,1,1,有,o,o,25000,177,,0.0,0,,RPRNMLLLLHJFFBM38CC,南投县,5,130.65,不动产租赁
竹山,房地(土地+建物),南投h竹山中正巷1~30,72.2,住,,,1030401,土地1建物1位0,一,3,店面(店),住商用,筋混凝土造,0820614,30.24,0,0,0,o,o,o,4000,132,,0.0,0,,RPRNMLNJMHJFFDM68CC,南投县,5,130.65,不动产租赁
南投市,房地(土地+建物),南投h南投市南新路347巷1~30,96.93,住,,,1030404,土地1建物1位0,全,3,透天厝,住家用,筋混凝土造,0840615,143.77,4,2,3,有,o,有,10000,70,,0.0,0,,RPTNMLRJMHJFFAM09DC,南投县,5,130.65,不动产租赁
南投市,房地(土地+建物),南投h南投市中正路151~180,79.71,住,,,1030409,土地1建物1位0,其他登事,4,店面(店),住商用,筋混凝土造,0961026,177.51,6,3,4,有,o,有,33000,186,,0.0,0,,RPVNMLTJMHJFFAM86DC,南投县,5,130.65,不动产租赁
草屯,土地,中d段1861~1890地,132.0,住,,,1030404,土地1建物0位0,,,其他,,,,0.0,0,0,0,有,o,o,18000,136,,0.0,0,有民情L俗因素之交易。;未登建物。,RPVNMLKKMHJFFBM78DC,南投县,5,130.65,不动产租赁
草屯,土地,新S段2221~2250地,1014.23,,l村^,乙N建B用地,1030405,土地1建物0位0,,,其他,,,,0.0,0,0,0,有,o,o,20000,20,,0.0,0,,RPWNMLLKMHJFFBM98DC,南投县,5,130.65,不动产租赁
南投市,房地(土地+建物),南投h南投市南新路307巷1~30,76.46,其他,,,1030318,土地2建物1位0,全,3,透天厝,住家用,筋混凝土造,0900227,178.98,6,3,4,有,o,有,15000,84,,0.0,0,,RPXNMLLLMHJFFAM98CC,南投县,5,130.65,不动产租赁
南投市,房地(土地+建物),南投h南投市大庄路151巷118弄1~30,14.84,住,,,1030501,土地1建物1位0,一,5,公寓(5呛以下o梯),住家用,筋混凝土造,0940728,71.63,3,2,2,有,o,o,4500,63,,0.0,0,,RPQOMLLJNHJFFAM28CC,南投县,5,130.65,不动产租赁
南投市,房地(土地+建物)+位,南投h南投市芳美路399巷1~30,101.0,住,,,1020410,土地1建物1位1,全,3,透天厝,住家用,筋混凝土加u造,0770917,97.0,4,2,2,有,o,有,9000,93,一瞧矫,0.0,0,,RPQNMLPJNHJFFAM58CC,南投县,5,130.65,不动产租赁
草屯,土地,草屯段151~180地,1729.0,r,,,1030509,土地3建物0位0,,,其他,,,,0.0,0,0,0,有,o,有,71667,41,,0.0,0,,RPWNMLKLNHJFFBM09DC,南投县,5,130.65,不动产租赁
竹山,房地(土地+建物),南投h竹山育德巷61~90,93.0,住,,,1030520,土地1建物1位0,全,3,透天厝,住家用,筋混凝土造,0951226,131.71,4,2,3,有,o,有,8000,61,,0.0,0,,RPVNMLMLNHJFFDM66CC,南投县,5,130.65,不动产租赁
南投市,房地(土地+建物),南投h南投市民族路181~210,119.0,其他,,,1030512,土地1建物1位0,其他登事,3,店面(店),其他登事,筋混凝土造,0900928,235.96,0,0,0,o,o,有,23500,100,,0.0,0,,RPQNMLQLNHJFFAM88CC,南投县,5,130.65,不动产租赁
南投市,房地(土地+建物),南投h南投市信x街5巷1~30,84.0,住,,,1030526,土地1建物1位0,全,3,透天厝,住商用,筋混凝土造,0780920,146.4,3,2,3,有,o,o,13000,89,,0.0,0,,RPXOMLRLNHJFFAM27DC,南投县,5,130.65,不动产租赁
南投市,房地(土地+建物),南投h南投市光s|路68巷121~150,115.0,,l村^,乙N建B用地,1030512,土地1建物1位0,全,2,透天厝,住家用,筋混凝土加u造,0691201,101.64,4,2,2,有,o,有,13500,133,,0.0,0,,RPOPMLRLNHJFFAM09DC,南投县,5,130.65,不动产租赁
草屯,房地(土地+建物),南投h草屯碧d路二段523巷16弄1~30,89.0,,特定rI^,甲N建B用地,1030528,土地1建物1位0,全,3,透天厝,住家用,筋混凝土造,0850715,163.22,4,3,3,有,o,o,8000,49,,0.0,0,,RPRNMLTLNHJFFBM86DC,南投县,5,130.65,不动产租赁
南投市,房地(土地+建物),南投h南投市仁x南路28巷1~30,100.4,其他,,,1030601,土地1建物1位0,全,4,透天厝,住家用,筋混凝土造,0830420,211.88,5,3,3,有,o,有,12000,57,,0.0,0,,RPXNMLNJOHJFFAM56CC,南投县,5,130.65,不动产租赁
竹山,房地(土地+建物),南投h竹山民生巷31~60,85.9,,l村^,乙N建B用地,1030601,土地1建物1位0,全,4,透天厝,住家用,筋混凝土造,0830618,193.36,4,2,3,有,o,有,7500,39,,0.0,0,,RPPNMLPJOHJFFDM88CC,南投县,5,130.65,不动产租赁
南投市,房地(土地+建物),南投h南投市彰南路三段181~210,98.83,其他,,,1030603,土地1建物1位0,全,4,透天厝,住商用,筋混凝土造,0820111,198.41,6,2,4,有,o,o,12000,60,,0.0,0,,RPXNMLOLOHJFFAM86CC,南投县,5,130.65,不动产租赁
埔里,房地(土地+建物),南投h埔里淙艘唤243巷1~30,8.53,住,,,1030620,土地1建物1位0,五,15,住宅大(11雍以上有梯),其他登事,筋混凝土造,0850209,61.26,2,2,1,有,有,有,7000,114,,0.0,0,,RPPNMLOLOHJFFCM88CC,南投县,5,130.65,不动产租赁
南投市,房地(土地+建物),南投h南投市信x街241~270,17.66,住,,,1030620,土地1建物1位0,八,8,AB(10雍以下有梯),住家用,筋混凝土造,0830608,115.57,3,2,2,有,o,有,7000,61,,0.0,0,,RPOOMLPLOHJFFAM78CC,南投县,5,130.65,不动产租赁
草屯,房地(土地+建物),南投h草屯和d一街1~30,69.85,商,,,1030625,土地1建物1位0,其他登事,4,店面(店),住商用,筋混凝土造,0801022,186.14,4,1,4,有,o,o,20000,107,,0.0,0,,RPRNMLQLOHJFFBM66DC,南投县,5,130.65,不动产租赁
南投市,房地(土地+建物),南投h南投市文化路559巷32弄1~30,96.0,住,,,1030628,土地1建物1位0,全,3,透天厝,住家用,筋混凝土造,0890615,177.93,4,3,3,有,o,o,12000,67,,0.0,0,,RPWNMLRJPHJFFAM07DC,南投县,5,130.65,不动产租赁
竹山,房地(土地+建物),南投h竹山集山路三段1261~1290,43.15,住,,,1030705,土地1建物1位0,全,2,透天厝,住商用,筋混凝土加u造,0590820,63.96,2,2,2,有,o,o,4800,75,,0.0,0,有民情L俗因素之交易。;含增建或未登建物。,RPQNMLRJPHJFFDM66CC,南投县,5,130.65,不动产租赁
南投市,房地(土地+建物),南投h南投市彰南路二段568巷31~60,91.0,住,,,1030709,土地1建物1位0,全,3,透天厝,住家用,筋混凝土造,0820427,146.96,4,2,3,有,o,o,10000,68,,0.0,0,,RPTNMLLKPHJFFAM88DC,南投县,5,130.65,不动产租赁
草屯,房地(土地+建物),南投h草屯虎山路691~720,84.29,住,,,1030715,土地1建物1位0,其他登事,2,店面(店),住商用,筋混凝土加u造,0630826,107.05,0,0,0,o,o,o,18000,168,,0.0,0,,RPPNMLQKPHJFFBM98CC,南投县,5,130.65,不动产租赁
南投市,房地(土地+建物),南投h南投市自二街31~60,67.34,住,,,1030701,土地1建物1位0,全,3,透天厝,住家用,筋混凝土造,0870309,113.54,5,3,3,有,o,o,16000,141,,0.0,0,,RPUNMLLLPHJFFAM09DC,南投县,5,130.65,不动产租赁
南投市,房地(土地+建物),南投h南投市团d路510巷1~30,110.0,住,,,1030720,土地1建物1位0,全,2,透天厝,住家用,筋混凝土加u造,0670830,110.4,3,2,2,有,o,有,7000,63,,0.0,0,,RPVNMLLLPHJFFAM56DC,南投县,5,130.65,不动产租赁
竹山,房地(土地+建物),南投h竹山育德巷61~90,81.0,住,,,1030720,土地1建物1位0,全,3,透天厝,住家用,筋混凝土造,0951226,115.74,4,2,3,有,o,o,10000,86,,0.0,0,有民情L俗因素之交易。;含增建或未登建物。,RPTNMLPLPHJFFDM96CC,南投县,5,130.65,不动产租赁
埔里,房地(土地+建物),南投h埔里淙巳街137巷1~30,1992.17,住,,,1030717,土地1建物0位0,三,8,套房(1房1d1l),其他登事,筋混凝土造,0871231,22.95,1,0,1,有,有,o,4000,174,,0.0,0,,RPXNMLPLPHJFFCM27CC,南投县,5,130.65,不动产租赁
南投市,房地(土地+建物),南投h南投市民族路121~150,91.0,住,,,1030726,土地1建物1位0,全,4,透天厝,其他登事,筋混凝土造,1010904,202.01,1,1,1,有,o,有,6000,30,,0.0,0,,RPVNMLSLPHJFFAM27DC,南投县,5,130.65,不动产租赁
南投市,建物,南投h南投市中d路468巷1~30,12.67,住,,,1030715,土地0建物1位0,二,2,AB(10雍以下有梯),其他登事,筋混凝土造,0831109,110.72,3,2,1,有,o,有,7000,63,,0.0,0,,RPPOMLTLPHJFFAM76CC,南投县,5,130.65,不动产租赁
埔里,房地(土地+建物),南投h埔里玉生路61~90,118.36,,山坡地保育^,丙N建B用地,1030728,土地2建物1位0,全,4,透天厝,住家用,筋混凝土造,0870422,270.34,4,3,4,有,o,有,12000,44,,0.0,0,整租U,RPVNMLKMPHJFFCM76DC,南投县,5,130.65,不动产租赁
南投市,房地(土地+建物),南投h南投市I北里|h路931~960,1317.0,,特定rI^,r牧用地,1030801,土地1建物1位0,其他登事,2,r舍,r舍,加u造,0791017,242.22,8,3,5,有,o,有,15000,,,0.0,0,,RPWNMLLJQHJFFAM09CC,南投县,5,130.65,不动产租赁
南投市,房地(土地+建物),南投h南投市民族路121~150,91.0,住,,,1030731,土地1建物1位0,全,4,透天厝,其他登事,筋混凝土造,1010904,202.01,1,1,1,有,o,有,6000,30,,0.0,0,,RPOOMLLJQHJFFAM48DC,南投县,5,130.65,不动产租赁
埔里,建物,南投h埔里中山路三段241~270,1.42,住,,,1030801,土地0建物1位0,五,12,住宅大(11雍以上有梯),其他登事,筋混凝土造,0831231,81.71,3,2,2,有,有,有,8500,104,,0.0,0,,RPTNMLOJQHJFFCM66CC,南投县,5,130.65,不动产租赁
草屯,房地(土地+建物),南投h草屯博勐1021~1050,1750.0,,特定rI^,r牧用地,1030722,土地1建物1位0,其他登事,3,r舍,r舍,筋混凝土造,084,208.17,7,3,4,有,o,o,30000,,,0.0,0,,RPSNMLPJQHJFFBM56CC,南投县,5,130.65,不动产租赁
埔里,房地(土地+建物),南投h埔里中正路630巷1~30,135.91,住,,,1030715,土地1建物1位0,全,2,透天厝,住家用,加u造,0690523,63.98,1,2,1,有,o,有,6000,94,,0.0,0,,RPPNMLQJQHJFFCM09CC,南投县,5,130.65,不动产租赁
草屯,房地(土地+建物),南投h草屯新生路61~90,99.0,住,,,1030809,土地1建物1位0,全,4,透天厝,住家用,加u造,0770101,127.23,7,3,3,有,o,有,10000,79,,0.0,0,,RPQNMLSKQHJFFBM76CC,南投县,5,130.65,不动产租赁
南投市,房地(土地+建物),南投h南投市W路1~30,93.95,住,,,1030818,土地1建物1位0,全,4,透天厝,住商用,筋混凝土造,0960510,166.85,3,2,4,有,o,有,20000,120,,0.0,0,,RPQNMLKLQHJFFAM58CC,南投县,5,130.65,不动产租赁
草屯,房地(土地+建物),南投h草屯虎山路751~780,318.64,住,,,1030819,土地2建物1位0,其他登事,2,店面(店),住商用,其他登事,0820327,426.7,0,0,0,o,o,o,60000,141,,0.0,0,,RPUNMLMLQHJFFBM66CC,南投县,5,130.65,不动产租赁
南投市,房地(土地+建物),南投h南投市南投市忠孝八街1~30,6.46,住,,,1030823,土地1建物1位0,二,2,AB(10雍以下有梯),住商用,筋混凝土造,0830617,56.47,2,1,1,有,o,o,11000,195,,0.0,0,,RPPNMLPLQHJFFAM09DC,南投县,5,130.65,不动产租赁
草屯,房地(土地+建物),南投h草屯和d一街1~30,70.1,住,,,1030822,土地1建物1位0,其他登事,4,店面(店),住商用,筋混凝土造,0801022,177.29,4,3,4,有,o,o,20000,113,,0.0,0,,RPPNMLRLQHJFFBM66CC,南投县,5,130.65,不动产租赁
竹山,房地(土地+建物),南投h竹山下M街31~60,84.0,住,,,1030825,土地1建物1位0,其他登事,4,店面(店),住商用,筋混凝土加u造,0690706,195.75,6,2,3,有,o,有,15000,77,,0.0,0,有民情L俗因素之交易。;含增建或未登建物。,RPSNMLSLQHJFFDM27CC,南投县,5,130.65,不动产租赁
南投市,房地(土地+建物),南投h南投市中d路249巷2弄1~30,53.62,,l村^,乙N建B用地,1030905,土地1建物1位0,全,3,透天厝,住家用,筋混凝土造,0830331,171.39,4,2,3,有,o,o,7500,44,,0.0,0,,RPPNMLTJRHJFFAM66CC,南投县,5,130.65,不动产租赁
草屯,建物,南投h草屯太平路二段91~120,72.02,,,,1030910,土地0建物1位0,三,7,AB(10雍以下有梯),住家用,筋混凝土造,0830316,72.02,3,2,2,有,o,有,9500,132,,0.0,0,,RPQNMLKKRHJFFBM68CC,南投县,5,130.65,不动产租赁
草屯,土地,中d段2041~2070地,108.0,住,,,1030815,土地1建物0位0,,,其他,,,,0.0,0,0,0,有,o,有,18000,167,,0.0,0,有民情L俗因素之交易。;含增建或未登建物。,RPPNMLNKRHJFFBM88CC,南投县,5,130.65,不动产租赁
埔里,建物,南投h埔里北h路246巷1~30,11.19,住,,,1030915,土地0建物1位0,十二,12,住宅大(11雍以上有梯),其他登事,筋混凝土造,0830708,121.84,3,2,2,有,有,有,7000,57,,0.0,0,,RPUNMLSKRHJFFCM37CC,南投县,5,130.65,不动产租赁
草屯,房地(土地+建物),南投h草屯中正路661~690,68.0,商,,,1030915,土地1建物1位0,其他登事,3,店面(店),住商用,筋混凝土加u造,0630228,167.02,4,2,3,有,o,o,22000,132,,0.0,0,有民情L俗因素之交易。;含增建或未登建物。,RPRNMLNJIIJFFBM28DC,南投县,5,130.65,不动产租赁
草屯,房地(土地+建物),南投h草屯自由街80巷1~30,97.0,其他,,,1030910,土地1建物1位0,全,3,透天厝,住商用,筋混凝土加u造,0690318,189.0,4,2,3,有,o,有,10000,53,,0.0,0,,RPPOMLTJIIJFFBM68CC,南投县,5,130.65,不动产租赁
南投市,房地(土地+建物),南投h南投市彰南路一段661~690,244.0,住,,,1030915,土地1建物1位0,其他登事,1,其他,商I用,其他登事,0941018,143.0,0,0,0,o,o,o,24000,168,,0.0,0,,RPQNMLNKIIJFFAM18DC,南投县,5,130.65,不动产租赁
草屯,房地(土地+建物),南投h草屯草溪路970巷31~60,51.45,住,,,1030922,土地1建物1位0,全,1,透天厝,住家用,u造,,33.42,1,1,1,有,o,o,3800,114,,0.0,0,,RPQNMLLLIIJFFBM18DC,南投县,5,130.65,不动产租赁
埔里,房地(土地+建物),南投h埔里北h路181~210,66.74,住,,,1031001,土地1建物1位0,一,5,店面(店),其他登事,骨筋混凝土造,0950209,29.45,0,0,0,o,o,o,20000,679,,0.0,0,,RPVOMLLLIIJFFCM88DC,南投县,5,130.65,不动产租赁
草屯,房地(土地+建物),南投h草屯正d街91~120,409.0,其他,,,1031020,土地1建物1位0,六,7,AB(10雍以下有梯),住家用,筋混凝土造,0821124,128.71,3,2,2,有,o,o,7000,54,,0.0,0,,RPTNMLMLIIJFFBM48CC,南投县,5,130.65,不动产租赁
草屯,房地(土地+建物),南投h草屯民生路93巷6弄1~30,258.0,住,,,1031022,土地1建物1位0,六,7,AB(10雍以下有梯),住家用,筋混凝土造,0870515,106.28,2,2,1,有,o,有,9000,85,,0.0,0,,RPUNMLNLIIJFFBM78DC,南投县,5,130.65,不动产租赁
草屯,房地(土地+建物),南投h草屯博勐451~480,218.0,商,,,1031028,土地2建物2位0,一,1,店面(店),商I用,造,0780629,143.82,0,0,0,o,o,o,50000,348,,0.0,0,,RPRNMLTLIIJFFBM09DC,南投县,5,130.65,不动产租赁
南投市,房地(土地+建物),南投h南投市中正路151~180,85.09,住,,,1031027,土地2建物1位0,其他登事,4,店面(店),住商用,筋混凝土造,0961026,177.51,6,3,4,有,o,o,30000,169,,0.0,0,,RPPNMLKMIIJFFAM97DC,南投县,5,130.65,不动产租赁
埔里,房地(土地+建物),南投h埔里北辰街91~120,777.88,住,,,1040116,土地1建物1位0,四,4,公寓(5呛以下o梯),其他登事,骨混凝土造,0910710,90.74,3,2,2,有,o,o,8000,88,,0.0,0,,RPOOMLQJKHKFFCM68DC,南投县,5,130.65,不动产租赁
南投市,房地(土地+建物),南投h南投市南新路351巷31~60,84.03,住,,,1040122,土地1建物1位0,全,3,透天厝,住家用,筋混凝土造,0840608,153.81,4,3,3,有,o,o,12000,78,,0.0,0,1040122s1040301起租,RPROMLKKKHKFFAM18CC,南投县,5,130.65,不动产租赁
草屯,土地,德段331~360地,661.96,,l村^,丁N建B用地,1040217,土地1建物0位0,,,其他,,,,0.0,2,0,0,有,o,有,28000,42,,0.0,0,,RPQNMLQLKHKFFBM78CC,南投县,5,130.65,不动产租赁
南投市,房地(土地+建物),南投h南投市仁德路1~30,126.75,其他,,,1040301,土地1建物1位0,其他登事,3,店面(店),住商用,筋混凝土造,0800926,186.75,10,2,4,有,o,有,38000,203,,0.0,0,,RPPNMLRJLHKFFAM58CC,南投县,5,130.65,不动产租赁
南投市,房地(土地+建物),南投h南投市中W西路169巷1~30,164.3,住,,,1040303,土地1建物0位0,四,4,套房(1房1d1l),住家用,筋混凝土造,0920922,57.0,3,0,3,有,o,有,17500,307,,0.0,0,3g套房，104年3月3日s，104年3月8日起租,RPSNMLTJLHKFFAM09CC,南投县,5,130.65,不动产租赁
草屯,房地(土地+建物),南投h草屯草溪路541~570,96.39,住,,,1040307,土地1建物1位0,其他登事,3,店面(店),住家用,筋混凝土造,0790914,131.0,0,0,0,o,o,有,18000,137,,0.0,0,,RPQNMLKKLHKFFBM18CC,南投县,5,130.65,不动产租赁
草屯,房地(土地+建物),南投h草屯太平路一段511~540,15.98,住,,,1040228,土地1建物1位0,四,8,AB(10雍以下有梯),住家用,筋混凝土造,0840512,70.25,2,2,1,有,有,有,8500,121,,0.0,0,,RPTNMLQKLHKFFBM56DC,南投县,5,130.65,不动产租赁
草屯,房地(土地+建物),南投h草屯博勐1363巷55弄1~30,2423.0,,特定rI^,r牧用地,1040319,土地1建物1位0,一,1,r舍,r舍,其他登事,1030106,240.0,0,0,0,o,o,o,28000,,,0.0,0,,RPPNMLTKLHKFFBM09DC,南投县,5,130.65,不动产租赁
埔里,房地(土地+建物),南投h埔里和平|路151~180,88.43,住,,,1040318,土地1建物1位0,全,4,透天厝,其他登事,筋混凝土造,0960418,197.51,5,2,3,有,o,o,20000,101,,0.0,0,,RPQOMLMJMHKFFCM58CC,南投县,5,130.65,不动产租赁
~池l,房地(土地+建物),南投h~池l文巷31~60,2723.97,r,,,1040319,土地2建物1位0,一,1,r舍,r舍,筋混凝土造,0900322,223.55,0,0,0,o,o,o,30000,,,0.0,0,,RPPOMLRJMHKFFCM09DC,南投县,5,130.65,不动产租赁
草屯,房地(土地+建物),南投h草屯草溪路599巷75弄1~30,75.02,,l村^,乙N建B用地,1040401,土地1建物1位0,全,3,透天厝,住家用,筋混凝土造,0940905,162.65,4,2,3,有,o,o,10000,61,,0.0,0,,RPQNMLRJMHKFFBM88CC,南投县,5,130.65,不动产租赁
名gl,房地(土地+建物),南投h名gl名松路二段631~660,27.5,,l村^,乙N建B用地,1040401,土地1建物1位0,全,2,透天厝,住商用,筋混凝土加u造,0680531,49.5,4,2,3,有,o,有,6000,121,,0.0,0,含3.4羌咏ú糠,RPTNMLSJMHKFFAM66DC,南投县,5,130.65,不动产租赁
南投市,房地(土地+建物),南投h南投市民族路121~150,91.0,住,,,1040402,土地1建物1位0,其他登事,4,店面(店),其他登事,筋混凝土造,1010904,202.01,4,3,3,有,o,有,42000,208,,0.0,0,,RPWNMLKKMHKFFAM88DC,南投县,5,130.65,不动产租赁
南投市,房地(土地+建物),南投h南投市民族路31~60,86.0,住,,,1040425,土地2建物1位0,其他登事,4,店面(店),住商用,筋混凝土加u造,0680322,232.7,6,2,4,有,o,o,20000,86,,0.0,0,,RPPNMLRLMHKFFAM88CC,南投县,5,130.65,不动产租赁
草屯,房地(土地+建物),南投h草屯自由街134巷1~30,39.41,住,,,1040410,土地1建物1位0,二,10,店面(店),住商用,筋混凝土造,0821029,205.35000000000002,3,2,2,有,o,o,10000,49,,0.0,0,,RPQNMLTLMHKFFBM66CC,南投县,5,130.65,不动产租赁
草屯,房地(土地+建物),南投h草屯新富路61~90,281.47,其他,,,1031110,土地2建物1位0,一,4,店面(店),其他登事,筋混凝土造,1020703,160.23,0,0,0,o,o,有,18000,112,,0.0,0,,RPQNMLNKJIJFFBM28CC,南投县,5,130.65,不动产租赁
草屯,房地(土地+建物),南投h草屯中正路1621~1650,176.27,,l村^,乙N建B用地,1031101,土地2建物2位0,其他登事,4,店面(店),住商用,筋混凝土造,0870611,384.87,6,2,6,有,o,o,30000,78,,0.0,0,,RPPNMLRKJIJFFBM68DC,南投县,5,130.65,不动产租赁
草屯,房地(土地+建物),南投h草屯碧山路331~360,113.0,住,,,1031128,土地1建物1位0,全,4,透天厝,住家用,筋混凝土造,0841102,258.44,7,2,3,有,o,o,14000,54,,0.0,0,,RPWNMLKKKIJFFBM78DC,南投县,5,130.65,不动产租赁
草屯,房地(土地+建物),南投h草屯育英街31~60,85.95,住,,,1031115,土地1建物1位0,其他登事,3,店面(店),住家用,筋混凝土加u造,0620718,170.1,4,4,3,有,o,o,20000,118,,0.0,0,,RPTNMLPKKIJFFBM98DC,南投县,5,130.65,不动产租赁
草屯,土地,草屯段451~480地,1043.0,r,,,1031210,土地1建物0位0,,,其他,,,,0.0,0,0,0,有,o,o,35000,34,,0.0,0,,RPSNMLQKKIJFFBM98DC,南投县,5,130.65,不动产租赁
草屯,房地(土地+建物),南投h草屯草溪路60巷9弄1~30,143.6,,l村^,乙N建B用地,1031210,土地4建物1位0,全,4,透天厝,住家用,筋混凝土造,0970116,170.28,5,2,3,有,o,o,15000,88,,0.0,0,,RPVNMLTKKIJFFBM86CC,南投县,5,130.65,不动产租赁
草屯,房地(土地+建物),南投h草屯中正路1111~1140,21.71,住,,,1031219,土地1建物1位0,三,12,住宅大(11雍以上有梯),住商用,筋混凝土造,0841215,180.57000000000002,4,2,3,有,o,有,15000,83,,0.0,0,租U1~3牵附砭悖荷嘲l、冷,RPTNMLTLKIJFFBM86DC,南投县,5,130.65,不动产租赁
草屯,房地(土地+建物),南投h草屯成功路一段361~390,10.43,住,,,1040501,土地1建物1位0,四,13,住宅大(11雍以上有梯),住家用,筋混凝土造,0831107,78.47,2,1,1,有,o,有,6000,76,,0.0,0,,RPTNMLLJNHKFFBM68CC,南投县,5,130.65,不动产租赁
南投市,房地(土地+建物),南投h南投市民族路241~270,153.0,商,,,1040427,土地1建物1位0,一,3,店面(店),住商用,筋混凝土造,0890927,103.03,0,0,0,o,o,o,25000,243,,0.0,0,,RPPNMLMJNHKFFAM28CC,南投县,5,130.65,不动产租赁
南投市,房地(土地+建物),南投h南投市大同南街91~120,113.0,商,,,1040420,土地1建物1位0,一,3,店面(店),住商用,其他登事,0640806,113.0,0,0,0,o,o,o,20000,177,,0.0,0,,RPSNMLOJNHKFFAM88DC,南投县,5,130.65,不动产租赁
南投市,房地(土地+建物),南投h南投市嘉和一路91~120,98.0,住,,,1040506,土地1建物1位0,其他登事,3,店面(店),其他登事,筋混凝土造,1020927,185.84,6,1,7,有,o,o,49500,266,,0.0,0,,RPRNMLRJNHKFFAM09DC,南投县,5,130.65,不动产租赁
南投市,房地(土地+建物),南投h南投市彰南路二段475巷31~60,16.22,住,,,1040507,土地1建物1位0,一,1,店面(店),住家用,筋混凝土造,0851130,84.66,0,0,0,o,有,有,8000,94,,0.0,0,,RPPNMLRJNHKFFAM78CC,南投县,5,130.65,不动产租赁
南投市,房地(土地+建物),南投h南投市中d路468巷1~30,13.86,住,,,1040506,土地1建物1位0,二,2,店面(店),其他登事,筋混凝土造,0831109,131.3,0,0,0,o,有,o,8800,67,,0.0,0,,RPQNMLRJNHKFFAM88CC,南投县,5,130.65,不动产租赁
埔里,房地(土地+建物),南投h埔里西安路三段1~30,864.48,,山坡地保育^,r牧用地,1040424,土地2建物1位0,其他登事,3,r舍,其他登事,其他登事,0891120,268.19,0,0,0,o,o,有,25000,,,0.0,0,1.保存登2.2.承租12,RPUNMLRJNHKFFCM86CC,南投县,5,130.65,不动产租赁
南投市,房地(土地+建物),南投h南投市嘉和一路31~60,89.0,住,,,1040508,土地1建物1位0,全,2,透天厝,住家用,筋混凝土加u造,0720412,117.0,1,1,2,有,o,o,15000,128,,0.0,0,,RPPNMLMKNHKFFAM38CC,南投县,5,130.65,不动产租赁
草屯,土地,新光段721~750地,1296.0,,特定rI^,r牧用地,1040420,土地1建物0位0,,,其他,,,,0.0,0,0,0,有,o,o,48000,37,,0.0,0,含未k保存登之合法建物乙,RPQOMLPKNHKFFBM09DC,南投县,5,130.65,不动产租赁
南投市,建物,南投h南投市文化路102巷1~30,9.92,住,,,1040517,土地0建物1位0,全,3,透天厝,住家用,筋混凝土造,0771202,26.44,7,0,8,有,o,有,2500,95,,0.0,0,,RPTNMLTKNHKFFAM86CC,南投县,5,130.65,不动产租赁
草屯,房地(土地+建物)+位,南投h草屯碧d路一段905巷1~30,70.95,,一般rI^,甲N建B用地,1040515,土地1建物1位1,全,3,透天厝,住家用,筋混凝土造,0840308,115.25,4,2,3,有,o,有,8000,69,一瞧矫,0.0,0,,RPXNMLLLNHKFFBM76DC,南投县,5,130.65,不动产租赁
草屯,房地(土地+建物),南投h草屯碧山路232巷8弄1~30,82.0,住,,,1040510,土地1建物1位0,全,2,透天厝,住家用,筋混凝土加u造,0610929,97.92,1,2,2,有,o,有,8000,82,,0.0,0,,RPWNMLPLNHKFFBM07DC,南投县,5,130.65,不动产租赁
草屯,房地(土地+建物),南投h草屯碧山路666巷1~30,577.81,r,,,1040611,土地2建物1位0,使用陶,1,r舍,r舍,其他登事,0971031,12.0,0,0,0,o,o,o,26000,,,0.0,0,,RPUNMLLKOHKFFBM98CC,南投县,5,130.65,不动产租赁
南投市,房地(土地+建物),南投h南投市文化路91~120,75.0,住,,,1040620,土地1建物1位0,全,2,透天厝,住商用,筋混凝土加u造,0670519,89.84,0,0,0,o,o,o,10000,111,,0.0,0,,RPQNMLPLOHKFFAM98CC,南投县,5,130.65,不动产租赁
草屯,房地(土地+建物),南投h草屯登x路268巷1~30,75.79,住,,,1040704,土地1建物1位0,全,4,透天厝,住家用,筋混凝土造,0841230,158.09,3,4,3,有,o,有,13000,82,,0.0,0,,RPQNMLRJPHKFFBM66DC,南投县,5,130.65,不动产租赁
南投市,房地(土地+建物),南投h南投市南新路173巷1~30,4017.8,住,,,1040710,土地1建物1位0,全,3,透天厝,住家用,筋混凝土造,0830111,164.02,4,3,3,有,有,有,13000,79,,0.0,0,,RPUNMLOKPHKFFAM76DC,南投县,5,130.65,不动产租赁
草屯,房地(土地+建物),南投h草屯敦和路61~90,85.0,住,,,1040715,土地1建物1位0,全,2,透天厝,住商用,筋混凝土加u造,0661111,122.71,3,2,2,有,o,有,15000,122,,0.0,0,,RPPNMLPKPHKFFBM09DC,南投县,5,130.65,不动产租赁
埔里,房地(土地+建物),南投h埔里中正路361~390,980.54,商,,,1040731,土地1建物1位0,十二,12,套房(1房1d1l),其他登事,筋混凝土造,0831013,35.21,1,1,1,有,有,有,5650,160,,0.0,0,,RPUNMLNKQHKFFCM86CC,南投县,5,130.65,不动产租赁
草屯,房地(土地+建物),南投h草屯儒林街121~150,17.52,住,,,1040720,土地1建物1位0,三,7,AB(10雍以下有梯),住家用,筋混凝土造,0820527,119.39999999999999,3,1,2,有,有,有,11000,92,,0.0,0,,RPPNMLPKQHKFFBM09CC,南投县,5,130.65,不动产租赁
草屯,房地(土地+建物)+位,南投h草屯虎山路91~120,17.33,住,,,1040807,土地1建物1位1,六,7,AB(10雍以下有梯),住家用,筋混凝土造,0820907,123.03999999999999,2,2,1,有,有,有,8500,69,坡道平面,0.0,0,含平面位1,RPQNMLTKQHKFFBM07DC,南投县,5,130.65,不动产租赁
草屯,房地(土地+建物),南投h草屯草溪路970巷31~60,51.45,住,,,1040821,土地1建物1位0,全,1,透天厝,住家用,u造,,33.43,1,1,1,有,o,有,5000,150,,0.0,0,,RPTNMLLLQHKFFBM66DC,南投县,5,130.65,不动产租赁
草屯,房地(土地+建物),南投h草屯中正路841~870,267.57,住,,,1040903,土地1建物1位0,全,3,透天厝,住商用,筋混凝土造,0691013,223.35,0,0,0,o,o,o,40000,179,,0.0,0,租金4f/月(未)，第三年106年09月03日起{整３%，每月租金新41200元整(未)，後每赡暾{整３%租金；第五年108年09月03日起每月租金新_42436元整(未)。,RPPNMLOKRHKFFBM09CC,南投县,5,130.65,不动产租赁
草屯,房地(土地+建物),南投h草屯中正路601~630,137.32,其他,,,1040829,土地1建物1位0,一,4,店面(店),住商用,筋混凝土造,0930804,45.99,0,0,0,o,o,o,43000,935,,0.0,0,,RPQNMLRKRHKFFBM86CC,南投县,5,130.65,不动产租赁
南投市,房地(土地+建物),南投h南投市南路331~360,16.72,住,,,1040930,土地1建物1位0,四,13,住宅大(11雍以上有梯),住家用,筋混凝土造,0840216,133.18,3,2,2,有,o,有,8500,64,,0.0,0,,RPVNMLMJIIKFFAM48CC,南投县,5,130.65,不动产租赁
草屯,房地(土地+建物),南投h草屯太平路二段61~90,113.62,住,,,1040915,土地1建物1位0,其他登事,4,店面(店),住商用,筋混凝土造,0750415,251.13,6,2,4,有,o,有,18000,72,,0.0,0,,RPPNMLOKIIKFFBM28CC,南投县,5,130.65,不动产租赁
埔里,房地(土地+建物),南投h埔里中山路二段271~300,2314.88,其他,,,1041005,土地1建物1位0,其他登事,5,店面(店),住商用,筋混凝土造,0800412,273.93,3,4,4,有,o,o,33000,120,,0.0,0,,RPQNMLQKIIKFFCM68CC,南投县,5,130.65,不动产租赁
草屯,房地(土地+建物),南投h草屯太平路一段301~330,13.55,其他,,,1041101,土地1建物1位0,四,12,住宅大(11雍以上有梯),商I用,筋混凝土造,0800323,136.33,2,2,1,有,o,有,9500,70,,0.0,0,,RPRNMLMJJIKFFBM28CC,南投县,5,130.65,不动产租赁
草屯,房地(土地+建物),南投h草屯儒林街121~150,34.04,住,,,1041101,土地1建物1位0,五,7,AB(10雍以下有梯),住家用,筋混凝土造,0820507,153.74,3,2,2,有,o,有,10000,65,,0.0,0,,RPSNMLMJJIKFFBM38CC,南投县,5,130.65,不动产租赁
南投市,房地(土地+建物),南投h南投市文昌街31~60,190.0,住,,,1041026,土地1建物1位0,全,2,透天厝,住家用,筋混凝土造,0601210,90.3,0,0,0,o,o,有,11000,122,,0.0,0,,RPWNMLOJJIKFFAM88CC,南投县,5,130.65,不动产租赁
南投市,房地(土地+建物),南投h南投市文昌街4131~60,190.0,住,,,1041026,土地1建物1位0,全,2,透天厝,住家用,筋混凝土造,0601210,92.82,0,0,0,o,o,有,9000,97,,0.0,0,,RPOOMLOJJIKFFAM18CC,南投县,5,130.65,不动产租赁
南投市,房地(土地+建物),南投h南投市大同街61~90,190.0,住,,,1041026,土地1建物1位0,全,2,透天厝,住家用,筋混凝土造,0601210,175.08,0,0,0,o,o,有,10000,57,,0.0,0,,RPPOMLOJJIKFFAM28CC,南投县,5,130.65,不动产租赁
南投市,房地(土地+建物),南投h南投市南路331~360,15.41,住,,,1041112,土地1建物1位0,五,13,住宅大(11雍以上有梯),住家用,筋混凝土造,0840216,125.81,3,2,2,有,o,有,10000,79,,0.0,0,,RPQNMLOLJIKFFAM48CC,南投县,5,130.65,不动产租赁
草屯,房地(土地+建物),南投h草屯碧山路301~330,31.63,其他,,,1041107,土地1建物1位0,四,7,AB(10雍以下有梯),住家用,筋混凝土造,0841220,152.66,4,2,2,有,o,有,12000,79,,0.0,0,,RPQNMLOLJIKFFBM58CC,南投县,5,130.65,不动产租赁
南投市,建物,南投h南投市光A路121~150,445.89,其他,,,1041121,土地0建物1位0,一,2,店面(店),其他登事,筋混凝土造,0520614,88.97,0,0,0,o,o,有,30000,337,,0.0,0,,RPVOMLLJKIKFFAM68CC,南投县,5,130.65,不动产租赁
南投市,房地(土地+建物),南投h南投市中d路601~630,90.0,商,,,1041202,土地1建物1位0,其他登事,4,店面(店),住商用,筋混凝土加u造,0690919,240.75,6,2,3,有,o,o,18000,75,,0.0,0,,RPSNMLMJKIKFFAM38CC,南投县,5,130.65,不动产租赁
南投市,房地(土地+建物),南投h南投市|山路443巷61~90,20.08,,l村^,乙N建B用地,1041201,土地1建物1位0,七,11,住宅大(11雍以上有梯),住家用,筋混凝土造,0831007,114.61,3,2,2,有,o,有,10000,87,,0.0,0,,RPTNMLMJKIKFFAM48CC,南投县,5,130.65,不动产租赁
草屯,房地(土地+建物),南投h草屯御富路284巷1~30,94.89,住,,,1041201,土地1建物1位0,全,4,透天厝,住商用,筋混凝土造,0850826,251.05,6,2,4,有,o,o,13000,52,,0.0,0,,RPPNMLMJKIKFFBM28DC,南投县,5,130.65,不动产租赁
草屯,土地,茄N段301~330地,1741.0,,特定rI^,r牧用地,1041201,土地1建物0位0,,,其他,,,,0.0,0,0,0,有,o,有,26000,15,,0.0,0,,RPPNMLNJKIKFFBM28CC,南投县,5,130.65,不动产租赁
南投市,房地(土地+建物),南投h南投市文化路121~150,89.0,住,,,1041201,土地1建物1位0,全,3,透天厝,住家用,筋混凝土造,0810619,139.0,4,2,3,有,o,o,10000,72,,0.0,0,,RPPNMLRJKIKFFAM58CC,南投县,5,130.65,不动产租赁
草屯,房地(土地+建物),南投h草屯太平路二段239巷11弄1~30,72.99,住,,,1041201,土地1建物1位0,全,2,透天厝,住家用,筋混凝土加u造,0560701,106.28,3,2,2,有,o,有,10000,94,,0.0,0,,RPPOMLTJKIKFFBM98CC,南投县,5,130.65,不动产租赁
南投市,房地(土地+建物),南投h南投市忠孝五街31~60,100.0,住,,,1041201,土地1建物1位0,其他登事,3,店面(店),其他登事,筋混凝土造,1020927,199.94,6,2,8,有,o,o,26000,130,,0.0,0,,RPQNMLOKKIKFFAM58DC,南投县,5,130.65,不动产租赁
名gl,房地(土地+建物),南投h名gl名松路二段631~660,27.5,,l村^,乙N建B用地,1041205,土地1建物1位0,全,3,透天厝,住商用,筋混凝土加u造,0680531,49.5,4,2,2,有,o,有,5000,101,,0.0,0,三羌咏ǚ课,RPQOMLMLKIKFFAM58DC,南投县,5,130.65,不动产租赁
草屯,土地,新S光段811~840地,2469.68,r,,,1041123,土地1建物0位0,,,其他,,,,0.0,3,0,0,有,o,o,15000,6,,0.0,0,土地使用面es200坪左右，有一艉戏ㄞr舍，但o建，使用r舍面e72.97坪,RPQNMLMLKIKFFBM58DC,南投县,5,130.65,不动产租赁
南投市,房地(土地+建物),南投h南投市I北里仁德路1~30,96.79,住,,,1041226,土地1建物1位0,全,3,透天厝,住商用,筋混凝土造,0800926,155.2,4,2,3,有,o,有,18000,116,,0.0,0,,RPSNMLSLKIKFFAM66DC,南投县,5,130.65,不动产租赁
南投市,房地(土地+建物),南投h南投市I北里向上六路1~30,126.44,住,,,1041222,土地1建物1位0,全,4,透天厝,其他登事,筋混凝土造,0970131,227.58,4,3,5,有,o,有,30000,132,,0.0,0,,RPTNMLSLKIKFFAM76DC,南投县,5,130.65,不动产租赁
南投市,房地(土地+建物),南投h南投市南路一段331~360,96.0,住,,,1050101,土地1建物1位0,其他登事,2,店面(店),住商用,筋混凝土加u造,0691208,114.48,3,1,3,有,o,有,13000,114,,0.0,0,34羌咏2房1l,RPTNMLLKJHLFFAM48DC,南投县,5,130.65,不动产租赁
南投市,房地(土地+建物),南投h南投市中d路391~420,91.22,,l村^,乙N建B用地,1050115,土地1建物1位0,其他登事,4,其他,其他登事,筋混凝土造,0880809,163.51,4,2,3,有,o,o,22000,135,,0.0,0,,RPPOMLPKJHLFFAM48CC,南投县,5,130.65,不动产租赁
埔里,房地(土地+建物),南投h埔里北h路181~210,69.23,住,,,1050101,土地1建物1位0,一,5,店面(店),其他登事,骨筋混凝土造,0950209,165.74,0,0,0,o,o,o,19000,115,,0.0,0,,RPUNMLTKJHLFFCM86CC,南投县,5,130.65,不动产租赁
埔里,房地(土地+建物),南投h埔里大同街31~60,2907.33,,特定rI^,丁N建B用地,1041228,土地4建物2位0,其他登事,5,工S,其他登事,筋混凝土造,0881218,2681.27,30,0,0,有,o,o,157500,,,0.0,0,租金支付情形:1)105.01.01~105.06.30每月租金157500元(含)2)105.07.01~109.12.31每月租金210000(含)3)110.01.01~111.12.31每月租金262500元(含)4)112.01.01~113.12.31每月租金315000元(含),RPTNMLKLJHLFFCM58CC,南投县,5,130.65,不动产租赁
南投市,房地(土地+建物)+位,南投h南投市文化南路181~210,121.0,住,,,1050101,土地2建物1位1,其他登事,3,店面(店),住家用,筋混凝土造,0900608,214.51,4,2,3,有,o,有,15000,70,一瞧矫,0.0,0,,RPPNMLKLJHLFFAM97CC,南投县,5,130.65,不动产租赁
草屯,房地(土地+建物),南投h草屯中正路559巷1~30,4202.61,住,,,1050110,土地1建物1位0,五,7,AB(10雍以下有梯),其他登事,筋混凝土造,0930205,112.04,2,2,2,有,有,有,14000,125,,0.0,0,,RPQNMLLLJHLFFBM38DC,南投县,5,130.65,不动产租赁
埔里,房地(土地+建物),南投h埔里中正路630巷1~30,135.91,住,,,1050125,土地1建物1位0,全,2,透天厝,住家用,加u造,0690523,63.98,2,2,1,有,o,有,6000,94,,0.0,0,,RPOOMLQLJHLFFCM78CC,南投县,5,130.65,不动产租赁
埔里,建物,南投h埔里中A路261巷1~30,13.97,住,,,1050125,土地0建物1位0,十二,12,住宅大(11雍以上有梯),其他登事,筋混凝土造,0841122,116.12,3,2,2,有,o,有,9000,78,,0.0,0,,RPWNMLSLJHLFFCM07CC,南投县,5,130.65,不动产租赁
南投市,房地(土地+建物),南投h南投市同源路5街1~30,23.33,,工I^,丁N建B用地,1050120,土地1建物1位0,二,5,公寓(5呛以下o梯),住家用,筋混凝土造,0930119,60.66,3,2,2,有,o,有,7000,115,,0.0,0,,RPWNMLLJKHLFFAM78DC,南投县,5,130.65,不动产租赁
南投市,房地(土地+建物),南投h南投市育仿31~60,15.38,住,,,1050201,土地1建物1位0,四,7,AB(10雍以下有梯),住家用,筋混凝土造,0820322,75.28,3,2,2,有,o,o,7000,93,,0.0,0,,RPSOMLLJKHLFFAM48DC,南投县,5,130.65,不动产租赁
南投市,房地(土地+建物),南投h南投市平山里仁和路1~30,2535.0,工,,,1050108,土地1建物1位0,其他登事,3,工S,其他登事,其他登事,0740401,1615.08,0,0,0,o,o,有,150000,,,0.0,0,,RPUNMLMJKHLFFAM68DC,南投县,5,130.65,不动产租赁
南投市,房地(土地+建物),南投h南投市中d路466巷1~30,11.09,其他,,,1050111,土地1建物1位0,十三,16,住宅大(11雍以上有梯),住家用,筋混凝土造,0831109,103.63,3,2,1,有,o,有,8000,77,,0.0,0,,RPXNMLMJKHLFFAM88CC,南投县,5,130.65,不动产租赁
草屯,土地,草鞋墩段781~810地,228.56,住,,,1050201,土地2建物0位0,,,其他,,,,0.0,0,0,0,有,o,o,6900,30,,0.0,0,,RPOOMLRKKHLFFBM78CC,南投县,5,130.65,不动产租赁
草屯,土地,草鞋墩段781~810地,200.17,住,,,1050201,土地1建物0位0,,,其他,,,,0.0,0,0,0,有,o,o,6100,30,,0.0,0,,RPPOMLRKKHLFFBM88CC,南投县,5,130.65,不动产租赁
南投市,建物,南投h南投市同源路一街31~60,6.0,,工I^,丁N建B用地,1050301,土地0建物0位0,一,5,套房(1房1d1l),其他登事,筋混凝土造,1031021,28.16,0,0,0,o,o,有,4500,160,,0.0,0,,RPPNMLMJLHLFFAM28DC,南投县,5,130.65,不动产租赁
南投市,房地(土地+建物),南投h南投市民族路211~240,109.0,商,,,1050301,土地1建物1位0,一,3,店面(店),住商用,筋混凝土加u造,0630513,81.03,0,0,0,o,o,o,18000,222,,0.0,0,,RPTNMLNJLHLFFAM68CC,南投县,5,130.65,不动产租赁
南投市,房地(土地+建物),南投h南投市中d路271~300,105.47,住,,,1050315,土地1建物1位0,全,3,透天厝,住商用,筋混凝土造,0791206,71.14,0,0,0,o,o,o,12000,169,,0.0,0,,RPSNMLQKLHLFFAM98CC,南投县,5,130.65,不动产租赁
南投市,房地(土地+建物),南投h南投市南新路301~330,120.23,住,,,1050308,土地1建物1位0,全,4,透天厝,其他登事,筋混凝土造,1031023,239.48,4,2,4,有,o,o,30000,125,,0.0,0,,RPQNMLMLLHLFFAM48CC,南投县,5,130.65,不动产租赁
南投市,房地(土地+建物),南投h南投市中d路211~240,57.9,其他,,,1050301,土地1建物1位0,全,3,透天厝,住商用,筋混凝土加u造,0681101,102.84,4,2,3,有,o,o,12000,117,,0.0,0,,RPWNMLOLLHLFFAM66CC,南投县,5,130.65,不动产租赁
草屯,房地(土地+建物),南投h草屯民辔髀9巷31~60,69.0,其他,,,1050201,土地1建物1位0,全,2,透天厝,住家用,筋混凝土造,0671211,84.42,4,2,3,有,o,o,10000,118,,0.0,0,,RPRNMLOLLHLFFBM88CC,南投县,5,130.65,不动产租赁
草屯,房地(土地+建物),南投h草屯成功路一段121~150,123.35,其他,,,1050201,土地1建物1位0,其他登事,3,店面(店),住商用,筋混凝土加u造,0670119,230.18,4,2,3,有,o,o,18000,78,,0.0,0,,RPSNMLOLLHLFFBM98CC,南投县,5,130.65,不动产租赁
草屯,房地(土地+建物),南投h草屯儒林街121~150,34.04,住,,,1050305,土地1建物1位0,一,7,AB(10雍以下有梯),住家用,筋混凝土造,0820507,153.73,3,2,2,有,有,o,10000,65,,0.0,0,,RPQNMLSLLHLFFBM56CC,南投县,5,130.65,不动产租赁
草屯,房地(土地+建物),南投h草屯中正路811~840,149.0,商,,,1050305,土地1建物1位0,一,3,店面(店),住商用,筋混凝土加u造,0551230,95.4,0,0,0,o,o,o,12000,126,,0.0,0,,RPSNMLSLLHLFFBM76CC,南投县,5,130.65,不动产租赁
埔里,建物,南投h埔里中正路181~210,8.38,商,,,1050314,土地0建物1位0,一,7,k公商I大,其他登事,筋混凝土造,0881202,983.12,0,0,1,有,有,o,33000,34,,0.0,0,,RPQNMLSLLHLFFCM66CC,南投县,5,130.65,不动产租赁
南投市,土地,光s段421~450地,678.92,其他,,,1050324,土地1建物0位0,,,其他,,,,0.0,0,0,0,有,o,o,20000,29,,0.0,0,,RPOOMLTLLHLFFAM09CC,南投县,5,130.65,不动产租赁
草屯,房地(土地+建物),南投h草屯稻香路1~30,537.0,工,,,1050328,土地1建物1位0,其他登事,1,工S,住工用,筋混凝土造,0700908,378.3,0,0,0,o,o,o,20000,,,0.0,0,,RPRNMLLJMHLFFBM48CC,南投县,5,130.65,不动产租赁
草屯,土地,和平段151~180地,743.0,r,,,1050328,土地2建物0位0,,,其他,,,,0.0,0,0,0,有,o,o,30000,40,,0.0,0,,RPTNMLLJMHLFFBM68CC,南投县,5,130.65,不动产租赁
草屯,房地(土地+建物),南投h草屯中正路1111~1140,12.92,住,,,1050330,土地1建物1位0,五,12,住宅大(11雍以上有梯),民住宅,筋混凝土造,0841215,100.57000000000001,3,2,1,有,有,有,11300,112,,0.0,0,,RPSNMLNKMHLFFBM88CC,南投县,5,130.65,不动产租赁
草屯,房地(土地+建物),南投h草屯中d路331~360,66.14,住,,,1050325,土地1建物1位0,全,2,透天厝,住家用,加u造,0680101,96.04,1,2,2,有,o,o,15000,156,,0.0,0,,RPRNMLSKMHLFFBM66CC,南投县,5,130.65,不动产租赁
南投市,土地,新生段1621~1650地,92.0,住,,,1050426,土地1建物0位0,,,其他,,,,0.0,0,0,0,有,o,有,12000,130,,0.0,0,,RPVNMLQLMHLFFAM86CC,南投县,5,130.65,不动产租赁
草屯,房地(土地+建物),南投h草屯中正路781~810,129.0,商,,,1050426,土地1建物1位0,其他登事,1,店面(店),商I用,造,0751122,53.28,0,0,0,o,o,o,18000,338,,0.0,0,"第4,5年租金每月22000元。",RPSNMLSLMHLFFBM86CC,南投县,5,130.65,不动产租赁
南投市,房地(土地+建物),南投h南投市南二路421~450,79.0,住,,,1050407,土地2建物1位0,其他登事,3,店面(店),住商用,筋混凝土加u造,0700224,157.14,4,2,3,有,o,o,18500,118,,0.0,0,,RPUNMLTLMHLFFAM07CC,南投县,5,130.65,不动产租赁
南投市,土地,光s段331~360地,521.13,其他,,,1050420,土地1建物0位0,,,其他,,,,0.0,0,0,0,有,o,有,23000,44,,0.0,0,,RPTNMLNJNHLFFAM88CC,南投县,5,130.65,不动产租赁
南投市,房地(土地+建物),南投h南投市育仿31~60,26.18,住,,,1050507,土地1建物1位0,一,8,AB(10雍以下有梯),住商用,筋混凝土造,0820322,41.42,0,0,0,o,o,o,6000,145,,0.0,0,,RPSNMLTJNHLFFAM76CC,南投县,5,130.65,不动产租赁
埔里,房地(土地+建物),南投h埔里中山路二段271~300,2314.88,商,,,1050502,土地1建物1位0,全,5,透天厝,商I用,筋混凝土造,0800412,276.57,3,4,4,有,o,o,33000,119,,0.0,0,,RPVNMLLKNHLFFCM56CC,南投县,5,130.65,不动产租赁
南投市,房地(土地+建物),南投h南投市仁政街1~30,151.56,住,,,1050501,土地2建物1位0,其他登事,4,店面(店),其他登事,筋混凝土造,0791004,232.54,7,3,6,有,o,o,40868,176,,0.0,0,,RPTNMLKLNHLFFAM78CC,南投县,5,130.65,不动产租赁
草屯,房地(土地+建物),南投h草屯中山街151~180,67.0,商,,,1050520,土地1建物1位0,一,3,店面(店),商I用,u造,0460306,66.53,0,0,0,o,o,o,18000,271,,0.0,0,,RPQNMLLLNHLFFBM68CC,南投县,5,130.65,不动产租赁
南投市,房地(土地+建物),南投h南投市民族路181~210,119.0,工,,,1050511,土地1建物1位0,其他登事,3,店面(店),其他登事,筋混凝土造,0900928,235.96,6,2,3,有,o,o,23000,97,,0.0,0,,RPTNMLLMNHLFFAM98CC,南投县,5,130.65,不动产租赁
草屯,房地(土地+建物),南投h草屯忠孝街361~390,83.0,住,,,1050523,土地1建物1位0,全,3,透天厝,住商用,筋混凝土造,0771027,104.04,5,3,3,有,o,o,12000,115,,0.0,0,,RPQNMLLJOHLFFBM58CC,南投县,5,130.65,不动产租赁
草屯,土地,新富仁段241~270地,8451.83,住,,,1050524,土地2建物0位0,,,其他,,,,0.0,0,0,0,有,o,o,6500,1,,0.0,0,俪址滞恋兀部分出租,RPSNMLLJOHLFFBM78CC,南投县,5,130.65,不动产租赁
名gl,房地(土地+建物)+位,南投h名glA山街A山巷31~60,79.8,,l村^,乙N建B用地,1050602,土地1建物1位1,全,3,透天厝,住家用,筋混凝土造,0900118,151.54,4,3,4,有,o,o,10000,66,一瞧矫,0.0,0,,RPPNMLNJOHLFFAM58CC,南投县,5,130.65,不动产租赁
南投市,房地(土地+建物),南投h南投市民族路18巷1~30,57.0,住,,,1050606,土地1建物1位0,全,3,透天厝,住家用,筋混凝土加u造,0660606,43.0,1,0,1,有,o,有,10000,233,,0.0,0,,RPPNMLQJOHLFFAM88CC,南投县,5,130.65,不动产租赁
南投市,房地(土地+建物),南投h南投市民族路18巷1~30,57.0,住,,,1050606,土地1建物1位0,全,3,透天厝,住家用,筋混凝土加u造,0660606,43.0,4,0,4,有,o,有,15000,349,,0.0,0,三榧咏ú糠,RPQNMLQJOHLFFAM98CC,南投县,5,130.65,不动产租赁
南投市,房地(土地+建物),南投h南投市南新路327巷1~30,77.65,住,,,1050606,土地1建物1位0,全,4,透天厝,其他登事,筋混凝土造,1031023,168.06,5,2,5,有,o,o,12000,71,,0.0,0,,RPRQMLSJOHLFFAM96CC,南投县,5,130.65,不动产租赁
草屯,房地(土地+建物),南投h草屯虎山路672巷1~30,70.48,住,,,1050510,土地1建物1位0,全,2,透天厝,住家用,筋混凝土加u造,0551231,76.9,1,1,1,有,o,o,7000,91,,0.0,0,,RPRNMLSJOHLFFBM76CC,南投县,5,130.65,不动产租赁
草屯,土地,新虎山段871~900地,194.74,其他,,,1050610,土地1建物0位0,,,其他,,,,0.0,0,0,0,有,o,o,25000,128,,0.0,0,此P土地有未保存登的F皮屋,RPRNMLNKOHLFFBM98CC,南投县,5,130.65,不动产租赁
南投市,房地(土地+建物),南投h南投市育芬唤1~30,105.0,住,,,1050527,土地1建物1位0,其他登事,3,店面(店),其他登事,筋混凝土造,1030604,246.63,4,3,4,有,o,o,32000,130,,0.0,0,,RPQNMLNLOHLFFAM88CC,南投县,5,130.65,不动产租赁
南投市,房地(土地+建物),南投h南投市民族路91~120,129.0,住,,,1050601,土地1建物1位0,一,1,店面(店),商I用,其他登事,0781103,166.25,3,1,1,有,o,o,30000,180,,0.0,0,,RPVNMLTLOHLFFAM47DC,南投县,5,130.65,不动产租赁
草屯,土地,北投埔段661~690地,1336.0,其他,,,1050610,土地1建物0位0,,,其他,,,,0.0,0,0,0,有,o,有,12000,9,,0.0,0,,RPSNMLKMOHLFFBM98CC,南投县,5,130.65,不动产租赁
~池l,土地,薅31~60地,1248.0,,特定rI^,r牧用地,1050606,土地2建物0位0,,,其他,,,,0.0,0,0,0,有,o,o,1000,1,,0.0,0,,RPTNMLLJPHLFFCM09CC,南投县,5,130.65,不动产租赁
草屯,土地,中d段391~420地,766.0,工,,,1050629,土地1建物0位0,,,其他,,,,0.0,0,0,0,有,o,o,13000,17,,0.0,0,,RPPNMLQJPHLFFBM09CC,南投县,5,130.65,不动产租赁
南投市,土地,南投段331~360地,171.0,商,,,1050701,土地1建物0位0,,,其他,,,,0.0,0,0,0,有,o,o,23000,135,,0.0,0,o保存登,RPSNMLNKPHLFFAM09CC,南投县,5,130.65,不动产租赁
埔里,房地(土地+建物),南投h埔里和平|路91~120,24.95,住,,,1050718,土地1建物1位0,二,7,AB(10雍以下有梯),住商用,筋混凝土造,0830530,107.88,2,2,2,有,o,有,10000,93,,0.0,0,,RPUNMLKLPHLFFCM66CC,南投县,5,130.65,不动产租赁
埔里,房地(土地+建物),南投h埔里大城五巷1~30,53.73,住,,,1050715,土地2建物1位0,全,3,透天厝,住家用,筋混凝土加u造,0590225,60.48,3,2,2,有,o,o,9000,149,,0.0,0,,RPQNMLLLPHLFFCM98CC,南投县,5,130.65,不动产租赁
埔里,房地(土地+建物)+位,南投h埔里h中街1~30,21.24,住,,,1050801,土地1建物1位1,十二,13,住宅大(11雍以上有梯),其他登事,筋混凝土造,0830707,135.51,3,2,2,有,有,o,8000,59,坡道平面,0.0,0,,RPOOMLLJQHLFFCM78CC,南投县,5,130.65,不动产租赁
草屯,土地,草屯段151~180地,1729.0,其他,,,1050705,土地3建物0位0,,,其他,,,,0.0,0,0,0,有,o,o,75250,44,,0.0,0,,RPRNMLNJQHLFFBM09CC,南投县,5,130.65,不动产租赁
草屯,土地,建d段1291~1320地,1227.64,其他,,,1050705,土地2建物0位0,,,其他,,,,0.0,0,0,0,有,o,o,31000,25,,0.0,0,,RPSNMLNJQHLFFBM56CC,南投县,5,130.65,不动产租赁
草屯,房地(土地+建物),南投h草屯北投路421~450,72.25,,l村^,乙N建B用地,1050705,土地1建物1位0,全,3,透天厝,住家用,筋混凝土造,0860313,169.93,4,2,3,有,o,o,8500,50,,0.0,0,,RPTNMLNJQHLFFBM66CC,南投县,5,130.65,不动产租赁
草屯,房地(土地+建物),南投h草屯成功路一段121~150,144.36,其他,,,1050802,土地1建物1位0,一,3,店面(店),住商用,筋混凝土加u造,0670119,58.5,0,0,0,o,o,o,12000,205,,0.0,0,,RPRNMLOJQHLFFBM56CC,南投县,5,130.65,不动产租赁
草屯,房地(土地+建物),南投h草屯成功路一段121~150,144.36,其他,,,1050802,土地1建物1位0,全,3,透天厝,住商用,筋混凝土加u造,0670119,74.25,0,0,0,o,o,o,8000,108,,0.0,0,,RPTNMLOJQHLFFBM76CC,南投县,5,130.65,不动产租赁
草屯,土地,新富功段871~900地,61.0,其他,,,1050801,土地1建物0位0,,,其他,,,,0.0,0,0,0,有,o,有,10000,164,,0.0,0,,RPUNMLOJQHLFFBM86CC,南投县,5,130.65,不动产租赁
草屯,房地(土地+建物),南投h草屯明正巷31~60,66.97,商,,,1050721,土地1建物1位0,其他登事,3,店面(店),住商用,筋混凝土加u造,0670611,141.9,2,3,3,有,o,o,19000,134,,0.0,0,,RPVNMLMKQHLFFBM96DC,南投县,5,130.65,不动产租赁
草屯,房地(土地+建物),南投h草屯太平路一段511~540,15.97,住,,,1050814,土地1建物1位0,四,8,AB(10雍以下有梯),住家用,筋混凝土造,0840512,100.78,2,1,1,有,有,有,10000,99,,0.0,0,,RPVNMLSKQHLFFBM57DC,南投县,5,130.65,不动产租赁
南投市,房地(土地+建物),南投h南投市南新路301~330,255.27,住,,,1050810,土地2建物2位0,全,4,透天厝,其他登事,筋混凝土造,1031023,253.92,4,2,4,有,o,o,28000,110,,0.0,0,,RPSNMLSKQHLFFAM07CC,南投县,5,130.65,不动产租赁
草屯,房地(土地+建物),南投h草屯新S里稻香路1~30,537.0,工,,,1050817,土地1建物1位0,其他登事,1,工S,住工用,筋混凝土造,0700908,378.3,0,0,0,o,o,o,28000,,,0.0,0,,RPSNMLSKQHLFFBM17CC,南投县,5,130.65,不动产租赁
埔里,房地(土地+建物),南投h埔里同春二街1~30,105.0,住,,,1050724,土地1建物1位0,全,2,透天厝,住家用,筋混凝土造,0740925,125.6,5,3,2,有,o,o,10000,80,,0.0,0,,RPTNMLMLQHLFFCM86CC,南投县,5,130.65,不动产租赁
南投市,房地(土地+建物),南投h南投市民生街61~90,154.0,住,,,1050722,土地1建物1位0,二,6,套房(1房1d1l),住家用,筋混凝土造,0831220,16.0,1,1,1,有,o,有,7000,438,,0.0,0,,RPSNMLNLQHLFFAM66CC,南投县,5,130.65,不动产租赁
南投市,房地(土地+建物),南投h南投市团d路571~600,191.23,住,,,1050722,土地1建物1位0,一,3,店面(店),商I用,筋混凝土造,0940818,49.59,0,0,0,o,o,有,23000,464,,0.0,0,,RPTNMLNLQHLFFAM76CC,南投县,5,130.65,不动产租赁
草屯,土地,草屯段31~60地,146.0,住,,,1050909,土地2建物0位0,,,其他,,,,0.0,0,0,0,有,o,o,35000,240,,0.0,0,,RPPNMLKKRHLFFBM78CC,南投县,5,130.65,不动产租赁
南投市,房地(土地+建物),南投h南投市育仿31~60,18.21,住,,,1050910,土地1建物1位0,四,8,AB(10雍以下有梯),住家用,筋混凝土造,0820322,85.58,3,2,2,有,有,有,7000,82,,0.0,0,,RPQNMLQLRHLFFAM86CC,南投县,5,130.65,不动产租赁
草屯,房地(土地+建物),南投h草屯|美街31~60,58.17,住,,,1050921,土地3建物1位0,全,3,透天厝,住商用,筋混凝土造,0710619,120.55,4,2,2,有,o,有,10000,83,,0.0,0,,RPUNMLPJIILFFBM88CC,南投县,5,130.65,不动产租赁
草屯,土地,上林段301~330地,648.0,r,,,1051009,土地7建物0位0,,,其他,,,,0.0,0,0,0,有,o,o,20000,31,,0.0,0,,RPTNMLRKIILFFBM09CC,南投县,5,130.65,不动产租赁
草屯,房地(土地+建物),南投h草屯草溪路901~930,101.42,其他,,,1051005,土地1建物1位0,全,4,透天厝,其他登事,筋混凝土造,0880409,263.67,9,3,4,有,o,有,20000,76,,0.0,0,,RPUNMLRKIILFFBM56CC,南投县,5,130.65,不动产租赁
草屯,房地(土地+建物),南投h草屯民生二街31~60,12.03,住,,,1051009,土地1建物1位0,二,8,AB(10雍以下有梯),住家用,筋混凝土造,0830411,79.69,2,2,1,有,o,有,8000,100,,0.0,0,,RPXNMLPLIILFFBM76CC,南投县,5,130.65,不动产租赁
南投市,土地,南投段121~150地,446.0,其他,,,1051028,土地1建物0位0,,,其他,,,,0.0,0,0,0,有,o,o,25000,56,,0.0,0,,RPVNMLMJJILFFAM68CC,南投县,5,130.65,不动产租赁
草屯,房地(土地+建物),南投h草屯富林路二段31~60,75.5,住,,,1051101,土地1建物1位0,其他登事,5,店面(店),住商用,筋混凝土造,0800204,249.26,6,4,7,有,o,o,17000,68,,0.0,0,,RPSNMLOJJILFFBM68CC,南投县,5,130.65,不动产租赁
南投市,建物,南投h南投市中d路61~90,94.05,其他,,,1051101,土地0建物1位0,其他登事,2,店面(店),住商用,筋混凝土造,0761003,101.41,6,2,3,有,o,o,17500,173,,0.0,0,,RPQNMLOLJILFFAM58CC,南投县,5,130.65,不动产租赁
草屯,土地,北投段151~180地,1818.0,,特定rI^,r牧用地,1051111,土地2建物0位0,,,其他,,,,0.0,0,0,0,有,o,o,25000,14,,0.0,0,,RPOOMLPLJILFFBM68CC,南投县,5,130.65,不动产租赁
草屯,房地(土地+建物),南投h草屯南投h草屯立人路661~690,3203.0,,特定rI^,r牧用地,1051116,土地1建物1位0,其他登事,2,r舍,其他登事,筋混凝土造,0821206,218.63,5,2,2,有,o,o,15000,,,0.0,0,,RPXNMLSLJILFFBM17CC,南投县,5,130.65,不动产租赁
埔里,房地(土地+建物),南投h埔里西安路一段1~30,89.72,商,,,1051102,土地1建物1位0,全,4,透天厝,住商用,筋混凝土加u造,0610602,275.36,5,1,3,有,o,有,15000,54,,0.0,0,,RPPNMLKMJILFFCM38CC,南投县,5,130.65,不动产租赁
草屯,房地(土地+建物),南投h草屯太平路一段301~330,105.0,住,,,1051107,土地1建物1位0,全,4,透天厝,其他登事,筋混凝土造,1030325,224.0,4,2,5,有,o,o,25000,112,,0.0,0,,RPUNMLLJKILFFBM78DC,南投县,5,130.65,不动产租赁
草屯,房地(土地+建物),南投h草屯太平路一段301~330,105.0,住,,,1051125,土地1建物1位0,全,1,透天厝,其他登事,筋混凝土造,1030325,50.29,0,1,1,有,o,o,10000,199,,0.0,0,,RPVNMLLJKILFFBM88DC,南投县,5,130.65,不动产租赁
草屯,房地(土地+建物),南投h草屯太平路一段301~330,105.0,住,,,1051125,土地1建物1位0,全,3,透天厝,其他登事,筋混凝土造,1030325,148.8,4,1,4,有,o,o,17000,114,,0.0,0,,RPWNMLLJKILFFBM98DC,南投县,5,130.65,不动产租赁
草屯,房地(土地+建物),南投h草屯中d路271~300,222.36,住,,,1051201,土地1建物2位0,全,5,透天厝,住商用,筋混凝土造,0940630,238.37,0,0,3,有,o,o,50000,210,,0.0,0,,RPXNMLLJKILFFBM09DC,南投县,5,130.65,不动产租赁
南投市,房地(土地+建物)+位,南投h南投市南二路331~360,16.71,住,,,1051220,土地1建物1位1,十一,12,住宅大(11雍以上有梯),住家用,筋混凝土造,0880212,132.71,3,2,2,有,有,有,13000,98,升降C械,0.0,0,,RPUNMLKLKILFFAM68CC,南投县,5,130.65,不动产租赁
南投市,房地(土地+建物),南投h南投市中d路468巷1~30,12.67,其他,,,1051220,土地1建物1位0,其他登事,15,AB(10雍以下有梯),其他登事,筋混凝土造,0831109,116.51,0,0,2,有,o,o,10000,86,,0.0,0,,RPVNMLSLKILFFAM96CC,南投县,5,130.65,不动产租赁
南投市,房地(土地+建物),南投h南投市三d里彰南路一段847巷1~30,85.0,住,,,1051221,土地1建物1位0,全,4,透天厝,其他登事,筋混凝土造,1020717,146.9,0,0,0,o,o,o,15000,102,,0.0,0,,RPQOMLSLKILFFAM66DC,南投县,5,130.65,不动产租赁
草屯,房地(土地+建物),南投h草屯碧山路1171~1200,58.22,,l村^,乙N建B用地,1051225,土地1建物1位0,全,2,透天厝,住家用,加u造,066,109.14,2,2,2,有,o,有,10000,92,,0.0,0,,RPSNMLQJJHMFFBM88CC,南投县,5,130.65,不动产租赁
草屯,房地(土地+建物),南投h草屯草溪路747巷31~60,1150.0,r,,,1060103,土地1建物1位0,全,2,透天厝,r舍,筋混凝土造,0701221,180.95,3,2,2,有,o,o,18000,99,,0.0,0,,RPOOMLMKJHMFFBM28CC,南投县,5,130.65,不动产租赁
草屯,房地(土地+建物),南投h草屯民生二街31~60,1911.0,住,,,1051215,土地1建物1位0,八,8,AB(10雍以下有梯),住家用,筋混凝土造,0830411,106.75999999999999,2,1,1,有,o,o,6000,56,,0.0,0,,RPPOMLMKJHMFFBM38CC,南投县,5,130.65,不动产租赁
埔里,房地(土地+建物),南投h埔里忠孝路31~60,300.09,住,,,1060117,土地1建物1位0,一,4,店面(店),其他登事,筋混凝土造,0991129,144.7,0,1,2,有,o,o,35000,242,,0.0,0,,RPXNMLSKJHMFFCM17CC,南投县,5,130.65,不动产租赁
南投市,房地(土地+建物),南投h南投市中d路468巷1~30,12.67,其他,,,1051220,土地1建物1位0,其他登事,15,AB(10雍以下有梯),其他登事,筋混凝土造,0831109,116.51,0,0,0,o,o,o,10000,86,,0.0,0,,RPUNMLTKJHMFFAM76CC,南投县,5,130.65,不动产租赁
草屯,房地(土地+建物),南投h草屯中正路811~840,149.0,商,,,1060109,土地1建物1位0,一,3,店面(店),住商用,筋混凝土加u造,0551230,95.4,0,0,0,o,o,o,13000,136,,0.0,0,,RPUNMLQLJHMFFBM66CC,南投县,5,130.65,不动产租赁
草屯,房地(土地+建物),南投h草屯民|街91~120,88.0,住,,,1060103,土地1建物1位0,其他登事,3,店面(店),其他登事,筋混凝土造,1010605,187.77,4,3,3,有,o,o,10000,53,,0.0,0,,RPVNMLQLJHMFFBM76CC,南投县,5,130.65,不动产租赁
南投市,房地(土地+建物),南投h南投市彰南路三段2巷6弄1~30,78.49,r,,,1060207,土地1建物1位0,全,2,透天厝,住商用,筋混凝土加u造,0690514,102.48,0,0,0,o,o,o,10000,98,,0.0,0,,RPWNMLRKKHMFFAM86CC,南投县,5,130.65,不动产租赁
草屯,房地(土地+建物),南投h草屯炎峰街1~30,135.58,住,,,1060215,土地1建物1位0,其他登事,1,店面(店),住商用,筋混凝土造,0960117,368.84,0,0,0,o,o,o,30000,81,,0.0,0,,RPTNMLRKKHMFFBM76DC,南投县,5,130.65,不动产租赁
草屯,房地(土地+建物),南投h草屯虎山路332巷31~60,31.0,住,,,1060201,土地1建物1位0,一,10,AB(10雍以下有梯),住家用,筋混凝土造,0850112,136.84,3,2,2,有,有,有,10000,73,,0.0,0,,RPPNMLSKKHMFFBM09DC,南投县,5,130.65,不动产租赁
草屯,房地(土地+建物),南投h草屯民|街61~90,91.47,住,,,1060220,土地1建物1位0,全,3,透天厝,其他登事,筋混凝土造,1010605,191.87,4,2,3,有,o,o,12000,63,,0.0,0,,RPQNMLKLKHMFFBM38CC,南投县,5,130.65,不动产租赁
草屯,房地(土地+建物),南投h草屯碧山路碧A巷1弄1~30,88.0,,l村^,乙N建B用地,1060220,土地1建物1位0,全,2,透天厝,住家用,筋混凝土加u造,0681201,110.0,3,3,3,有,o,有,9000,82,,0.0,0,,RPRNMLKLKHMFFBM48CC,南投县,5,130.65,不动产租赁
草屯,房地(土地+建物),南投h草屯太平路二段239巷11弄1~30,82.68,住,,,1060206,土地1建物1位0,全,1,透天厝,住家用,筋混凝土加u造,0560701,47.94,2,2,1,有,o,有,8000,167,,0.0,0,,RPTNMLNLKHMFFBM98CC,南投县,5,130.65,不动产租赁
草屯,土地,新御史段61~90地,105.81,住,,,1060310,土地1建物0位0,,,其他,,,,0.0,0,0,0,有,o,o,7500,71,,0.0,0,包含未k保存建物一。,RPPNMLNKLHMFFBM58CC,南投县,5,130.65,不动产租赁
南投市,建物,南投h南投市公@南街1~30,90.0,商,,,1060305,土地0建物1位0,全,4,透天厝,住商用,筋混凝土造,0891228,72.74,1,1,1,有,o,o,9000,124,,0.0,0,,RPTNMLOLLHMFFAM09CC,南投县,5,130.65,不动产租赁
草屯,房地(土地+建物),南投h草屯虎山路672巷1~30,85.74,住,,,1060323,土地1建物1位0,全,2,透天厝,住家用,筋混凝土加u造,0551231,79.31,4,3,2,有,o,o,8000,101,,0.0,0,,RPSNMLTLLHMFFBM96CC,南投县,5,130.65,不动产租赁
埔里,土地,忠段421~450地,613.16,,特定rI^,r牧用地,1060329,土地2建物0位0,,,其他,,,,0.0,0,0,0,有,o,o,25000,41,,0.0,0,1.含未k保存建物一。2.H承租部分土地。,RPSNMLTLLHMFFCM17DC,南投县,5,130.65,不动产租赁
南投市,建物,南投h南投市南投市三民里彰南路二段91~120,145.0,商,,,1060406,土地0建物0位0,一,5,店面(店),其他登事,筋混凝土造,1050323,51.28,0,0,0,o,o,o,30000,585,,0.0,0,,RPRNMLKKMHMFFAM48CC,南投县,5,130.65,不动产租赁
南投市,房地(土地+建物),南投h南投市育方91~120,119.0,住,,,1060309,土地1建物1位0,一,4,店面(店),住商用,其他登事,1000707,119.0,0,0,0,o,o,o,22000,185,,0.0,0,p方同意乙方b潢期g共45天不收租金，由106年4月25日起算租金，本sM赡曛後第三年_始月租{橘Ef肆仟元整。,RPQNMLNKMHMFFAM68CC,南投县,5,130.65,不动产租赁
草屯,房地(土地+建物),南投h草屯碧山路763巷1~30,67.27,,l村^,乙N建B用地,1060314,土地1建物1位0,全,3,透天厝,住家用,筋混凝土加u造,0660115,111.38,5,2,2,有,o,o,8000,72,,0.0,0,,RPPNMLSKMHMFFBM66DC,南投县,5,130.65,不动产租赁
南投市,房地(土地+建物),南投h南投市彰南路三段647巷1~30,93.55,住,,,1060417,土地1建物1位0,全,3,透天厝,住商用,筋混凝土造,0860820,140.53,4,2,3,有,o,o,7000,50,,0.0,0,,RPPNMLKLMHMFFAM38CC,南投县,5,130.65,不动产租赁
南投市,土地,新生段1471~1500地,1952.0,其他,,,1060416,土地3建物0位0,,,其他,,,,0.0,4,0,0,有,o,o,70000,36,,0.0,0,有民情L俗因素之交易。;一未保存S房含增建或未登建物。,RPQNMLLLMHMFFAM58CC,南投县,5,130.65,不动产租赁
埔里,建物,南投h埔里南投h埔里中正路361~390,980.54,其他,,,1060407,土地0建物1位0,十二,12,AB(10雍以下有梯),其他登事,筋混凝土造,0831013,35.21,1,1,1,有,有,有,5000,142,,0.0,0,,RPWNMLOLMHMFFCM07CC,南投县,5,130.65,不动产租赁
埔里,建物,南投h埔里南d街1~30,84.84,住,,,1060501,土地0建物1位0,全,4,透天厝,住家用,筋混凝土造,0950116,26.62,0,0,0,o,o,o,15000,563,,0.0,0,,RPROMLOJNHMFFCM56CC,南投县,5,130.65,不动产租赁
草屯,房地(土地+建物),南投h草屯中正路751~780,147.4,商,,,1060510,土地4建物1位0,一,3,店面(店),住商用,筋混凝土加u造,0560503,67.76,0,0,0,o,o,o,30000,443,,0.0,0,,RPVNMLQKNHMFFBM17DC,南投县,5,130.65,不动产租赁
草屯,房地(土地+建物),南投h草屯虎山路241~270,114.29,住,,,1060601,土地1建物1位0,全,3,透天厝,其他登事,加u造,073- -,137.1,5,2,2,有,o,o,13000,95,,0.0,0,,RPRNMLLJOHMFFBM88DC,南投县,5,130.65,不动产租赁
埔里,房地(土地+建物),南投h埔里溪路1~30,967.14,,山坡地保育^,丙N建B用地,1060606,土地1建物1位0,全,3,透天厝,住家用,筋混凝土造,0870720,161.63,3,2,1,有,o,有,9000,56,,0.0,0,,RPVNMLRJOHMFFCM27CC,南投县,5,130.65,不动产租赁
埔里,房地(土地+建物),南投h埔里中山路三段241~270,9.14,住,,,1060612,土地1建物1位0,二,12,住宅大(11雍以上有梯),其他登事,筋混凝土造,0831231,64.8,3,2,2,有,o,o,15000,231,,0.0,0,,RPRNMLKLOHMFFCM98CC,南投县,5,130.65,不动产租赁
草屯,房地(土地+建物),南投h草屯宅冉166巷1~30,94.0,,特定rI^,甲N建B用地,1060620,土地1建物1位0,全,3,透天厝,住家用,其他登事,0901116,160.76,4,2,3,有,o,o,10000,62,,0.0,0,,RPSNMLKLOHMFFBM98CC,南投县,5,130.65,不动产租赁
草屯,房地(土地+建物),南投h草屯仁劢181~210,96.0,住,,,1060520,土地1建物1位0,全,2,透天厝,住商用,筋混凝土加u造,0680419,125.9,4,2,2,有,o,有,13000,103,,0.0,0,,RPQNMLLLOHMFFBM88CC,南投县,5,130.65,不动产租赁
南投市,建物,南投h南投市中W西路31~60,176.65,住,,,1060616,土地0建物1位0,其他登事,2,店面(店),住商用,筋混凝土造,0901221,139.03,4,2,2,有,o,o,43000,309,,0.0,0,,RPRNMLRLOHMFFAM86CC,南投县,5,130.65,不动产租赁
南投市,建物,南投h南投市民族路31~60,0.0,住,,,1060614,土地0建物1位0,全,4,透天厝,住商用,筋混凝土加u造,0680322,196.7,0,0,0,o,o,o,11000,56,,0.0,0,,RPUNMLKMOHMFFAM56CC,南投县,5,130.65,不动产租赁
南投市,建物,南投h南投市民族路31~60,0.0,住,,,1060614,土地0建物1位0,全,4,透天厝,住商用,筋混凝土加u造,0680322,36.0,0,0,0,o,o,o,4000,111,,0.0,0,,RPVNMLKMOHMFFAM66CC,南投县,5,130.65,不动产租赁
南投市,房地(土地+建物),南投h南投市南路151~180,109.0,住,,,1060628,土地1建物1位0,全,5,透天厝,住商用,筋混凝土造,0890629,256.38,5,2,3,有,o,o,15000,59,,0.0,0,,RPROMLRJPHMFFAM96DC,南投县,5,130.65,不动产租赁
南投市,房地(土地+建物),南投h南投市南路151~180,260.0,住,,,1060628,土地2建物1位0,全,5,透天厝,住商用,筋混凝土造,0890629,131.22,0,0,0,o,o,o,15000,114,,0.0,0,,RPSOMLRJPHMFFAM07DC,南投县,5,130.65,不动产租赁
南投市,房地(土地+建物),南投h南投市南投市I北路136巷1~30,86.06,其他,,,1060703,土地1建物1位0,全,2,透天厝,住商用,筋混凝土加u造,0680531,116.64,4,2,2,有,o,有,8000,69,,0.0,0,,RPPNMLKKPHMFFAM58CC,南投县,5,130.65,不动产租赁
埔里,房地(土地+建物),南投h埔里中正路331~360,69.48,商,,,1060710,土地1建物1位0,全,4,透天厝,住商用,筋混凝土造,0690523,229.41,7,1,3,有,o,o,33000,144,,0.0,0,s日期民106年7月10日，租U期限於民106年8月15日至民109年8月14日止，三年。,RPSNMLMKPHMFFCM76DC,南投县,5,130.65,不动产租赁
草屯,房地(土地+建物),南投h草屯御史里御富路318巷1~30,101.82,住,,,1060701,土地1建物1位0,全,2,透天厝,住家用,筋混凝土加u造,0701215,107.1,4,2,2,有,o,o,7500,70,,0.0,0,,RPQNMLSKPHMFFBM96CC,南投县,5,130.65,不动产租赁
南投市,土地,南投段271~300地,57.0,其他,,,1060612,土地1建物0位0,,,其他,,,,0.0,0,0,0,有,o,o,12000,211,,0.0,0,含未保存地上建物的一,RPPNMLLLPHMFFAM78CC,南投县,5,130.65,不动产租赁
南投市,房地(土地+建物),南投h南投市团d路151~180,260.0,商,,,1060725,土地2建物1位0,全,5,透天厝,其他登事,筋混凝土造,0900703,110.59,8,0,6,有,o,有,42000,380,,0.0,0,,RPRNMLQLPHMFFAM86CC,南投县,5,130.65,不动产租赁
草屯,房地(土地+建物),南投h草屯太平路一段443巷51弄1~30,116.0,住,,,1060801,土地1建物1位0,全,3,透天厝,其他登事,筋混凝土造,0791119,157.86,4,2,3,有,o,有,12000,76,,0.0,0,,RPQNMLOJQHMFFBM56CC,南投县,5,130.65,不动产租赁
南投市,房地(土地+建物),南投h南投市中d路182巷1~30,66.7,住,,,1060801,土地1建物1位0,全,4,透天厝,住商用,筋混凝土造,0910521,198.99,7,3,3,有,o,o,15000,75,,0.0,0,,RPOOMLRJQHMFFAM66CC,南投县,5,130.65,不动产租赁
草屯,房地(土地+建物),南投h草屯草溪路901~930,101.42,其他,,,1060804,土地1建物1位0,其他登事,4,店面(店),其他登事,筋混凝土造,0880409,272.49,9,3,4,有,o,有,20000,73,,0.0,0,,RPPOMLSKQHMFFBM07CC,南投县,5,130.65,不动产租赁
草屯,房地(土地+建物),南投h草屯碧山路331~360,5.89,住,,,1060725,土地1建物1位0,六,9,AB(10雍以下有梯),住家用,筋混凝土造,0800920,21.55,1,0,1,有,o,有,5500,255,,0.0,0,,RPRNMLMLQHMFFBM66CC,南投县,5,130.65,不动产租赁
南投市,土地,大段571~600地,1393.0,,工I^,丁N建B用地,1060817,土地1建物0位0,,,其他,,,,0.0,0,0,0,有,o,有,75000,54,,0.0,0,未保存登建物F皮屋,RPPNMLMLQHMFFAM98CC,南投县,5,130.65,不动产租赁
南投市,房地(土地+建物),南投h南投市民族路91~120,133.0,住,,,1060801,土地1建物1位0,其他登事,4,店面(店),其他登事,筋混凝土造,1021004,297.22,4,3,5,有,o,o,45000,151,,0.0,0,,RPRNMLPLQHMFFAM86CC,南投县,5,130.65,不动产租赁
草屯,房地(土地+建物),南投h草屯太平路一段541~570,107.96,住,,,1060801,土地1建物1位0,全,2,透天厝,住商用,骨筋混凝土造,0900321,165.0,2,1,3,有,o,o,19900,121,,0.0,0,,RPQNMLOJRHMFFBM66CC,南投县,5,130.65,不动产租赁
草屯,土地,草屯段121~150地,90.0,住,,,1060910,土地2建物0位0,,,其他,,,,0.0,0,0,0,有,o,o,12000,133,,0.0,0,含未k保存建物一。,RPPNMLLKRHMFFBM98CC,南投县,5,130.65,不动产租赁
埔里,土地,大坪段1111~1140地,4923.37,,山坡地保育^,r牧用地,1060920,土地1建物0位0,,,其他,,,,0.0,0,0,0,有,o,o,6666,1,,0.0,0,,RPVNMLLLRHMFFCM17CC,南投县,5,130.65,不动产租赁
南投市,房地(土地+建物),南投h南投市成功三路361~390,991.7,,工I^,丁N建B用地,1060919,土地1建物1位0,一,1,工S,其他登事,其他登事,1020423,826.44,0,0,0,o,o,o,90300,,,0.0,0,,RPVNMLSLRHMFFAM67CC,南投县,5,130.65,不动产租赁
南投市,房地(土地+建物),南投h南投市中d路781~810,59.0,其他,,,1060901,土地1建物1位0,其他登事,3,店面(店),商I用,筋混凝土加u造,0710830,166.68,0,0,0,o,o,o,12000,72,,0.0,0,,RPQNMLTLRHMFFAM27CC,南投县,5,130.65,不动产租赁
埔里,房地(土地+建物),南投h埔里中山路三段631巷1~30,201.92,,特定rI^,甲N建B用地,1060901,土地1建物1位0,全,1,透天厝,住家用,u造,0601101,87.58,2,2,1,有,o,有,8000,91,,0.0,0,,RPWNMLQJIIMFFCM76CC,南投县,5,130.65,不动产租赁
草屯,房地(土地+建物),南投h草屯虎山路332巷1~30,114.7,住,,,1060930,土地1建物1位0,五,7,AB(10雍以下有梯),住家用,筋混凝土造,0830310,114.69999999999999,2,1,2,有,有,o,7000,61,,0.0,0,附2台冷,RPSNMLMKIIMFFBM68DC,南投县,5,130.65,不动产租赁
南投市,土地,IP口段631~660地,2000.0,其他,,,1060920,土地1建物0位0,,,其他,,,,0.0,0,0,0,有,o,o,20000,10,,0.0,0,租金前三年每年2f元，第四至十年每年4f元。,RPRNMLSKIIMFFAM98CC,南投县,5,130.65,不动产租赁
草屯,房地(土地+建物),南投h草屯太平路一段443巷51弄1~30,116.0,工,,,1061001,土地1建物1位0,全,3,透天厝,其他登事,筋混凝土造,0791119,148.32,4,2,3,有,o,o,12000,81,,0.0,0,,RPVNMLNLIIMFFBM09CC,南投县,5,130.65,不动产租赁
草屯,房地(土地+建物),南投h草屯富林路二段31~60,75.5,住,,,1061109,土地1建物1位0,一,4,店面(店),住商用,筋混凝土造,0800204,62.3,6,4,7,有,o,o,17000,273,,0.0,0,承租使用第一恰,RPXNMLNKJIMFFBM66CC,南投县,5,130.65,不动产租赁
南投市,房地(土地+建物),南投h南投市大同南街1~30,55.0,商,,,1061116,土地1建物1位0,全,3,透天厝,住商用,筋混凝土加u造,0651201,154.2,3,3,2,有,o,有,18000,117,,0.0,0,,RPPNMLRKJIMFFAM78CC,南投县,5,130.65,不动产租赁
名gl,房地(土地+建物),南投h名gl松山街31~60,94.96,其他,,,1061110,土地1建物1位0,全,2,透天厝,住商用,筋混凝土加u造,0700407,166.54,6,3,3,有,o,有,9000,54,,0.0,0,,RPQNMLRKJIMFFAM88CC,南投县,5,130.65,不动产租赁
南投市,房地(土地+建物),南投h南投市中正路151~180,90.3,住,,,1061114,土地1建物1位0,全,4,透天厝,住商用,筋混凝土造,0961026,189.08,0,0,0,o,o,o,30000,159,,0.0,0,,RPQNMLTLJIMFFAM56CC,南投县,5,130.65,不动产租赁
南投市,房地(土地+建物),南投h南投市中d路466巷1~30,12.28,住,,,1061112,土地1建物1位0,三,3,住宅大(11雍以上有梯),住家用,筋混凝土造,0831109,107.29,3,2,2,有,有,有,8000,75,,0.0,0,,RPQNMLOJKIMFFAM58CC,南投县,5,130.65,不动产租赁
南投市,房地(土地+建物),南投h南投市仁德路256巷1~30,48.27,住,,,1061207,土地1建物1位0,全,4,透天厝,其他登事,筋混凝土造,0841002,57.44,5,2,3,有,o,有,14000,244,,0.0,0,,RPTNMLLKKIMFFAM68CC,南投县,5,130.65,不动产租赁
草屯,房地(土地+建物),南投h草屯加老|路43巷1~30,671.17,,l村^,乙N建B用地,1061221,土地1建物1位0,其他登事,1,工S,住商用,造,0761104,355.9,0,0,0,o,o,o,25000,,,0.0,0,,RPRNMLMLKIMFFBM78CC,南投县,5,130.65,不动产租赁
草屯,土地,草屯段421~450地,250.0,住,,,1061215,土地2建物0位0,,,其他,,,,0.0,0,0,0,有,o,o,15000,60,,0.0,0,含未保存登建物,RPRNMLQLKIMFFBM56CC,南投县,5,130.65,不动产租赁
南投市,房地(土地+建物),南投h南投市彰南路三段687巷61~90,85.0,住,,,1070104,土地1建物1位0,全,2,透天厝,住商用,筋混凝土加u造,0691231,94.98,4,2,2,有,o,o,7000,74,,0.0,0,,RPXNMLOJJHNFFAM56CC,南投县,5,130.65,不动产租赁
草屯,房地(土地+建物),南投h草屯中d路327巷20弄1~30,87.82,住,,,1070101,土地1建物1位0,全,3,透天厝,住家用,筋混凝土加u造,0650802,103.47,5,2,2,有,o,o,8000,77,,0.0,0,,RPPNMLPJJHNFFBM58CC,南投县,5,130.65,不动产租赁
南投市,房地(土地+建物),南投h南投市光明一路421~450,99.8,住,,,1061212,土地1建物1位0,全,3,透天厝,住商用,筋混凝土造,0790504,156.4,4,3,3,有,o,o,15000,96,,0.0,0,,RPVNMLKKJHNFFAM68CC,南投县,5,130.65,不动产租赁
草屯,房地(土地+建物),南投h草屯草溪路970巷31~60,55.87,住,,,1070108,土地1建物1位0,全,2,透天厝,住家用,u造,0480707,38.52,4,2,1,有,o,有,6000,156,,0.0,0,,RPQNMLLKJHNFFBM38CC,南投县,5,130.65,不动产租赁
南投市,房地(土地+建物),南投h南投市嘉和一路91~120,98.0,住,,,1070110,土地1建物1位0,其他登事,3,店面(店),其他登事,筋混凝土造,1020927,185.84,6,1,7,有,o,o,30000,161,,0.0,0,,RPTNMLTKJHNFFAM76CC,南投县,5,130.65,不动产租赁
中寮l,房地(土地+建物),南投h中寮l永嘉新村二巷1~30,34.15,,山坡地保育^,丙N建B用地,1070108,土地1建物1位0,一,5,公寓(5呛以下o梯),住家用,筋混凝土造,0830908,71.13,3,2,2,有,o,o,6500,91,,0.0,0,,RPVNMLTKJHNFFAM96CC,南投县,5,130.65,不动产租赁
南投市,房地(土地+建物),南投h南投市南路331~360,14.42,住,,,1070122,土地1建物1位0,二,13,住宅大(11雍以上有梯),住家用,筋混凝土造,0840216,115.72,3,2,2,有,有,o,7600,66,,0.0,0,,RPRNMLNLJHNFFAM68CC,南投县,5,130.65,不动产租赁
南投市,房地(土地+建物),南投h南投市力行二街16巷1~30,64.32,住,,,1070127,土地1建物1位0,全,3,透天厝,住家用,筋混凝土造,0840622,200.17,4,3,3,有,o,有,15000,75,,0.0,0,,RPQNMLLJKHNFFAM28CC,南投县,5,130.65,不动产租赁
埔里,房地(土地+建物),南投h埔里育仿妨巷1~30,21.91,其他,,,1070201,土地1建物1位0,五,7,AB(10雍以下有梯),其他登事,筋混凝土造,0820724,123.91,3,2,2,有,有,有,14000,113,,0.0,0,,RPPOMLMKKHNFFCM68CC,南投县,5,130.65,不动产租赁
南投市,房地(土地+建物),南投h南投市向上五路15巷1~30,54.6,住,,,1070206,土地1建物1位0,全,4,透天厝,住家用,筋混凝土造,0960511,212.97,4,3,4,有,o,o,20000,94,,0.0,0,,RPSOMLNKKHNFFAM88CC,南投县,5,130.65,不动产租赁
南投市,房地(土地+建物),南投h南投市彰南路二段596巷1~30,30.23,住,,,1070125,土地1建物1位0,其他登事,5,公寓(5呛以下o梯),其他登事,筋混凝土造,0830611,146.24,4,2,3,有,o,o,12000,82,,0.0,0,,RPUOMLNKKHNFFAM09CC,南投县,5,130.65,不动产租赁
草屯,房地(土地+建物),南投h草屯中正路811~840,160.0,商,,,1070120,土地1建物1位0,其他登事,1,店面(店),商I用,造,0800325,129.04,0,1,1,有,o,o,15000,116,,0.0,0,未保存建物未在承租,RPPOMLNKKHNFFBM68CC,南投县,5,130.65,不动产租赁
草屯,土地,北投堡段31~60地,280.52,,特定rI^,甲N建B用地,1070210,土地1建物0位0,,,其他,,,,0.0,0,0,0,有,o,o,8000,29,,0.0,0,地上有未保存登建物,RPTNMLLLKHNFFBM88CC,南投县,5,130.65,不动产租赁
草屯,土地,草屯段31~60地,56.0,住,,,1070203,土地1建物0位0,,,其他,,,,0.0,3,0,0,有,o,o,6500,116,,0.0,0,土地有未保存登之建物,RPTNMLMJLHNFFBM88CC,南投县,5,130.65,不动产租赁
南投市,房地(土地+建物),南投h南投市中山街211~240,80.0,商,,,1070202,土地1建物1位0,其他登事,5,店面(店),其他登事,筋混凝土造,1010604,301.45,6,3,6,有,o,o,33000,109,,0.0,0,,RPRNMLMJLHNFFAM58CC,南投县,5,130.65,不动产租赁
中寮l,房地(土地+建物),南投h中寮l永嘉新村二巷1~30,34.15,,山坡地保育^,丙N建B用地,1070211,土地1建物1位0,一,5,AB(10雍以下有梯),住家用,筋混凝土造,0830908,71.13,3,2,2,有,o,o,8000,112,,0.0,0,,RPSNMLMJLHNFFAM68CC,南投县,5,130.65,不动产租赁
草屯,房地(土地+建物),南投h草屯仁劢181~210,96.0,住,,,1070302,土地1建物1位0,其他登事,2,店面(店),住商用,筋混凝土加u造,0680419,125.9,4,2,2,有,o,o,13000,103,,0.0,0,,RPRNMLMKLHNFFBM78CC,南投县,5,130.65,不动产租赁
草屯,房地(土地+建物),南投h草屯草溪路91~120,135.22,,l村^,乙N建B用地,1070311,土地1建物1位0,全,4,透天厝,住家用,筋混凝土造,0950209,228.82,4,2,3,有,o,o,15000,66,,0.0,0,,RPQNMLPKLHNFFBM98CC,南投县,5,130.65,不动产租赁
南投市,房地(土地+建物),南投h南投市力行一街1~30,91.18,住,,,1070314,土地1建物1位0,全,3,透天厝,住家用,筋混凝土造,0830627,149.8,4,2,3,有,o,o,10000,67,,0.0,0,,RPVNMLKLLHNFFAM98CC,南投县,5,130.65,不动产租赁
南投市,房地(土地+建物),南投h南投市嘉和北路61~90,64.0,住,,,1070320,土地1建物1位0,一,3,店面(店),住家用,筋混凝土造,0840221,34.87,0,0,0,o,o,o,9000,258,,0.0,0,,RPRNMLLLLHNFFAM68CC,南投县,5,130.65,不动产租赁
南投市,房地(土地+建物),南投h南投市彰南路一段889巷1~30,60.0,住,,,1070322,土地1建物1位0,全,2,透天厝,住商用,筋混凝土加u造,0670907,75.48,4,2,3,有,o,o,13000,172,,0.0,0,,RPTNMLRLLHNFFAM86CC,南投县,5,130.65,不动产租赁
草屯,房地(土地+建物),南投h草屯团d路151~180,120.15,,l村^,乙N建B用地,1070227,土地1建物1位0,全,4,透天厝,住家用,筋混凝土造,0740801,330.88,4,2,3,有,o,o,8000,24,,0.0,0,,RPPNMLRLLHNFFBM56CC,南投县,5,130.65,不动产租赁
埔里,房地(土地+建物),南投h埔里西安路一段1~30,89.72,其他,,,1070325,土地1建物1位0,其他登事,4,店面(店),住商用,筋混凝土加u造,0610602,275.36,5,1,2,有,o,o,16000,58,,0.0,0,,RPWNMLMJMHNFFCM76CC,南投县,5,130.65,不动产租赁
草屯,土地,草屯段31~60地,77.0,住,,,1070402,土地1建物0位0,,,其他,,,,0.0,0,0,0,有,o,o,18000,234,,0.0,0,上有未保存建物.,RPPNMLNJMHNFFBM68CC,南投县,5,130.65,不动产租赁
草屯,房地(土地+建物),南投h草屯儒林街121~150,10.29,住,,,1070310,土地1建物1位0,五,7,AB(10雍以下有梯),住家用,筋混凝土造,0820507,153.73000000000002,3,2,1,有,o,o,11000,72,,0.0,0,,RPWNMLKKMHNFFBM56CC,南投县,5,130.65,不动产租赁
草屯,土地,新永安段691~720地,282.5,r,,,1070306,土地1建物0位0,,,其他,,,,0.0,0,0,0,有,o,o,23000,81,,0.0,0,含增建或未登建物。,RPSNMLQKMHNFFBM76CC,南投县,5,130.65,不动产租赁
草屯,房地(土地+建物),南投h草屯富中路26巷1~30,88.84,住,,,1070305,土地1建物1位0,全,3,透天厝,住家用,筋混凝土造,0901121,169.66,4,2,3,有,o,o,14000,83,,0.0,0,,RPTNMLQKMHNFFBM86CC,南投县,5,130.65,不动产租赁
草屯,房地(土地+建物),南投h草屯碧山路176巷1~30,70.0,商,,,1070329,土地1建物1位0,全,3,透天厝,住商用,筋混凝土造,0720209,173.81,4,2,3,有,o,o,13000,75,,0.0,0,,RPUNMLQKMHNFFBM96CC,南投县,5,130.65,不动产租赁
南投市,房地(土地+建物),南投h南投市光明南路72巷61~90,86.24,住,,,1070328,土地2建物1位0,全,3,透天厝,住家用,筋混凝土造,0811221,129.0,4,3,3,有,o,o,13000,101,,0.0,0,,RPWNMLQKMHNFFAM07CC,南投县,5,130.65,不动产租赁
南投市,房地(土地+建物),南投h南投市文化南路31~60,105.0,住,,,1070409,土地1建物1位0,全,4,透天厝,住商用,筋混凝土造,0840109,217.62,4,4,4,有,o,有,11000,51,,0.0,0,,RPPNMLRKMHNFFAM09CC,南投县,5,130.65,不动产租赁
南投市,房地(土地+建物),南投h南投市中d路466巷1~30,11.09,住,,,1070415,土地1建物1位0,十三,15,住宅大(11雍以上有梯),住家用,筋混凝土造,0831109,90.09,3,2,1,有,o,有,8500,94,,0.0,0,,RPQNMLRKMHNFFAM56CC,南投县,5,130.65,不动产租赁
草屯,房地(土地+建物),南投h草屯博勐391~420,78.0,住,,,1070413,土地1建物1位0,全,4,透天厝,其他登事,筋混凝土造,0950606,283.13,4,3,2,有,o,有,18000,64,,0.0,0,,RPRNMLSKMHNFFBM86CC,南投县,5,130.65,不动产租赁
草屯,房地(土地+建物),南投h草屯敦和路121巷31~60,93.0,住,,,1070419,土地1建物1位0,全,3,透天厝,其他登事,筋混凝土造,1020129,180.58,3,1,4,有,o,有,17000,94,,0.0,0,,RPQNMLOJNHNFFBM98CC,南投县,5,130.65,不动产租赁
南投市,房地(土地+建物),南投h南投市中d路468巷1~30,12.67,住,,,1070502,土地1建物1位0,二,15,住宅大(11雍以上有梯),其他登事,筋混凝土造,0831109,101.22,0,0,0,o,o,有,10000,99,,0.0,0,,RPUOMLOJNHNFFAM76CC,南投县,5,130.65,不动产租赁
南投市,房地(土地+建物),南投h南投市南二路631~660,284.0,住,,,1070430,土地1建物1位0,一,1,其他,商I用,其他登事,0941104,10.5,1,1,1,有,o,有,30000,2857,,0.0,0,,RPVOMLOJNHNFFAM86CC,南投县,5,130.65,不动产租赁
草屯,房地(土地+建物),南投h草屯敦和路121巷31~60,128.0,住,,,1070501,土地1建物1位0,全,3,透天厝,其他登事,筋混凝土造,1020129,181.43,3,1,4,有,o,有,23000,127,,0.0,0,,RPPOMLSJNHNFFBM76CC,南投县,5,130.65,不动产租赁
南投市,房地(土地+建物),南投h南投市中d路466巷1~30,12.26,住,,,1070511,土地1建物1位0,十五,16,AB(10雍以下有梯),住家用,筋混凝土造,0831109,107.28,3,2,1,有,o,有,12000,112,,0.0,0,,RPTNMLLKNHNFFAM98CC,南投县,5,130.65,不动产租赁
草屯,房地(土地+建物),南投h草屯成功路一段428巷1~30,74.0,其他,,,1070506,土地1建物1位0,全,3,透天厝,住家用,筋混凝土加u造,0651129,86.8,5,2,3,有,o,有,10000,115,,0.0,0,三禹窃鼋43.4平方公尺,RPVPMLPKNHNFFBM27CC,南投县,5,130.65,不动产租赁
草屯,房地(土地+建物),南投h草屯明t街31~60,137.58,住,,,1070512,土地1建物1位0,一,2,店面(店),商I用,筋混凝土加u造,0540510,137.96,0,0,0,o,o,o,18000,130,,0.0,0,,RPUPMLQKNHNFFBM27CC,南投县,5,130.65,不动产租赁
南投市,房地(土地+建物),南投h南投市彰南路二段596巷18弄1~30,77.0,住,,,1070512,土地1建物1位0,全,4,透天厝,住家用,筋混凝土造,0830331,154.75,4,3,3,有,o,o,11000,71,,0.0,0,,RPSNMLQKNHNFFAM76CC,南投县,5,130.65,不动产租赁
草屯,房地(土地+建物),南投h草屯虎山路353巷1~30,92.37,其他,,,1070521,土地3建物1位0,全,4,透天厝,住商用,筋混凝土造,0820722,126.4,3,0,2,有,o,有,15000,119,,0.0,0,,RPRNMLMLNHNFFBM09CC,南投县,5,130.65,不动产租赁
草屯,房地(土地+建物),南投h草屯虎山路353巷1~30,92.37,其他,,,1070521,土地3建物1位0,全,4,透天厝,住商用,筋混凝土造,0820722,184.38,2,0,2,有,o,有,10000,54,,0.0,0,,RPSNMLMLNHNFFBM56CC,南投县,5,130.65,不动产租赁
草屯,土地,草屯段151~180地,1729.0,r,,,1070515,土地3建物0位0,,,其他,,,,0.0,0,0,0,有,o,o,85000,49,,0.0,0,,RPUNMLMLNHNFFBM76CC,南投县,5,130.65,不动产租赁
草屯,房地(土地+建物),南投h草屯太平路一段301~330,210.0,住,,,1070508,土地1建物1位0,其他登事,1,店面(店),住家用,其他登事,0900704,125.67,3,2,2,有,o,o,33800,269,,0.0,0,,RPSNMLOLNHNFFBM86DC,南投县,5,130.65,不动产租赁
草屯,房地(土地+建物),南投h草屯民生二街31~60,12.03,住,,,1070525,土地1建物1位0,二,8,AB(10雍以下有梯),住家用,筋混凝土造,0830411,79.69,2,2,1,有,o,有,8800,110,,0.0,0,,RPWNMLTLNHNFFBM67CC,南投县,5,130.65,不动产租赁
草屯,房地(土地+建物),南投h草屯中正路541~570,86.4,住,,,1070519,土地1建物1位0,一,3,店面(店),住商用,筋混凝土造,0941202,42.39,1,1,1,有,o,o,10000,236,,0.0,0,,RPXNMLTLNHNFFBM77CC,南投县,5,130.65,不动产租赁
草屯,土地,中d段1711~1740地,333.0,住,,,1070523,土地3建物0位0,,,其他,,,,0.0,0,0,0,有,o,有,10000,30,,0.0,0,,RPOOMLTLNHNFFBM96CC,南投县,5,130.65,不动产租赁
南投市,建物,南投h南投市向上路192巷1~30,161.28,住,,,1070529,土地0建物1位0,全,3,透天厝,住家用,筋混凝土造,0790821,184.68,6,1,3,有,o,o,15000,81,,0.0,0,,RPRPMLTLNHNFFAM27CC,南投县,5,130.65,不动产租赁
姓l,房地(土地+建物),南投h姓l北原路61~90,10570.0,,特定rI^,r牧用地,1070601,土地3建物2位0,其他登事,1,工S,其他登事,其他登事,0920128,821.42,0,0,0,o,o,有,150000,,,0.0,0,有民情L俗因素之交易。;,RPQNMLOJOHNFFCM56CC,南投县,5,130.65,不动产租赁
埔里,房地(土地+建物),南投h埔里光A街95巷1~30,112.0,住,,,1070601,土地1建物1位0,全,3,透天厝,住商用,筋混凝土造,0740125,218.41,4,3,2,有,o,o,12000,55,,0.0,0,,RPVNMLOJOHNFFCM07CC,南投县,5,130.65,不动产租赁
南投市,房地(土地+建物),南投h南投市彰南路一段961~990,121.0,商,,,1070605,土地1建物1位0,一,4,店面(店),住商用,筋混凝土造,0740422,91.02,0,0,0,o,o,o,15000,165,,0.0,0,,RPQNMLPJOHNFFAM09CC,南投县,5,130.65,不动产租赁
南投市,房地(土地+建物),南投h南投市南二路631~660,188.0,住,,,1070601,土地2建物1位0,全,2,透天厝,住家用,骨筋混凝土造,1050929,233.31,0,0,2,有,o,有,43000,184,,0.0,0,,RPTNMLQJOHNFFAM86CC,南投县,5,130.65,不动产租赁
草屯,土地,新御史段1291~1320地,3063.2,r,,,1070605,土地1建物0位0,,,其他,,,,0.0,0,0,0,有,o,o,40000,13,,0.0,0,,RPWNMLMKOHNFFBM96CC,南投县,5,130.65,不动产租赁
南投市,土地,建d段511~540地,105.33,住,,,1070527,土地2建物0位0,,,其他,,,,0.0,1,0,0,有,o,o,6000,57,,0.0,0,有民情L俗因素之交易。;,RPPNMLPKOHNFFAM09CC,南投县,5,130.65,不动产租赁
埔里,房地(土地+建物),南投h埔里中山路二段331~360,132.2,商,,,1070528,土地2建物1位0,一,3,店面(店),住商用,筋混凝土造,0661017,83.25,1,1,2,有,o,o,25000,300,,0.0,0,"出租人所有嗳槎人共同持有.各持分槎分之一,所以全部租金槎人共同平分槎分之一.?入各指定.租金支付情形:1107.07.01~109.06.30每月租金25000元含2109.07.01~110.06.30每月租金26250含3110.07.01~111.06.30每月租金26500元含4111.07.01~112.06.30每月租金26750元含",RPPOMLKLOHNFFCM98CC,南投县,5,130.65,不动产租赁
草屯,土地,草鞋墩段631~660地,93.73,住,,,1070611,土地1建物0位0,,,其他,,,,0.0,0,0,0,有,o,o,12000,128,,0.0,0,有民情L俗因素之交易。;,RPVNMLLLOHNFFBM96DC,南投县,5,130.65,不动产租赁
南投市,土地,成功段151~180地,72.11,住,,,1070615,土地1建物0位0,,,其他,,,,0.0,0,0,0,有,o,o,6000,83,,0.0,0,有民情L俗因素之交易。;租U哟1,RPQNMLPLOHNFFAM66CC,南投县,5,130.65,不动产租赁
草屯,房地(土地+建物),南投h草屯建街211~240,44.05,商,,,1070609,土地3建物1位0,一,5,AB(10雍以下有梯),住家用,筋混凝土加u造,0660423,160.92,5,2,3,有,o,o,12000,75,,0.0,0,有梯,RPQNMLQLOHNFFBM86CC,南投县,5,130.65,不动产租赁
草屯,房地(土地+建物),南投h草屯炎峰街1~30,82.08,住,,,1070601,土地1建物1位0,一,3,套房(1房1d1l),住商用,筋混凝土造,0710605,144.95,1,1,1,有,o,o,5500,38,,0.0,0,,RPRNMLQLOHNFFBM96CC,南投县,5,130.65,不动产租赁
南投市,房地(土地+建物),南投h南投市光明南路2巷1~30,125.57,住,,,1070701,土地1建物1位0,全,2,透天厝,住家用,筋混凝土加u造,0680305,111.18,4,2,2,有,o,有,10000,90,,0.0,0,,RPSOMLOJPHNFFAM76CC,南投县,5,130.65,不动产租赁
埔里,房地(土地+建物),南投h埔里育英街1~30,110.54,住,,,1070522,土地1建物1位0,全,4,透天厝,住商用,筋混凝土造,0771129,286.44,8,2,5,有,o,有,25000,87,,0.0,0,,RPRNMLPJPHNFFCM86CC,南投县,5,130.65,不动产租赁
草屯,房地(土地+建物),南投h草屯中和路61~90,107.45,,l村^,乙N建B用地,1070707,土地2建物1位0,全,3,透天厝,住家用,筋混凝土造,0850326,107.1,4,2,2,有,o,o,10000,93,,0.0,0,,RPSNMLLKPHNFFBM56CC,南投县,5,130.65,不动产租赁
南投市,房地(土地+建物),南投h南投市大同南街61~90,56.0,住,,,1070711,土地1建物1位0,其他登事,2,店面(店),住家用,筋混凝土造,0601210,175.08,0,0,0,o,o,o,19000,109,,0.0,0,,RPOPMLSKPHNFFAM96CC,南投县,5,130.65,不动产租赁
草屯,房地(土地+建物),南投h草屯芬草路三段397巷1~30,1138.43,,特定rI^,r牧用地,1070722,土地1建物1位0,其他登事,1,店面(店),r舍,其他登事,0940511,66.5,0,0,0,o,o,o,25000,376,,0.0,0,,RPQNMLOLPHNFFBM76CC,南投县,5,130.65,不动产租赁
南投市,房地(土地+建物),南投h南投市光s|街68巷121~150,76.0,,l村^,乙N建B用地,1070710,土地1建物1位0,全,2,透天厝,住家用,筋混凝土加u造,0691201,86.4,3,2,2,有,o,有,12000,139,,0.0,0,,RPUNMLQJQHNFFAM17CC,南投县,5,130.65,不动产租赁
草屯,房地(土地+建物),南投h草屯虎山路672巷31~60,62.8,住,,,1070813,土地1建物1位0,全,2,透天厝,住家用,筋混凝土加u造,0570224,76.9,3,2,1,有,o,o,5000,65,,0.0,0,期待因素影之交易。;,RPPNMLQKQHNFFBM86CC,南投县,5,130.65,不动产租赁
草屯,房地(土地+建物),南投h草屯中正路部底巷1~30,93.62,,l村^,乙N建B用地,1070824,土地1建物1位0,全,3,透天厝,住家用,筋混凝土造,0920804,160.18,4,2,3,有,o,o,11000,69,,0.0,0,,RPPNMLSLQHNFFBM17CC,南投县,5,130.65,不动产租赁
草屯,房地(土地+建物),南投h草屯芬草路二段151~180,34.3,,l村^,乙N建B用地,1070828,土地1建物1位0,六,12,住宅大(11雍以上有梯),其他登事,筋混凝土造,1051229,54.22,2,1,1,有,o,o,14000,258,,0.0,0,,RPTNMLRJRHNFFBM37CC,南投县,5,130.65,不动产租赁
草屯,房地(土地+建物),南投h草屯忠孝街391~420,82.0,住,,,1070829,土地1建物1位0,全,2,透天厝,住商用,筋混凝土加u造,0640207,81.55,3,3,2,有,o,o,10000,123,,0.0,0,,RPRNMLRKRHNFFBM27CC,南投县,5,130.65,不动产租赁
草屯,房地(土地+建物),南投h草屯敦和路121~150,548.0,住,,,1070914,土地1建物1位0,一,9,AB(10雍以下有梯),其他登事,筋混凝土造,1061220,52.23,2,2,1,有,o,o,15000,287,,0.0,0,,RPTNMLRKRHNFFBM47CC,南投县,5,130.65,不动产租赁
南投市,房地(土地+建物),南投h南投市南一路55巷151~180,76.0,住,,,1070903,土地1建物1位0,全,2,透天厝,住家用,筋混凝土加u造,0700429,82.17,3,2,2,有,o,o,8000,97,,0.0,0,,RPWNMLRKRHNFFAM67CC,南投县,5,130.65,不动产租赁
埔里,房地(土地+建物),南投h埔里玉生路80巷1~30,85.39,,山坡地保育^,丙N建B用地,1070901,土地1建物1位0,全,3,透天厝,住家用,筋混凝土造,0860915,140.01,3,1,2,有,o,有,11000,79,,0.0,0,,RPSNMLSKRHNFFCM57CC,南投县,5,130.65,不动产租赁
草屯,土地,中d段211~240地,476.0,住,,,1070912,土地1建物0位0,,,其他,,,,0.0,0,0,0,有,o,o,80000,168,,0.0,0,有民情L俗因素之交易。;,RPTNMLQLRHNFFBM57DC,南投县,5,130.65,不动产租赁
南投市,房地(土地+建物),南投h南投市中正路36391~36420,65.64,住,,,1071001,土地2建物1位0,一,3,套房(1房1d1l),住家用,筋混凝土造,0790215,55.44,1,0,1,有,o,有,5000,90,,0.0,0,,RPPOMLLJIINFFAM18CC,南投县,5,130.65,不动产租赁
南投市,建物,南投h南投市大同街1巷1~30,0.0,住,,,1070910,土地0建物1位0,四,4,公寓(5呛以下o梯),住商用,筋混凝土造,0870106,22.18,0,0,0,o,o,有,10500,473,,0.0,0,,RPUOMLLJIINFFAM68CC,南投县,5,130.65,不动产租赁
草屯,房地(土地+建物),南投h草屯虎山路332巷31~60,31.0,住,,,1070928,土地1建物1位0,一,10,AB(10雍以下有梯),住家用,筋混凝土造,0850112,124.94,3,2,2,有,o,o,12000,96,,0.0,0,,RPQNMLNJIINFFBM48CC,南投县,5,130.65,不动产租赁
南投市,房地(土地+建物),南投h南投市中d路466巷1~30,12.28,住,,,1070928,土地1建物1位0,二,16,住宅大(11雍以上有梯),住家用,筋混凝土造,0831109,122.02000000000001,3,2,2,有,o,有,8500,70,,0.0,0,,RPRNMLPJIINFFAM68CC,南投县,5,130.65,不动产租赁
草屯,房地(土地+建物),南投h草屯碧山路1~30,16.33,商,,,1070917,土地1建物1位0,五,13,住宅大(11雍以上有梯),住家用,筋混凝土造,0841213,139.01,3,2,2,有,o,o,11000,79,,0.0,0,,RPSNMLQKIINFFBM09CC,南投县,5,130.65,不动产租赁
草屯,房地(土地+建物),南投h草屯成功路一段421~450,77.0,住,,,1070916,土地1建物1位0,全,2,透天厝,住商用,筋混凝土加u造,0640120,118.23,4,2,2,有,o,o,15000,127,,0.0,0,,RPUNMLQKIINFFBM66CC,南投县,5,130.65,不动产租赁
草屯,房地(土地+建物),南投h草屯中d路23巷1~30,92.13,其他,,,1071015,土地1建物1位0,全,2,透天厝,住家用,筋混凝土加u造,0640530,125.57,4,2,1,有,o,o,10000,80,,0.0,0,,RPPNMLRKIINFFBM88CC,南投县,5,130.65,不动产租赁
南投市,土地,包尾段811~840地,407.0,住,,,1071029,土地1建物0位0,,,其他,,,,0.0,0,0,0,有,o,o,60000,147,,0.0,0,,RPPNMLKMIINFFAM28CC,南投县,5,130.65,不动产租赁
南投市,土地,南投段481~510地,22.58,商,,,1071028,土地2建物0位0,,,其他,,,,0.0,1,0,0,有,o,o,20000,886,,0.0,0,有民情L俗因素之交易。;,RPVNMLKMIINFFAM88CC,南投县,5,130.65,不动产租赁
草屯,土地,草鞋墩段1~30地,255.44,住,,,1071012,土地1建物0位0,,,其他,,,,0.0,0,0,0,有,o,o,15000,59,,0.0,0,,RPUNMLLMIINFFBM98CC,南投县,5,130.65,不动产租赁
南投市,房地(土地+建物),南投h南投市中正路271~300,210.0,住,,,1071101,土地1建物1位0,一,4,店面(店),住商用,筋混凝土造,0900718,210.0,0,0,0,o,o,o,48000,229,,0.0,0,,RPPNMLMJJINFFAM38DC,南投县,5,130.65,不动产租赁
南投市,建物,南投h南投市彰南路二段475巷31~60,10.61,住,,,1071116,土地0建物1位0,一,7,AB(10雍以下有梯),住家用,筋混凝土造,0851130,38.96,1,1,1,有,o,有,7000,180,,0.0,0,,RPSNMLTKJINFFAM76CC,南投县,5,130.65,不动产租赁
草屯,房地(土地+建物),南投h草屯民生三街48巷1~30,22.53,住,,,1071123,土地1建物1位0,四,6,AB(10雍以下有梯),住家用,筋混凝土造,0840223,124.39999999999999,3,2,2,有,o,有,9000,72,,0.0,0,,RPRNMLQLJINFFBM56CC,南投县,5,130.65,不动产租赁
草屯,房地(土地+建物),南投h草屯太平路二段31~60,94.82,住,,,1071126,土地1建物1位0,其他登事,3,店面(店),住商用,筋混凝土加u造,0630117,169.2,5,2,3,有,o,o,19000,112,,0.0,0,,RPXNMLQLJINFFBM17CC,南投县,5,130.65,不动产租赁
埔里,房地(土地+建物),南投h埔里大同街31~60,1925.72,,特定rI^,丁N建B用地,1071031,土地1建物1位0,其他登事,3,工S,其他登事,其他登事,0830907,1625.74,0,0,0,o,o,o,80000,,,0.0,0,,RPPNMLQLJINFFCM09CC,南投县,5,130.65,不动产租赁
南投市,房地(土地+建物),南投h南投市南工I^自三路1~30,13540.0,工,,,1071116,土地1建物2位0,其他登事,2,工S,其他登事,其他登事,0880701,11445.96,0,0,0,o,o,有,1250000,,,0.0,0,2印4,RPSNMLMKKINFFAM88DC,南投县,5,130.65,不动产租赁
草屯,房地(土地+建物),南投h草屯中d路23巷1~30,92.13,其他,,,1071212,土地1建物1位0,全,2,透天厝,住家用,筋混凝土加u造,0640530,125.57,4,2,1,有,o,o,9000,72,,0.0,0,,RPOPMLMKKINFFBM68CC,南投县,5,130.65,不动产租赁
南投市,土地,光投811~840地,66.11,,特定rI^,r牧用地,1071211,土地1建物0位0,,,其他,,,,0.0,2,0,0,有,o,o,12000,182,,0.0,0,,RPRNMLMKKINFFAM68CC,南投县,5,130.65,不动产租赁
南投市,房地(土地+建物),南投h南投市团d路151~180,33.0,商,,,1071114,土地1建物1位0,全,2,透天厝,商I用,其他登事,0601229,59.4,3,1,1,有,o,o,10000,168,,0.0,0,,RPQNMLOKKINFFAM78CC,南投县,5,130.65,不动产租赁
草屯,房地(土地+建物),南投h草屯芬草路一段圳寮巷1~30,63.0,商,,,1071127,土地1建物1位0,全,2,透天厝,住家用,筋混凝土加u造,0631005,69.01,2,2,3,有,o,o,10000,145,,0.0,0,,RPQNMLOKKINFFBM88CC,南投县,5,130.65,不动产租赁
~池l,土地,木屐薅211~240地,8315.0,,一般rI^,r牧用地,1071115,土地1建物0位0,,,其他,,,,0.0,0,0,0,有,o,有,60000,7,,0.0,0,有籍Y料地上物未第一次登。,RPRNMLOKKINFFCM09CC,南投县,5,130.65,不动产租赁
草屯,房地(土地+建物),南投h草屯富林路二段31~60,75.5,住,,,1071212,土地1建物1位0,其他登事,4,店面(店),住商用,筋混凝土造,0800204,249.26,6,4,7,有,o,o,18000,72,,0.0,0,,RPQNMLRKKINFFBM56CC,南投县,5,130.65,不动产租赁
草屯,房地(土地+建物),南投h草屯富春路1~30,78.59,住,,,1071224,土地1建物1位0,全,2,透天厝,住商用,筋混凝土加u造,0710227,109.78,4,2,3,有,o,o,10000,91,,0.0,0,,RPRNMLOLKINFFBM09CC,南投县,5,130.65,不动产租赁
草屯,房地(土地+建物),南投h草屯碧山路1174巷1~30,2351.13,,l村^,乙N建B用地,1071205,土地1建物1位0,全,4,透天厝,住家用,筋混凝土造,0830207,156.33,3,2,3,有,o,o,11000,70,,0.0,0,,RPRNMLPLKINFFBM56CC,南投县,5,130.65,不动产租赁
草屯,房地(土地+建物)+位,南投h草屯富春路48巷1~30,30.9,住,,,1071224,土地1建物1位1,五,11,住宅大(11雍以上有梯),其他登事,筋混凝土造,1041016,63.11,2,2,1,有,有,o,10000,158,坡道平面,13.22,0,,RPSNMLPLKINFFBM66CC,南投县,5,130.65,不动产租赁
南投市,房地(土地+建物),南投h南投市功路205巷1~30,100.24,,l村^,乙N建B用地,1071220,土地2建物1位0,全,2,透天厝,住商用,筋混凝土加u造,0690425,116.33,2,2,2,有,o,o,8000,69,,0.0,0,,RPPNMLPLKINFFAM88CC,南投县,5,130.65,不动产租赁
中寮l,房地(土地+建物),南投h中寮l永嘉新村2巷1~30,35.75,,山坡地保育^,丙N建B用地,1071215,土地2建物1位0,一,1,公寓(5呛以下o梯),住家用,筋混凝土造,0830908,71.13,3,2,2,有,o,o,6000,84,,0.0,0,,RPQNMLPLKINFFAM98CC,南投县,5,130.65,不动产租赁
南投市,房地(土地+建物),南投h南投市府南路二街1巷1~30,120.0,住,,,1071221,土地1建物1位0,全,2,透天厝,住家用,筋混凝土加u造,0621228,98.98,3,1,1,有,o,o,8000,81,,0.0,0,,RPRNMLPLKINFFAM09CC,南投县,5,130.65,不动产租赁
草屯,房地(土地+建物),南投h草屯信x街181~210,96.0,住,,,1071221,土地1建物1位0,全,3,透天厝,住商用,筋混凝土造,0950118,198.52,4,3,4,有,o,有,20000,101,,0.0,0,,RPRNMLNJJHOFFBM68CC,南投县,5,130.65,不动产租赁
埔里,房地(土地+建物),南投h埔里中山路一段181~210,2269.16,,特定rI^,r牧用地,1071211,土地1建物1位0,其他登事,2,r舍,其他登事,其他登事,0920715,398.0,3,2,2,有,o,有,40000,,,0.0,0,,RPSNMLRJJHOFFCM76DC,南投县,5,130.65,不动产租赁
草屯,房地(土地+建物),南投h草屯芬草路二段151~180,24.25,,l村^,乙N建B用地,1080110,土地1建物1位0,七,12,住宅大(11雍以上有梯),其他登事,筋混凝土造,1051229,99.55,2,1,1,有,o,o,13000,131,,0.0,0,,RPUNMLKKJHOFFBM78CC,南投县,5,130.65,不动产租赁
南投市,房地(土地+建物),南投h南投市光明南路61~90,126.15,住,,,1071227,土地1建物1位0,全,3,透天厝,其他登事,筋混凝土造,1010110,208.0,5,2,4,有,o,o,20000,96,,0.0,0,承租日由108年2月1日_始,RPRNMLRKJHOFFAM09CC,南投县,5,130.65,不动产租赁
南投市,房地(土地+建物),南投h南投市民族路331~360,78.0,商,,,1080108,土地1建物1位0,其他登事,3,店面(店),住商用,筋混凝土造,0900705,189.09,3,2,3,有,o,o,25000,132,,0.0,0,承租起始日108年2月1日,RPTNMLRKJHOFFAM66CC,南投县,5,130.65,不动产租赁
草屯,房地(土地+建物),南投h草屯新富路121~150,142.64,住,,,1080115,土地1建物1位0,全,4,透天厝,住家用,筋混凝土造,0960614,223.15,5,3,6,有,o,有,40000,179,,0.0,0,,RPVNMLSKJHOFFBM07CC,南投县,5,130.65,不动产租赁
南投市,房地(土地+建物),南投h南投市同源路五街1~30,298.0,,工I^,丁N建B用地,1080101,土地1建物1位0,全,4,透天厝,其他登事,筋混凝土造,1070710,827.27,28,0,28,有,o,o,154000,186,,0.0,0,,RPXNMLTKJHOFFAM27CC,南投县,5,130.65,不动产租赁
草屯,房地(土地+建物),南投h草屯太平路二段301~330,213.0,商,,,1080501,土地1建物2位0,全,4,透天厝,住商用,筋混凝土加u造,0651113,702.47,0,2,1,有,o,o,40000,57,,0.0,0,,RPPNMLRLNHOFFBM86CC,南投县,5,130.65,不动产租赁
南投市,房地(土地+建物),南投h南投市南三路61~90,2373.87,工,,,1080509,土地1建物2位0,其他登事,3,Sk,其他登事,其他登事,1070625,1683.38,0,0,0,o,o,o,150000,89,,0.0,0,一年租金自中A民108年6月10日起，至中A民109年6月9日止，租金槊吭滦绿15f元正含；其後租金槊吭滦绿18f元正含,RPRNMLKMNHOFFAM98CC,南投县,5,130.65,不动产租赁
南投市,房地(土地+建物),南投h南投市彰南路二段541~570,92.0,住,,,1080531,土地1建物1位0,其他登事,4,店面(店),住家用,加u造,0690701,198.0,4,3,2,有,o,o,15000,76,,0.0,0,,RPTNMLLMNHOFFAM66CC,南投县,5,130.65,不动产租赁
