朴子市,建物,嘉xh朴子市仁和二路121~150,5758.57,,,,1011026,土地0建物1位0,七,8,套房(1房1d1l),住家用,筋混凝土造,0950828,7.57,1,0,1,有,o,有,2800,370,,0.0,0,,RPTNMLSJJIHFFBQ56CC,嘉义县,5,221.03,不动产租赁
朴子市,建物,嘉xh朴子市仁和二路121~150,5758.57,,,,1011101,土地0建物1位0,六,8,套房(1房1d1l),住家用,筋混凝土造,0950828,7.57,1,0,1,有,o,有,2500,330,,0.0,0,,RPVNMLSJJIHFFBQ76CC,嘉义县,5,221.03,不动产租赁
民雄l,土地,民雄段1021~1050地,1280.0,r,,,1011015,土地1建物0位0,,,其他,,,,0.0,0,0,0,有,o,o,15000,12,,0.0,0,,RPRNMLMKJIHFFCQ78EC,嘉义县,5,221.03,不动产租赁
民雄l,土地,民雄段1021~1050地,1289.0,r,,,1011015,土地1建物0位0,,,其他,,,,0.0,0,0,0,有,o,有,15000,12,,0.0,0,,RPSNMLMKJIHFFCQ88EC,嘉义县,5,221.03,不动产租赁
民雄l,房地(土地+建物),嘉xh民雄l民新路181~210,868.0,r,,,1011015,土地2建物1位0,一,1,r舍,r舍,筋混凝土加u造,0840401,164.23,1,2,2,有,o,有,20000,,,0.0,0,,RPTNMLMKJIHFFCQ98EC,嘉义县,5,221.03,不动产租赁
民雄l,建物,嘉xh民雄l建路三段211~240,59.98,,,,1011201,土地0建物1位0,二,2,店面(店),住商用,筋混凝土加u造,0660429,95.29,3,2,2,有,o,有,8000,84,,0.0,0,,RPPNMLTLJIHFFCQ56CC,嘉义县,5,221.03,不动产租赁
朴子市,建物,嘉xh朴子市朴子七路181~210,85.0,,,,1011127,土地0建物1位0,全,4,透天厝,住商用,筋混凝土造,0920922,154.7,5,2,3,有,o,有,14000,90,,0.0,0,,RPPNMLNJKIHFFBQ38CC,嘉义县,5,221.03,不动产租赁
朴子市,建物,嘉xh朴子市仁和二路121~150,5758.57,,,,1011126,土地0建物1位0,二,8,套房(1房1d1l),住家用,筋混凝土造,0950828,7.57,1,0,1,有,o,有,3000,396,,0.0,0,,RPQNMLNJKIHFFBQ48CC,嘉义县,5,221.03,不动产租赁
朴子市,房地(土地+建物),嘉xh朴子市仁和二路121~150,5758.57,住,,,1011118,土地1建物1位0,二,8,AB(10雍以下有梯),住家用,筋混凝土造,0950828,17.27,1,0,1,有,o,有,2000,116,,0.0,0,,RPQNMLMKKIHFFBQ48CC,嘉义县,5,221.03,不动产租赁
水上l,土地,水西段1201~1230地,620.61,住,,,1020101,土地1建物0位0,,,},,,,0.0,0,0,0,有,o,有,23000,,,0.0,0,,RPTNMLRLKIHFFDQ17EC,嘉义县,5,221.03,不动产租赁
朴子市,房地(土地+建物),嘉xh朴子市大?榔241~270,228.97,住,,,1011201,土地2建物1位0,四,4,店面(店),其他登事,筋混凝土加u造,0591013,298.0,0,0,0,o,o,有,10000,34,,0.0,0,,RPRNMLMJJHIFFBQ38CC,嘉义县,5,221.03,不动产租赁
朴子市,建物,嘉xh朴子市仁和二路121~150,5758.57,,,,1011231,土地0建物1位0,六,8,套房(1房1d1l),住家用,筋混凝土造,0950828,7.57,1,0,1,有,o,有,2800,370,,0.0,0,,RPTNMLNJJHIFFBQ68CC,嘉义县,5,221.03,不动产租赁
民雄l,房地(土地+建物),嘉xh民雄l中反N平路31~60,48.96,住,,,1020101,土地1建物1位0,一,1,店面(店),其他登事,筋混凝土造,0960814,28.69,0,0,1,o,o,o,20000,697,,0.0,0,,RPSNMLOKJHIFFCQ98DC,嘉义县,5,221.03,不动产租赁
朴子市,房地(土地+建物),嘉xh朴子市仁和二路121~150,15.2,住,,,1020116,土地1建物1位0,六,8,套房(1房1d1l),住家用,筋混凝土造,0950828,31.24,1,0,1,有,有,有,2000,64,,0.0,0,,RPSNMLMLJHIFFBQ68CC,嘉义县,5,221.03,不动产租赁
朴子市,房地(土地+建物),嘉xh朴子市仁和二路121~150,15.17,住,,,1020128,土地1建物1位0,六,8,套房(1房1d1l),住家用,筋混凝土造,0950828,31.21,1,0,1,有,有,有,2500,80,,0.0,0,,RPQNMLLJKHIFFBQ28CC,嘉义县,5,221.03,不动产租赁
朴子市,房地(土地+建物),嘉xh朴子市仁和二路121~150,15.2,住,,,1020201,土地1建物1位0,八,8,套房(1房1d1l),住家用,筋混凝土造,0950828,31.2,1,0,1,有,有,有,2500,80,,0.0,0,,RPSNMLLJKHIFFBQ48CC,嘉义县,5,221.03,不动产租赁
朴子市,建物,嘉xh朴子市山通路181~210,85.0,,,,1020305,土地0建物1位0,一,2,店面(店),住商用,筋混凝土加u造,0671014,149.36,0,0,0,o,o,有,39000,261,,0.0,0,,RPQNMLQJKHIFFBQ78CC,嘉义县,5,221.03,不动产租赁
朴子市,建物,嘉xh朴子市仁和二路121~150,5758.57,住,,,1020224,土地0建物1位0,八,8,套房(1房1d1l),住家用,筋混凝土造,0950828,13.46,1,0,1,有,o,有,2500,186,,0.0,0,,RPQNMLOJLHIFFBQ68CC,嘉义县,5,221.03,不动产租赁
朴子市,建物,嘉xh朴子市祥和三路西段121~150,718.0,商,,,1020301,土地0建物1位0,一,1,店面(店),商I用,筋混凝土造,0910423,35.48,0,1,1,有,o,o,6000,169,,0.0,0,,RPRNMLOJLHIFFBQ78CC,嘉义县,5,221.03,不动产租赁
朴子市,建物,嘉xh朴子市友劢18巷1~30,2467.1,住,,,1020310,土地0建物1位0,四,14,住宅大(11雍以上有梯),住家用,筋混凝土造,0850815,80.16,3,2,2,有,有,有,8000,100,,0.0,0,,RPRNMLMKLHIFFBQ68CC,嘉义县,5,221.03,不动产租赁
朴子市,建物,嘉xh朴子市仁和二路121~150,5758.57,住,,,1020401,土地0建物1位0,二,8,套房(1房1d1l),住家用,筋混凝土造,0950828,17.27,1,0,1,有,有,有,2500,145,,0.0,0,,RPPNMLTJMHIFFBQ56CC,嘉义县,5,221.03,不动产租赁
朴子市,建物,嘉xh朴子市吉祥二街61~90,111.5,住,,,1020401,土地0建物1位0,全,3,透天厝,住家用,筋混凝土造,0920922,161.77,5,2,3,有,o,有,13000,80,,0.0,0,,RPQNMLTJMHIFFBQ66CC,嘉义县,5,221.03,不动产租赁
朴子市,房地(土地+建物),嘉xh朴子市仁和二路121~150,5758.57,住,,,1020320,土地1建物1位0,二,8,套房(1房1d1l),住家用,筋混凝土造,0950828,17.27,1,1,1,有,有,有,3000,174,,0.0,0,,RPUNMLTJMHIFFBQ27EC,嘉义县,5,221.03,不动产租赁
水上l,房地(土地+建物),嘉xh水上l中庄61~90,103.35,,l村^,乙N建B用地,1020320,土地2建物1位0,全,4,透天厝,住商用,筋混凝土造,0820726,221.36,4,2,3,有,o,o,9000,41,,0.0,0,,RPSNMLTJMHIFFDQ27EC,嘉义县,5,221.03,不动产租赁
朴子市,建物,嘉xh朴子市仁和二路121~150,5758.57,住,,,1020411,土地0建物0位0,六,8,套房(1房1d1l),住家用,筋混凝土造,0950828,7.57,1,0,1,有,o,有,2800,370,,0.0,0,,RPPNMLPKMHIFFBQ88CC,嘉义县,5,221.03,不动产租赁
朴子市,建物,嘉xh朴子市大?榔721~750,88.07,住,,,1020425,土地0建物1位0,全,4,透天厝,住家用,筋混凝土造,0831221,207.87,6,2,4,有,o,o,8500,41,,0.0,0,,RPVNMLKMMHIFFBQ56CC,嘉义县,5,221.03,不动产租赁
朴子市,建物,嘉xh朴子市祥和一路西段1~30,103.16,商,,,1020501,土地0建物1位0,四,4,店面(店),住商用,筋混凝土造,0850710,166.07,3,2,3,有,o,有,12000,72,,0.0,0,,RPSNMLRJNHIFFBQ76CC,嘉义县,5,221.03,不动产租赁
水上l,房地(土地+建物),嘉xh水上l崎子^1~30,80.79,,l村^,乙N建B用地,1020425,土地1建物1位0,全,4,透天厝,住家用,筋混凝土造,0850717,191.73,5,3,3,有,o,o,10500,55,,0.0,0,,RPSNMLQKNHIFFDQ96CC,嘉义县,5,221.03,不动产租赁
太保市,建物,嘉xh太保市嘉xh太保市|堇锊W路211~240,94.78,其他,,,1020513,土地0建物1位0,全,4,透天厝,其他登事,筋混凝土造,0951222,175.55,4,2,5,有,有,有,20000,114,,0.0,0,"租金含管理M及所有砭慵译使用,凫抖唐诔凶",RPOOMLRKNHIFFDQ76CC,嘉义县,5,221.03,不动产租赁
朴子市,建物,嘉xh朴子市仁和二路121~150,15.2,住,,,1020616,土地0建物1位0,七,8,套房(1房1d1l),住家用,筋混凝土造,0950828,17.27,1,0,1,有,o,有,2800,162,,0.0,0,,RPRNMLLLOHIFFBQ98CC,嘉义县,5,221.03,不动产租赁
朴子市,建物,嘉xh朴子市仁和二路121~150,15.2,住,,,1020615,土地0建物1位0,三,8,套房(1房1d1l),住家用,筋混凝土造,0950828,17.27,1,0,1,有,o,有,2500,145,,0.0,0,,RPSNMLLLOHIFFBQ09CC,嘉义县,5,221.03,不动产租赁
朴子市,建物,嘉xh朴子市仁和二路121~150,15.2,住,,,1020615,土地0建物1位0,三,8,套房(1房1d1l),住家用,筋混凝土造,0950828,17.27,1,0,1,有,o,有,2500,145,,0.0,0,,RPTNMLLLOHIFFBQ56CC,嘉义县,5,221.03,不动产租赁
朴子市,建物,嘉xh朴子市仁和二路121~150,7.6,住,,,1020619,土地0建物1位0,二,8,套房(1房1d1l),住家用,筋混凝土造,0950828,31.23,1,0,1,有,有,有,2500,80,,0.0,0,,RPSNMLSLOHIFFBQ17CC,嘉义县,5,221.03,不动产租赁
朴子市,建物,嘉xh朴子市仁和二路121~150,15.21,住,,,1020606,土地0建物1位0,八,8,套房(1房1d1l),住家用,筋混凝土造,0950828,31.22,1,0,1,有,有,有,2500,80,,0.0,0,,RPTNMLSLOHIFFBQ27CC,嘉义县,5,221.03,不动产租赁
中埔l,土地,金m段1~30地,2173.0,,特定rI^,r牧用地,1020701,土地1建物0位0,,,其他,,,,0.0,0,0,0,有,o,o,78000,36,,0.0,0,有民情L俗因素之交易。;含增建或未登建物。,RPUOMLMLPHIFFDQ27DC,嘉义县,5,221.03,不动产租赁
朴子市,建物,嘉xh朴子市仁和二路121~150,7.6,住,,,1020728,土地0建物1位0,三,8,套房(1房1d1l),住家用,筋混凝土造,0950828,17.27,1,0,1,有,o,有,2500,145,,0.0,0,,RPQNMLMJQHIFFBQ98CC,嘉义县,5,221.03,不动产租赁
朴子市,建物,嘉xh朴子市仁和二路121~150,7.6,住,,,1020626,土地0建物1位0,二,8,套房(1房1d1l),住家用,筋混凝土造,0950828,31.23,1,0,1,有,有,有,2200,70,,0.0,0,,RPRNMLRJQHIFFBQ96CC,嘉义县,5,221.03,不动产租赁
朴子市,建物,嘉xh朴子市仁和二路121~150,7.6,住,,,1020805,土地0建物1位0,三,8,套房(1房1d1l),住家用,筋混凝土造,0950828,31.23,1,0,1,有,有,有,2500,80,,0.0,0,,RPSNMLMKQHIFFBQ66CC,嘉义县,5,221.03,不动产租赁
朴子市,建物,嘉xh朴子市仁和二路121~150,15.2,住,,,1020801,土地0建物1位0,三,8,套房(1房1d1l),住家用,筋混凝土造,0950828,31.23,1,0,1,有,有,有,2500,80,,0.0,0,,RPTNMLMKQHIFFBQ76CC,嘉义县,5,221.03,不动产租赁
朴子市,房地(土地+建物),嘉xh朴子市祥和三路西段61~90,105.22,商,,,1020813,土地1建物1位0,其他登事,4,店面(店),住商用,筋混凝土造,0930528,199.77,5,0,0,o,o,有,18000,90,,0.0,0,,RPSOMLNKQHIFFBQ86CC,嘉义县,5,221.03,不动产租赁
朴子市,建物,嘉xh朴子市仁和二路121~150,7.6,住,,,1020810,土地0建物1位0,六,8,套房(1房1d1l),住家用,筋混凝土造,0950828,17.27,1,0,1,有,o,有,3200,185,,0.0,0,,RPRNMLTKQHIFFBQ27CC,嘉义县,5,221.03,不动产租赁
水上l,房地(土地+建物),嘉xh水上l大村大151~180,1731.0,,特定rI^,r牧用地,1020801,土地1建物1位0,其他登事,1,r舍,r舍,其他登事,0890324,170.49,3,2,2,有,o,o,4000,,,0.0,0,,RPUNMLTKQHIFFDQ97EC,嘉义县,5,221.03,不动产租赁
朴子市,建物,嘉xh朴子市仁和二路121~150,15.2,住,,,1020815,土地0建物1位0,二,8,套房(1房1d1l),住家用,筋混凝土造,0950828,17.27,1,0,1,有,o,有,2500,145,,0.0,0,,RPQNMLNLQHIFFBQ66CC,嘉义县,5,221.03,不动产租赁
朴子市,建物,嘉xh朴子市仁和二路121~150,7.6,住,,,1020815,土地0建物1位0,三,8,套房(1房1d1l),住家用,筋混凝土造,0950828,31.23,1,0,1,有,有,有,2200,70,,0.0,0,,RPSNMLQLQHIFFBQ17CC,嘉义县,5,221.03,不动产租赁
朴子市,建物,嘉xh朴子市朴子三路169巷1~30,5.03,住,,,1020819,土地0建物1位0,四,10,套房(1房1d1l),住家用,筋混凝土造,0941003,24.81,1,0,1,有,有,有,3500,141,,0.0,0,,RPTNMLQLQHIFFBQ27CC,嘉义县,5,221.03,不动产租赁
朴子市,建物,嘉xh朴子市仁和二路121~150,5.87,住,,,1020826,土地0建物1位0,二,8,套房(1房1d1l),住家用,筋混凝土造,0950828,25.04,1,0,1,有,有,有,2000,80,,0.0,0,,RPUNMLQLQHIFFBQ37CC,嘉义县,5,221.03,不动产租赁
民雄l,房地(土地+建物),嘉xh民雄lp福村p福61~90,92.5,住,,,1020901,土地1建物1位0,全,3,透天厝,住家用,筋混凝土造,0801001,145.24,5,2,3,有,o,有,12000,83,,0.0,0,,RPRNMLMJRHIFFCQ86EC,嘉义县,5,221.03,不动产租赁
朴子市,建物,嘉xh朴子市朴子三路169巷1~30,5.36,住,,,1020908,土地0建物1位0,九,10,套房(1房1d1l),住家用,筋混凝土造,0941003,26.47,1,0,1,有,有,有,3500,132,,0.0,0,,RPTNMLTJRHIFFBQ47CC,嘉义县,5,221.03,不动产租赁
朴子市,建物,嘉xh朴子市朴子三路169巷1~30,5.03,住,,,1020908,土地0建物1位0,四,10,套房(1房1d1l),住家用,筋混凝土造,0941003,24.81,1,0,1,有,有,有,3500,141,,0.0,0,,RPVNMLTJRHIFFBQ67CC,嘉义县,5,221.03,不动产租赁
朴子市,建物,嘉xh朴子市朴子三路169巷1~30,5.36,住,,,1020908,土地0建物1位0,三,10,套房(1房1d1l),住家用,筋混凝土造,0941003,26.47,1,0,1,有,有,有,3500,132,,0.0,0,,RPWNMLTJRHIFFBQ77CC,嘉义县,5,221.03,不动产租赁
朴子市,建物,嘉xh朴子市仁合二路121~150,7.6,住,,,1020901,土地0建物1位0,三,8,套房(1房1d1l),住家用,筋混凝土造,0950828,17.27,1,0,1,有,o,有,3000,174,,0.0,0,,RPPNMLKKRHIFFBQ88CC,嘉义县,5,221.03,不动产租赁
朴子市,建物,嘉xh朴子市仁和二路121~150,7.6,住,,,1020901,土地0建物1位0,三,8,套房(1房1d1l),住家用,筋混凝土造,0950828,17.27,1,0,1,有,o,有,3000,174,,0.0,0,,RPQNMLKKRHIFFBQ98CC,嘉义县,5,221.03,不动产租赁
朴子市,建物,嘉xh朴子市仁和二路121~150,7.6,住,,,1020901,土地0建物1位0,三,8,套房(1房1d1l),住家用,筋混凝土造,0950828,17.27,1,0,1,有,o,有,3000,174,,0.0,0,,RPRNMLKKRHIFFBQ09CC,嘉义县,5,221.03,不动产租赁
朴子市,建物,嘉xh朴子市仁和二路121~150,15.2,住,,,1020915,土地0建物1位0,三,8,套房(1房1d1l),住家用,筋混凝土造,0950828,31.23,1,0,1,有,有,有,2700,86,,0.0,0,,RPTNMLQKRHIFFBQ27CC,嘉义县,5,221.03,不动产租赁
朴子市,建物,嘉xh朴子市仁和二路121~150,7.6,住,,,1020915,土地0建物1位0,八,8,套房(1房1d1l),住家用,筋混凝土造,0950828,31.22,1,0,1,有,有,有,2200,70,,0.0,0,,RPUNMLQKRHIFFBQ37CC,嘉义县,5,221.03,不动产租赁
朴子市,建物,嘉xh朴子市仁和二路121~150,15.2,住,,,1020915,土地0建物1位0,七,8,套房(1房1d1l),住家用,筋混凝土造,0950828,31.22,1,0,1,有,有,有,2200,70,,0.0,0,,RPVNMLQKRHIFFBQ47CC,嘉义县,5,221.03,不动产租赁
朴子市,建物,嘉xh朴子市仁和二路121~150,15.2,住,,,1020915,土地0建物1位0,七,8,套房(1房1d1l),住家用,筋混凝土造,0950828,31.22,1,0,1,有,有,有,2200,70,,0.0,0,,RPWNMLQKRHIFFBQ57CC,嘉义县,5,221.03,不动产租赁
太保市,建物,嘉xh太保市祥和一路|段25巷1~30,51.24,住,,,1020910,土地0建物1位0,三,3,店面(店),其他登事,筋混凝土造,0850207,112.78,3,2,3,有,o,有,11000,98,,0.0,0,,RPSNMLQKRHIFFDQ37CC,嘉义县,5,221.03,不动产租赁
朴子市,建物,嘉xh朴子市仁和二路121~150,11.75,住,,,1020917,土地0建物1位0,七,8,套房(1房1d1l),住家用,筋混凝土造,0950828,31.22,1,0,1,有,有,有,2300,74,,0.0,0,,RPSOMLSKRHIFFBQ47CC,嘉义县,5,221.03,不动产租赁
朴子市,建物,嘉xh朴子市仁和二路121~150,15.2,住,,,1020918,土地0建物1位0,三,8,套房(1房1d1l),住家用,筋混凝土造,0950828,31.23,1,0,1,有,有,有,2700,86,,0.0,0,,RPXNMLOLRHIFFBQ57CC,嘉义县,5,221.03,不动产租赁
太保市,房地(土地+建物),嘉xh太保市棒球三街121~150,97.84,住,,,1020912,土地1建物1位0,全,4,透天厝,住商用,筋混凝土造,0991228,171.54,1,1,1,有,o,有,4500,26,,0.0,0,,RPQNMLQLRHIFFDQ37DC,嘉义县,5,221.03,不动产租赁
太保市,建物,嘉xh太保市太保路1~30,87.54,商,,,1021001,土地0建物1位0,其他登事,3,店面(店),住商用,筋混凝土造,0781012,138.41,4,1,3,有,o,o,12000,87,,0.0,0,,RPUNMLSJIIIFFDQ86CC,嘉义县,5,221.03,不动产租赁
朴子市,建物,嘉xh朴子市仁和二路121~150,11.75,住,,,1020926,土地0建物1位0,六,8,套房(1房1d1l),住家用,筋混凝土造,0950828,25.04,1,0,1,有,有,有,2000,80,,0.0,0,,RPSNMLSJIIIFFBQ09CC,嘉义县,5,221.03,不动产租赁
朴子市,建物,嘉xh朴子市仁和二路121~150,15.2,住,,,1021001,土地0建物1位0,三,8,套房(1房1d1l),住家用,筋混凝土造,0950828,31.23,1,0,1,有,有,有,2200,70,,0.0,0,,RPTNMLSJIIIFFBQ56CC,嘉义县,5,221.03,不动产租赁
朴子市,建物,嘉xh朴子市仁和二路121~150,15.2,住,,,1021001,土地0建物1位0,三,8,套房(1房1d1l),住家用,筋混凝土造,0950828,31.23,1,0,1,有,有,有,2200,70,,0.0,0,,RPUNMLSJIIIFFBQ66CC,嘉义县,5,221.03,不动产租赁
民雄l,房地(土地+建物),嘉xh民雄l建路一段1016巷31~60,72.0,,特定rI^,甲N建B用地,1021019,土地1建物1位0,全,4,透天厝,其他登事,筋混凝土造,0880121,138.89,4,2,3,有,o,有,6000,43,,0.0,0,,RPPNMLTKIIIFFCQ09CC,嘉义县,5,221.03,不动产租赁
朴子市,建物,嘉xh朴子市山通路31~60,134.0,商,,,1021022,土地0建物1位0,二,2,店面(店),住家用,木造,0070101,46.28,2,2,2,有,o,o,28000,605,,0.0,0,2槲幢４娼ㄎ铮本次租s包含1、2牵r28000元整,RPUNMLRJJIIFFBQ66CC,嘉义县,5,221.03,不动产租赁
朴子市,建物,嘉xh朴子市仁和二路121~150,15.2,住,,,1021020,土地0建物1位0,二,8,套房(1房1d1l),住家用,筋混凝土造,0950828,31.23,1,0,1,有,有,有,2500,80,,0.0,0,,RPWNMLRJJIIFFBQ86CC,嘉义县,5,221.03,不动产租赁
朴子市,建物,嘉xh朴子市仁和二路121~150,15.2,住,,,1021022,土地0建物1位0,二,8,套房(1房1d1l),住家用,筋混凝土造,0950828,31.23,1,0,1,有,有,有,2500,80,,0.0,0,,RPOOMLRJJIIFFBQ78CC,嘉义县,5,221.03,不动产租赁
朴子市,建物,嘉xh朴子市朴子三路169巷1~30,5.24,住,,,1021101,土地0建物1位0,四,10,套房(1房1d1l),住家用,筋混凝土造,0941003,25.84,1,0,1,有,有,有,3250,126,,0.0,0,,RPPOMLRJJIIFFBQ88CC,嘉义县,5,221.03,不动产租赁
朴子市,房地(土地+建物),嘉xh朴子市光吐61~90,74.0,商,,,1021107,土地1建物1位0,三,5,店面(店),其他登事,筋混凝土造,0820920,168.35,4,1,5,有,o,o,25000,149,,0.0,0,,RPPNMLNKJIIFFBQ48CC,嘉义县,5,221.03,不动产租赁
朴子市,建物,嘉xh朴子市仁和二路121~150,7.6,住,,,1021121,土地0建物1位0,五,8,套房(1房1d1l),住家用,筋混凝土造,0950828,31.23,1,0,1,有,有,有,3300,106,,0.0,0,,RPQNMLLLJIIFFBQ48CC,嘉义县,5,221.03,不动产租赁
朴子市,建物,嘉xh朴子市仁和二路121~150,15.2,住,,,1021121,土地0建物1位0,三,8,套房(1房1d1l),住家用,筋混凝土造,0950828,31.23,1,0,1,有,有,有,2000,64,,0.0,0,,RPRNMLLLJIIFFBQ58CC,嘉义县,5,221.03,不动产租赁
朴子市,建物,嘉xh朴子市仁和二路121~150,7.6,住,,,1021120,土地0建物1位0,三,8,套房(1房1d1l),住家用,筋混凝土造,0950828,31.23,1,0,1,有,有,有,2800,90,,0.0,0,,RPRNMLMLJIIFFBQ68CC,嘉义县,5,221.03,不动产租赁
民雄l,房地(土地+建物),嘉xh民雄l建路一段1016巷1~30,67.0,,特定rI^,甲N建B用地,1021120,土地1建物1位0,全,4,透天厝,其他登事,筋混凝土造,0880121,150.28,4,2,3,有,o,有,6000,40,,0.0,0,,RPRNMLMLJIIFFCQ88DC,嘉义县,5,221.03,不动产租赁
民雄l,房地(土地+建物),嘉xh民雄l建路一段1016巷1~30,67.0,,特定rI^,甲N建B用地,1021120,土地1建物1位0,全,4,透天厝,其他登事,筋混凝土造,0880121,150.28,4,2,3,有,o,有,6000,40,,0.0,0,,RPROMLMLJIIFFCQ98DC,嘉义县,5,221.03,不动产租赁
朴子市,建物,嘉xh朴子市仁和二路121~150,22.8,住,,,1021118,土地0建物1位0,七,8,套房(1房1d1l),住家用,筋混凝土造,0950828,31.22,1,0,1,有,有,有,2500,80,,0.0,0,,RPTNMLQLJIIFFBQ66CC,嘉义县,5,221.03,不动产租赁
朴子市,建物,嘉xh朴子市仁和二路121~150,7.6,住,,,1021120,土地0建物1位0,八,8,套房(1房1d1l),住家用,筋混凝土造,0950828,17.27,1,0,1,有,o,有,2800,162,,0.0,0,,RPUNMLRLJIIFFBQ86CC,嘉义县,5,221.03,不动产租赁
朴子市,建物,嘉xh朴子市仁和二路121~150,15.2,住,,,1021111,土地0建物1位0,二,8,套房(1房1d1l),住家用,筋混凝土造,0950828,31.23,1,0,1,有,有,有,2500,80,,0.0,0,,RPSNMLTLJIIFFBQ86CC,嘉义县,5,221.03,不动产租赁
朴子市,建物,嘉xh朴子市祥和一路西段1~30,55.72,住,,,1021201,土地0建物1位0,一,10,AB(10雍以下有梯),商I用,筋混凝土造,0941003,89.04,1,0,1,有,有,有,7000,79,,0.0,0,,RPQNMLPJKIIFFBQ78CC,嘉义县,5,221.03,不动产租赁
朴子市,建物,嘉xh朴子市友劢18巷1~30,39.87,住,,,1021215,土地0建物1位0,全,4,透天厝,住商用,筋混凝土造,0850210,168.09,5,2,4,有,o,有,7000,42,,0.0,0,,RPTNMLRKKIIFFBQ76CC,嘉义县,5,221.03,不动产租赁
朴子市,建物,嘉xh朴子市仁和二路121~150,15.2,住,,,1021225,土地0建物1位0,六,8,套房(1房1d1l),住家用,筋混凝土造,0950828,31.23,1,0,1,有,有,有,2800,90,,0.0,0,,RPSNMLQLKIIFFBQ66CC,嘉义县,5,221.03,不动产租赁
朴子市,建物,嘉xh朴子市仁和二路121~150,7.6,住,,,1030101,土地0建物1位0,七,8,套房(1房1d1l),住家用,筋混凝土造,0950828,31.22,1,0,1,有,有,有,3000,96,,0.0,0,,RPTNMLSJJHJFFBQ66CC,嘉义县,5,221.03,不动产租赁
朴子市,建物,嘉xh朴子市仁和二路121~150,7.6,住,,,1021225,土地0建物1位0,五,8,套房(1房1d1l),住家用,筋混凝土造,0950828,31.23,1,0,1,有,有,有,2200,70,,0.0,0,,RPUNMLSJJHJFFBQ76CC,嘉义县,5,221.03,不动产租赁
民雄l,土地,民工段481~510地,3994.5,工,,,1021212,土地1建物0位0,,,其他,,,,0.0,0,0,0,有,o,o,80000,20,,0.0,0,只承租本土地面e3994.5平方公尺(s1208.33坪),RPSNMLTJJHJFFCQ76CC,嘉义县,5,221.03,不动产租赁
太保市,建物,嘉xh太保市祥和三路|段331~360,116.2,住,,,1030103,土地0建物1位0,全,4,透天厝,其他登事,筋混凝土造,0921105,184.57,6,2,6,有,o,o,10000,54,,0.0,0,,RPQNMLNKJHJFFDQ78CC,嘉义县,5,221.03,不动产租赁
朴子市,建物,嘉xh朴子市朴子五路61~90,114.37,住,,,1030110,土地0建物1位0,全,4,透天厝,住商用,筋混凝土造,0931008,168.0,4,2,3,有,o,有,18000,107,,0.0,0,,RPSNMLNKJHJFFBQ78CC,嘉义县,5,221.03,不动产租赁
朴子市,建物,嘉xh朴子市仁和二路121~150,25.12,住,,,1030112,土地0建物0位0,六,8,套房(1房1d1l),住家用,筋混凝土造,0950828,17.27,1,0,1,有,o,有,3000,174,,0.0,0,,RPTNMLNKJHJFFBQ88CC,嘉义县,5,221.03,不动产租赁
朴子市,建物,嘉xh朴子市友劢18巷1~30,2467.1,住,,,1030220,土地0建物1位0,四,14,住宅大(11雍以上有梯),住家用,筋混凝土造,0850815,80.16,3,2,2,有,有,有,8000,100,,0.0,0,,RPPNMLPLKHJFFBQ88CC,嘉义县,5,221.03,不动产租赁
朴子市,建物,嘉xh朴子市仁和二路121~150,7.6,住,,,1030220,土地0建物1位0,七,,套房(1房1d1l),,,,31.22,1,0,1,有,有,有,2500,80,,0.0,0,,RPWNMLKLLHJFFBQ56CC,嘉义县,5,221.03,不动产租赁
太保市,建物,嘉xh太保市北港路二段403巷241~270,84.93,住,,,1030301,土地0建物1位0,全,4,透天厝,其他登事,筋混凝土造,0820109,167.47,5,3,3,有,o,有,6500,39,,0.0,0,,RPTNMLKLLHJFFDQ09CC,嘉义县,5,221.03,不动产租赁
太保市,建物,嘉xh太保市公@南街1~30,113.59,住,,,1030315,土地0建物1位0,全,3,透天厝,其他登事,筋混凝土造,0911115,175.7,5,2,3,有,o,有,12000,68,,0.0,0,,RPUNMLKLLHJFFDQ56CC,嘉义县,5,221.03,不动产租赁
朴子市,建物,嘉xh朴子市仁和二路121~150,15.2,住,,,1030401,土地0建物1位0,七,8,套房(1房1d1l),住家用,筋混凝土造,0950828,31.22,1,0,1,有,有,有,2600,83,,0.0,0,,RPRNMLRJMHJFFBQ66CC,嘉义县,5,221.03,不动产租赁
朴子市,建物,嘉xh朴子市仁和二路121~150,7.6,住,,,1030401,土地0建物1位0,三,8,套房(1房1d1l),住家用,筋混凝土造,0950828,31.23,1,0,1,有,有,有,2167,69,,0.0,0,,RPSNMLRJMHJFFBQ76CC,嘉义县,5,221.03,不动产租赁
民雄l,土地,福安段961~990地,518.03,住,,,1030422,土地1建物0位0,,,其他,,,,0.0,0,0,0,有,o,o,8000,15,,0.0,0,,RPQNMLSLMHJFFCQ07DC,嘉义县,5,221.03,不动产租赁
朴子市,建物,嘉xh朴子市_元路362巷1~30,128.0,住,,,1030413,土地0建物1位0,全,3,透天厝,住家用,筋混凝土加u造,0730130,183.71,3,3,2,有,o,有,7500,41,,0.0,0,,RPUNMLTLMHJFFBQ37CC,嘉义县,5,221.03,不动产租赁
朴子市,建物,嘉xh朴子市仁和二路121~150,7.6,住,,,1030420,土地0建物1位0,七,8,套房(1房1d1l),住家用,筋混凝土造,0950828,31.22,1,0,1,有,有,有,2500,80,,0.0,0,,RPUNMLPJNHJFFBQ86CC,嘉义县,5,221.03,不动产租赁
太保市,建物,嘉xh太保市祥和三路|段301~330,29.72,住,,,1030501,土地0建物1位0,全,4,透天厝,住商用,筋混凝土造,0970703,65.19,4,3,5,有,o,o,15000,230,,0.0,0,,RPSNMLPJNHJFFDQ86CC,嘉义县,5,221.03,不动产租赁
水上l,房地(土地+建物),嘉xh水上l大151~180,238.0,,特定rI^,r牧用地,1030428,土地1建物1位0,一,1,r舍,r舍,其他登事,1020226,238.0,0,0,0,o,o,o,35000,,,0.0,0,有民情L俗因素之交易。;建物的租U面e包含增建之坪,RPVNMLSJNHJFFDQ47CC,嘉义县,5,221.03,不动产租赁
太保市,建物,嘉xh太保市太保二路31~60,45.28,住,,,1030501,土地0建物1位0,七,9,AB(10雍以下有梯),其他登事,筋混凝土造,0850207,148.2,4,1,2,有,o,有,12000,81,,0.0,0,,RPVNMLNKNHJFFDQ07CC,嘉义县,5,221.03,不动产租赁
朴子市,建物,嘉xh朴子市海通路31~60,75.0,住,,,1030510,土地0建物1位0,一,2,店面(店),住家用,其他登事,0841129,46.69,0,0,0,o,o,有,12000,257,,0.0,0,,RPRNMLNKNHJFFBQ09CC,嘉义县,5,221.03,不动产租赁
朴子市,建物,嘉xh朴子市朴子七路181~210,85.0,住,,,1030515,土地0建物1位0,全,4,透天厝,住商用,筋混凝土造,0920922,176.06,5,1,3,有,o,有,11000,62,,0.0,0,,RPRNMLMLNHJFFBQ09CC,嘉义县,5,221.03,不动产租赁
朴子市,建物,嘉xh朴子市仁和二路121~150,22.8,住,,,1030518,土地0建物1位0,七,8,套房(1房1d1l),住家用,筋混凝土造,0950828,31.22,1,0,1,有,有,有,3300,106,,0.0,0,,RPTNMLRLNHJFFBQ17CC,嘉义县,5,221.03,不动产租赁
|石l,建物,嘉xh|石l湖底1~30,496.0,,一般rI^,甲N建B用地,1030601,土地0建物2位0,其他登事,3,工S,r舍,其他登事,0890129,572.2,4,2,1,有,o,有,18000,,,0.0,0,,RPTNMLOJOHJFFBQ76CC,嘉义县,5,221.03,不动产租赁
朴子市,建物,嘉xh朴子市仁和二路121~150,37.72,住,,,1030617,土地0建物1位0,三,8,套房(1房1d1l),住家用,筋混凝土造,0950828,9.09,1,0,1,有,有,有,3500,385,,0.0,0,,RPSNMLKLOHJFFBQ09CC,嘉义县,5,221.03,不动产租赁
大林,房地(土地+建物),嘉xh大林中d路1~30,56.09,住,,,1030710,土地1建物1位0,其他登事,3,店面(店),住商用,筋混凝土造,0771227,141.09,4,2,2,有,o,o,11000,78,,0.0,0,,RPPNMLPKPHJFFCQ86DC,嘉义县,5,221.03,不动产租赁
太保市,建物,嘉xh太保市h府一街61~90,103.12,住,,,1030715,土地0建物1位0,全,4,透天厝,住家用,其他登事,0880908,209.93,4,3,3,有,o,有,8000,38,,0.0,0,,RPQNMLMLPHJFFDQ76CC,嘉义县,5,221.03,不动产租赁
朴子市,建物,嘉xh朴子市大同路61~90,27.6,住,,,1030701,土地0建物1位0,三,5,AB(10雍以下有梯),住家用,筋混凝土造,0871203,77.5,3,1,1,有,o,有,7000,90,,0.0,0,,RPRNMLMLPHJFFBQ66CC,嘉义县,5,221.03,不动产租赁
布袋,建物,嘉xh朴子市^现胸91~120,102.8,,l村^,乙N建B用地,1030715,土地0建物1位0,全,4,透天厝,住商用,筋混凝土造,0951028,53.35,2,0,1,有,o,有,7000,131,,0.0,0,,RPSNMLMLPHJFFBQ76CC,嘉义县,5,221.03,不动产租赁
朴子市,建物,嘉xh朴子市祥和三路西段61~90,105.22,住,,,1030712,土地0建物1位0,全,4,透天厝,住商用,筋混凝土造,0930528,199.77,4,2,3,有,o,有,16000,80,,0.0,0,,RPTNMLSLPHJFFBQ47CC,嘉义县,5,221.03,不动产租赁
朴子市,建物,嘉xh朴子市祥和三路西段151~180,185.21,住,,,1030720,土地0建物1位0,四,4,店面(店),其他登事,筋混凝土造,0970131,413.24,0,1,1,有,o,有,12000,29,,0.0,0,,RPUNMLSLPHJFFBQ57CC,嘉义县,5,221.03,不动产租赁
太保市,建物,嘉xh太保市合德新村31~60,71.99,住,,,1030705,土地0建物1位0,全,2,透天厝,住商用,筋混凝土加u造,0690331,82.51,2,1,2,有,o,有,5000,61,,0.0,0,,RPRNMLSLPHJFFDQ47CC,嘉义县,5,221.03,不动产租赁
太保市,房地(土地+建物),嘉xh太保市太保路31~60,68.04,住,,,1030801,土地1建物1位0,全,4,透天厝,住家用,筋混凝土造,0830408,180.46,4,3,2,有,o,有,11000,61,,0.0,0,,RPRNMLOKQHJFFDQ07CC,嘉义县,5,221.03,不动产租赁
朴子市,建物,嘉xh朴子市吉祥二街61~90,111.5,住,,,1030811,土地0建物1位0,全,3,透天厝,住家用,筋混凝土造,0920922,185.27,5,2,3,有,o,有,24000,130,,0.0,0,,RPSNMLPKQHJFFBQ07CC,嘉义县,5,221.03,不动产租赁
朴子市,建物,嘉xh朴子市仁和二路121~150,15.2,住,,,1030815,土地0建物1位0,六,8,套房(1房1d1l),住家用,筋混凝土造,0950828,31.23,1,0,1,有,有,有,2000,64,,0.0,0,,RPRNMLPLQHJFFBQ07CC,嘉义县,5,221.03,不动产租赁
朴子市,房地(土地+建物),嘉xh朴子市祥和三路西段211~240,101.85,住,,,1030901,土地1建物1位0,全,4,透天厝,住商用,筋混凝土造,0920805,187.58,5,1,3,有,o,有,10000,53,,0.0,0,,RPQNMLLKRHJFFBQ56CC,嘉义县,5,221.03,不动产租赁
民雄l,建物,嘉xh民雄l^蜊角61~90,74.51,商,,,1030905,土地0建物1位0,一,3,店面(店),住商用,筋混凝土造,0860816,43.34,0,0,0,o,o,o,12000,277,,0.0,0,,RPUNMLLJIIJFFCQ78CC,嘉义县,5,221.03,不动产租赁
民雄l,房地(土地+建物),嘉xh民雄l团d路181~210,98.0,住,,,1030822,土地1建物1位0,全,2,透天厝,住商用,筋混凝土加u造,0680621,132.31,0,0,0,o,o,o,14000,106,,0.0,0,,RPVNMLNKIIJFFCQ76EC,嘉义县,5,221.03,不动产租赁
太保市,土地,麻寮段1291~1320地,920.93,r,,,1030923,土地1建物0位0,,,其他,,,,0.0,0,0,0,有,o,o,5000,5,,0.0,0,租U用途V告架.租U橥恋厍胺脚R道路s20坪,RPTNMLNKIIJFFDQ09CC,嘉义县,5,221.03,不动产租赁
朴子市,建物,嘉xh朴子市仁和二路121~150,7.6,住,,,1031007,土地0建物1位0,五,8,套房(1房1d1l),住家用,筋混凝土造,0950828,31.23,1,0,1,有,有,有,2000,64,,0.0,0,,RPXNMLRLIIJFFBQ17CC,嘉义县,5,221.03,不动产租赁
朴子市,建物,嘉xh朴子市仁和二路121~150,7.6,住,,,1031016,土地0建物1位0,三,8,套房(1房1d1l),住家用,筋混凝土造,0950828,31.22,1,0,1,有,有,有,2000,64,,0.0,0,,RPOOMLRLIIJFFBQ98CC,嘉义县,5,221.03,不动产租赁
朴子市,建物,嘉xh朴子市嘉朴路西段31~60,14.57,住,,,1031025,土地0建物1位0,四,10,套房(1房1d1l),住家用,筋混凝土造,0860110,51.73,1,0,1,有,有,有,4500,87,,0.0,0,,RPPOMLRLIIJFFBQ09CC,嘉义县,5,221.03,不动产租赁
中埔l,房地(土地+建物),嘉xh中埔l裕民村1石^厝1~30,425.0,,一般rI^,丁N建B用地,1031008,土地1建物1位0,一,1,},其他登事,造,0651010,425.0,0,0,0,o,o,o,25000,,,0.0,0,承租土地ㄧ部分使用,RPUNMLLMIIJFFDQ66DC,嘉义县,5,221.03,不动产租赁
太保市,土地,^隙芜^闲《631~660地,200.0,其他,,,1040217,土地1建物0位0,,,其他,,,,0.0,0,0,0,有,o,o,15000,75,,0.0,0,,RPWOMLOJLHKFFDQ17CC,嘉义县,5,221.03,不动产租赁
民雄l,房地(土地+建物),嘉xh民雄l民族路31~60,57.0,住,,,1040312,土地1建物1位0,全,5,透天厝,住商用,筋混凝土造,0731109,171.38,3,1,2,有,o,有,17000,99,,0.0,0,,RPTNMLQKLHKFFCQ96CC,嘉义县,5,221.03,不动产租赁
朴子市,房地(土地+建物),嘉xh朴子市仁和二路121~150,7.6,住,,,1040313,土地1建物1位0,四,8,套房(1房1d1l),住家用,筋混凝土造,0950828,31.07,1,0,1,有,有,有,2500,80,,0.0,0,,RPRNMLPLLHKFFBQ66CC,嘉义县,5,221.03,不动产租赁
朴子市,房地(土地+建物),嘉xh朴子市仁和二路121~150,7.6,住,,,1040323,土地1建物1位0,八,8,套房(1房1d1l),住家用,筋混凝土造,0950828,31.22,1,0,1,有,有,有,2500,80,,0.0,0,,RPUNMLSJMHKFFBQ17CC,嘉义县,5,221.03,不动产租赁
太保市,房地(土地+建物),嘉xh太保市太保一路1~30,104.72,住,,,1040401,土地1建物1位0,一,4,店面(店),住商用,筋混凝土造,0940902,53.07,0,0,0,o,o,o,8000,151,,0.0,0,,RPQNMLTJMHKFFDQ07CC,嘉义县,5,221.03,不动产租赁
太保市,房地(土地+建物),嘉xh太保市太保二路31~60,45.28,住,,,1040401,土地1建物1位0,七,9,AB(10雍以下有梯),其他登事,筋混凝土造,0850207,148.2,4,1,2,有,o,有,12000,81,,0.0,0,,RPSNMLTJMHKFFDQ27CC,嘉义县,5,221.03,不动产租赁
朴子市,房地(土地+建物),嘉xh朴子市仁和二路121~150,5.87,住,,,1040317,土地1建物1位0,二,8,套房(1房1d1l),住家用,筋混凝土造,0950828,50.06,1,0,1,有,有,有,3000,60,,0.0,0,,RPVNMLOKMHKFFBQ96CC,嘉义县,5,221.03,不动产租赁
朴子市,房地(土地+建物),嘉xh朴子市朴子三路169巷1~30,6.54,住,,,1040331,土地1建物1位0,八,10,套房(1房1d1l),住家用,筋混凝土造,0941003,33.02,1,0,1,有,有,有,3450,104,,0.0,0,,RPWNMLOKMHKFFBQ07CC,嘉义县,5,221.03,不动产租赁
朴子市,房地(土地+建物),嘉xh朴子市仁和二路121~150,7.6,住,,,1040411,土地1建物1位0,三,8,套房(1房1d1l),住家用,筋混凝土造,0950828,31.07,1,0,1,有,有,有,2000,64,,0.0,0,,RPQNMLSLMHKFFBQ96CC,嘉义县,5,221.03,不动产租赁
朴子市,房地(土地+建物),嘉xh朴子市仁和二路121~150,7.6,住,,,1040411,土地1建物1位0,三,8,套房(1房1d1l),住家用,筋混凝土造,0950828,31.07,1,0,1,有,有,有,2000,64,,0.0,0,,RPRNMLSLMHKFFBQ07CC,嘉义县,5,221.03,不动产租赁
朴子市,建物,嘉xh朴子市仁和二路121~150,5.87,住,,,1031101,土地0建物0位0,八,8,套房(1房1d1l),住家用,筋混凝土造,0950828,24.98,1,0,1,有,有,有,1500,60,,0.0,0,,RPVOMLKLJIJFFBQ09CC,嘉义县,5,221.03,不动产租赁
太保市,房地(土地+建物),嘉xh太保市祥和二路|段61~90,176.75,住,,,1031115,土地1建物1位0,全,4,透天厝,其他登事,筋混凝土造,0960208,114.78,4,2,1,有,o,有,7500,65,,0.0,0,,RPUNMLKLJIJFFDQ09CC,嘉义县,5,221.03,不动产租赁
民雄l,房地(土地+建物),嘉xh大林建路二段151~180,64.78,住,,,1031229,土地1建物1位0,全,2,透天厝,住家用,筋混凝土加u造,0700407,106.96,8,1,3,有,o,o,7000,65,,0.0,0,,RPPNMLLMKIJFFCQ88DC,嘉义县,5,221.03,不动产租赁
朴子市,房地(土地+建物),嘉xh朴子市朴子工I四街1~30,82.5,,工I^,丁N建B用地,1040110,土地1建物1位0,全,2,透天厝,住家用,造,0860607,98.16,2,2,2,有,o,o,6000,61,,0.0,0,,RPQNMLNLJHKFFBQ78CC,嘉义县,5,221.03,不动产租赁
朴子市,房地(土地+建物),嘉xh朴子市大?榔241~270,234.41,住,,,1040101,土地1建物1位0,全,4,透天厝,其他登事,筋混凝土加u造,0591013,363.0,4,3,3,有,o,o,10000,28,,0.0,0,,RPPOMLRLJHKFFBQ56CC,嘉义县,5,221.03,不动产租赁
民雄l,房地(土地+建物),嘉xh民雄l建路二段91~120,150.8,住,,,1040108,土地1建物1位0,一,1,店面(店),住家用,加u造,0650101,100.43,0,0,0,o,o,o,13000,129,,0.0,0,,RPSNMLRLJHKFFCQ86CC,嘉义县,5,221.03,不动产租赁
|石l,房地(土地+建物),嘉xh|石l湖底241~270,496.0,,一般rI^,甲N建B用地,1040507,土地2建物2位0,其他登事,3,工S,r舍,其他登事,0890129,572.2,4,2,1,有,o,有,15000,,,0.0,0,,RPPNMLMKNHKFFBQ88CC,嘉义县,5,221.03,不动产租赁
朴子市,房地(土地+建物),嘉xh朴子市新d路31~60,76.0,住,,,1040501,土地1建物1位0,全,3,透天厝,住家用,筋混凝土加u造,0701229,143.0,1,1,1,有,o,有,2500,17,,0.0,0,,RPQNMLMKNHKFFBQ98CC,嘉义县,5,221.03,不动产租赁
朴子市,房地(土地+建物),嘉xh朴子市仁和二路121~150,7.6,住,,,1040501,土地1建物1位0,七,8,套房(1房1d1l),住家用,筋混凝土造,0950828,31.07,1,0,1,有,有,有,2600,84,,0.0,0,,RPQNMLPKNHKFFBQ66CC,嘉义县,5,221.03,不动产租赁
太保市,房地(土地+建物),嘉xh太保市北港路二段391~420,4507.08,工,,,1040501,土地4建物1位0,其他登事,2,Sk,其他登事,造,0870515,2529.92,0,0,0,o,o,o,140000,55,,0.0,0,,RPSNMLQKNHKFFDQ17CC,嘉义县,5,221.03,不动产租赁
民雄l,房地(土地+建物),嘉xh民雄l埤角511~540,29.2,住,,,1040515,土地1建物1位0,四,4,公寓(5呛以下o梯),住家用,筋混凝土造,0840516,69.32,3,2,1,有,o,有,4999,72,,0.0,0,,RPUNMLLLNHKFFCQ86CC,嘉义县,5,221.03,不动产租赁
朴子市,房地(土地+建物),嘉xh朴子市仁和二路121~150,15.2,住,,,1040501,土地1建物1位0,六,8,套房(1房1d1l),住家用,筋混凝土造,0950828,31.23,1,0,1,有,有,有,2300,74,,0.0,0,,RPUNMLLLNHKFFBQ76CC,嘉义县,5,221.03,不动产租赁
朴子市,房地(土地+建物),嘉xh朴子市朴子三路169巷1~30,6.54,住,,,1040513,土地1建物1位0,八,10,套房(1房1d1l),住家用,筋混凝土造,0941003,33.02,1,0,1,有,有,有,3000,91,,0.0,0,,RPRNMLQLNHKFFBQ96CC,嘉义县,5,221.03,不动产租赁
朴子市,房地(土地+建物),嘉xh朴子市仁和二路121~150,15.2,住,,,1040501,土地1建物1位0,六,8,套房(1房1d1l),住家用,筋混凝土造,0950828,31.23,1,0,1,有,有,有,2300,74,,0.0,0,,RPUNMLRLNHKFFBQ37CC,嘉义县,5,221.03,不动产租赁
民雄l,房地(土地+建物),嘉xh民雄l^蚵541~570,87.87,住,,,1040610,土地1建物1位0,其他登事,4,店面(店),住家用,筋混凝土造,0820526,211.02,6,1,4,有,o,o,15000,71,,0.0,0,,RPPNMLLLOHKFFCQ09CC,嘉义县,5,221.03,不动产租赁
朴子市,房地(土地+建物),嘉xh朴子市朴子七路181~210,85.0,住,,,1040608,土地1建物1位0,全,4,透天厝,住商用,筋混凝土造,0920922,176.06,5,1,3,有,o,有,17000,97,,0.0,0,,RPRNMLKMOHKFFBQ56CC,嘉义县,5,221.03,不动产租赁
太保市,房地(土地+建物),嘉xh太保市太保二路1~30,100.8,住,,,1040630,土地1建物1位0,其他登事,4,店面(店),住商用,筋混凝土造,0840902,186.8,5,2,5,有,o,有,10204,55,,0.0,0,,RPQNMLQJPHKFFDQ07CC,嘉义县,5,221.03,不动产租赁
朴子市,房地(土地+建物),嘉xh朴子市仁和二路121~150,7.6,住,,,1040703,土地1建物1位0,八,8,套房(1房1d1l),住家用,筋混凝土造,0950828,31.07,1,0,1,有,有,有,3500,113,,0.0,0,,RPWNMLTJPHKFFBQ77CC,嘉义县,5,221.03,不动产租赁
中埔l,房地(土地+建物),嘉xh中埔l和美村後庄181~210,104.36,r,,,1040615,土地1建物1位0,全,3,透天厝,住家用,筋混凝土加u造,0690825,93.44,4,3,4,有,o,有,13500,144,,0.0,0,有民情L俗因素之交易。;含增建或未登建物,RPTNMLKKPHKFFDQ96DC,嘉义县,5,221.03,不动产租赁
朴子市,房地(土地+建物),嘉xh朴子市仁和二路121~150,5.87,住,,,1040712,土地1建物1位0,四,8,套房(1房1d1l),住家用,筋混凝土造,0950828,24.98,1,0,1,有,有,有,3000,120,,0.0,0,,RPVNMLMLPHKFFBQ17CC,嘉义县,5,221.03,不动产租赁
朴子市,房地(土地+建物),嘉xh朴子市仁和二路121~150,9.09,住,,,1040718,土地1建物1位0,三,8,套房(1房1d1l),住家用,筋混凝土造,0950828,37.72,1,0,1,有,有,有,3500,93,,0.0,0,,RPWNMLMLPHKFFBQ27CC,嘉义县,5,221.03,不动产租赁
朴子市,房地(土地+建物),嘉xh朴子市仁和二路121~150,7.6,住,,,1040825,土地1建物1位0,四,8,套房(1房1d1l),住家用,筋混凝土造,0950828,31.07,1,0,1,有,有,有,2500,80,,0.0,0,,RPUNMLQLQHKFFBQ57CC,嘉义县,5,221.03,不动产租赁
太保市,房地(土地+建物),嘉xh太保市港子31~60,78.0,,l村^,乙N建B用地,1040815,土地1建物1位0,全,4,透天厝,其他登事,筋混凝土造,0961206,180.73,4,3,5,有,o,有,11000,61,,0.0,0,,RPQNMLRLQHKFFDQ47CC,嘉义县,5,221.03,不动产租赁
中埔l,建物,嘉xh中埔l和美村中山路五段871~900,87.12,商,,,1040828,土地0建物1位0,其他登事,2,店面(店),住家用,筋混凝土加u造,0570115,80.22,2,1,1,有,o,有,19000,237,,0.0,0,,RPTNMLLJRHKFFDQ17DC,嘉义县,5,221.03,不动产租赁
太保市,房地(土地+建物),嘉xh太保市健康路183巷3弄1~30,228.96,住,,,1040901,土地1建物1位0,全,4,透天厝,其他登事,筋混凝土造,0950718,275.15,5,3,4,有,有,有,30000,109,,0.0,0,,RPSOMLNJRHKFFDQ27CC,嘉义县,5,221.03,不动产租赁
太保市,房地(土地+建物),嘉xh太保市健康路151~180,137.64,住,,,1040901,土地1建物1位0,其他登事,3,店面(店),其他登事,筋混凝土造,0950718,185.85,3,2,4,有,有,有,28000,151,,0.0,0,,RPUNMLOJRHKFFDQ47CC,嘉义县,5,221.03,不动产租赁
朴子市,房地(土地+建物),嘉xh朴子市仁和二路121~150,5.87,住,,,1040909,土地1建物1位0,四,8,套房(1房1d1l),住家用,筋混凝土造,0950828,24.98,1,0,1,有,有,有,2500,100,,0.0,0,,RPSNMLPKRHKFFBQ27CC,嘉义县,5,221.03,不动产租赁
朴子市,房地(土地+建物),嘉xh朴子市朴子三路169巷1~30,6.54,住,,,1040909,土地1建物1位0,四,10,套房(1房1d1l),住家用,筋混凝土造,0941003,33.02,1,0,1,有,o,有,3000,91,,0.0,0,,RPVNMLPKRHKFFBQ57CC,嘉义县,5,221.03,不动产租赁
民雄l,建物,嘉xh民雄l建路二段61~90,0.0,住,,,1040911,土地0建物1位0,全,4,透天厝,住商用,筋混凝土造,0840127,172.75,3,2,3,有,o,o,16000,93,,0.0,0,,RPSNMLPLRHKFFCQ47CC,嘉义县,5,221.03,不动产租赁
朴子市,房地(土地+建物),嘉xh朴子市仁和一路1~30,321.47,住,,,1040923,土地1建物1位0,全,3,透天厝,其他登事,筋混凝土造,1040106,430.25,6,3,8,有,有,有,35000,81,,0.0,0,,RPPNMLSLRHKFFBQ37CC,嘉义县,5,221.03,不动产租赁
朴子市,房地(土地+建物),嘉xh朴子市朴子七路151~180,85.0,住,,,1040915,土地1建物1位0,其他登事,4,店面(店),住商用,筋混凝土造,0920922,176.07,5,2,3,有,o,有,14500,82,,0.0,0,,RPQNMLSLRHKFFBQ47CC,嘉义县,5,221.03,不动产租赁
朴子市,房地(土地+建物),嘉xh朴子市祥和三路西段121~150,105.09,住,,,1040925,土地1建物1位0,其他登事,4,店面(店),住商用,筋混凝土造,0920113,193.4,7,2,7,有,o,有,15000,78,,0.0,0,,RPRNMLSLRHKFFBQ57CC,嘉义县,5,221.03,不动产租赁
朴子市,建物,嘉xh朴子市祥和三路西段181~210,0.0,,,,1041003,土地0建物1位0,一,5,店面(店),商I用,筋混凝土造,0920821,66.0,0,0,0,o,o,o,8000,121,,0.0,0,,RPRNMLPJIIKFFBQ88CC,嘉义县,5,221.03,不动产租赁
朴子市,房地(土地+建物),嘉xh朴子市_元路362巷1~30,128.0,住,,,1041001,土地1建物1位0,全,3,透天厝,住家用,筋混凝土加u造,0730130,183.71,4,2,3,有,o,有,8000,44,,0.0,0,,RPPNMLTJIIKFFBQ09CC,嘉义县,5,221.03,不动产租赁
朴子市,房地(土地+建物),嘉xh朴子市工I^四街1~30,82.5,,工I^,丁N建B用地,1041001,土地1建物1位0,全,2,透天厝,住家用,造,0860607,98.16,2,2,2,有,o,o,5000,51,,0.0,0,,RPQNMLTJIIKFFBQ56CC,嘉义县,5,221.03,不动产租赁
朴子市,房地(土地+建物),嘉xh朴子市祥和三路西段181~210,91.6,住,,,1041001,土地1建物1位0,全,4,透天厝,其他登事,筋混凝土造,0970131,200.62,5,1,6,有,o,有,18000,90,,0.0,0,,RPPNMLNLIIKFFBQ78DC,嘉义县,5,221.03,不动产租赁
朴子市,房地(土地+建物),嘉xh朴子市朴子七路181~210,85.0,住,,,1041020,土地1建物1位0,其他登事,4,店面(店),住商用,筋混凝土造,0920922,176.06,5,1,3,有,o,有,15000,85,,0.0,0,,RPRNMLOJJIKFFBQ88CC,嘉义县,5,221.03,不动产租赁
朴子市,房地(土地+建物),嘉xh朴子市仁和二路121~150,7.6,住,,,1041025,土地1建物1位0,八,8,套房(1房1d1l),住家用,筋混凝土造,0950828,31.07,1,0,1,有,有,有,2500,80,,0.0,0,,RPSNMLOJJIKFFBQ98CC,嘉义县,5,221.03,不动产租赁
朴子市,房地(土地+建物),嘉xh朴子市仁和二路121~150,7.6,住,,,1041030,土地1建物1位0,二,8,套房(1房1d1l),住家用,筋混凝土造,0950828,31.07,1,0,1,有,有,有,2500,80,,0.0,0,,RPTNMLOJJIKFFBQ09CC,嘉义县,5,221.03,不动产租赁
朴子市,房地(土地+建物),嘉xh朴子市嘉朴路西段61~90,51.26,住,,,1041101,土地1建物1位0,全,2,透天厝,住商用,筋混凝土造,0860110,342.29,0,0,0,o,o,o,40000,117,,0.0,0,,RPQNMLTJJIKFFBQ66CC,嘉义县,5,221.03,不动产租赁
朴子市,房地(土地+建物),嘉xh朴子市大?榔1741~1770,75.0,,特定rI^,甲N建B用地,1041101,土地1建物1位0,全,3,透天厝,住家用,筋混凝土加u造,0711102,152.93,7,2,3,有,o,有,9000,59,,0.0,0,,RPRNMLTJJIKFFBQ76CC,嘉义县,5,221.03,不动产租赁
朴子市,房地(土地+建物),嘉xh朴子市仁和二路121~150,7.6,住,,,1041109,土地1建物1位0,六,8,套房(1房1d1l),住家用,筋混凝土造,0950828,31.07,1,0,1,有,有,有,3000,97,,0.0,0,,RPUNMLLKJIKFFBQ98CC,嘉义县,5,221.03,不动产租赁
朴子市,房地(土地+建物),嘉xh朴子市仁和二路121~150,18.18,住,,,1041201,土地2建物2位0,三,8,套房(1房1d1l),住家用,筋混凝土造,0950828,49.96,1,0,1,有,有,有,3500,70,,0.0,0,,RPRNMLRJKIKFFBQ66CC,嘉义县,5,221.03,不动产租赁
朴子市,房地(土地+建物),嘉xh朴子市仁和二路121~150,15.2,住,,,1041202,土地1建物1位0,六,8,套房(1房1d1l),住家用,筋混凝土造,0950828,31.23,1,0,1,有,有,有,2500,80,,0.0,0,,RPTNMLLKKIKFFBQ98CC,嘉义县,5,221.03,不动产租赁
民雄l,土地,民北段841~870地,177.0,住,,,1041213,土地1建物0位0,,,其他,,,,0.0,0,0,0,有,o,o,10000,56,,0.0,0,,RPSOMLOKKIKFFCQ76CC,嘉义县,5,221.03,不动产租赁
朴子市,房地(土地+建物),嘉xh朴子市仁和二路121~150,7.6,住,,,1050101,土地1建物1位0,六,8,套房(1房1d1l),住家用,筋混凝土造,0950828,31.07,1,0,1,有,有,有,2300,74,,0.0,0,,RPROMLOJJHLFFBQ98CC,嘉义县,5,221.03,不动产租赁
朴子市,房地(土地+建物),嘉xh朴子市祥和三路西段181~210,91.69,住,,,1041215,土地1建物1位0,全,5,透天厝,其他登事,筋混凝土造,0970131,200.62,5,1,5,有,o,o,18000,90,,0.0,0,,RPQNMLNKJHLFFBQ78CC,嘉义县,5,221.03,不动产租赁
朴子市,房地(土地+建物),嘉xh朴子市仁和二路121~150,15.2,住,,,1050115,土地1建物2位0,二,8,套房(1房1d1l),住家用,筋混凝土造,0950828,62.14,1,0,1,有,有,有,4600,74,,0.0,0,,RPQNMLPKJHLFFBQ98CC,嘉义县,5,221.03,不动产租赁
朴子市,房地(土地+建物),嘉xh朴子市仁和二路121~150,7.6,住,,,1050115,土地1建物1位0,六,8,套房(1房1d1l),住家用,筋混凝土造,0950828,31.07,1,0,1,有,有,有,3000,97,,0.0,0,,RPRNMLPKJHLFFBQ09CC,嘉义县,5,221.03,不动产租赁
太保市,房地(土地+建物),嘉xh太保市祥和一路|段25巷1~30,51.24,住,,,1050113,土地1建物1位0,其他登事,3,店面(店),其他登事,筋混凝土造,0850207,134.28,3,1,3,有,o,有,13000,97,,0.0,0,,RPSNMLPKJHLFFDQ76CC,嘉义县,5,221.03,不动产租赁
中埔l,房地(土地+建物),嘉xh中埔l武德街61巷42弄1~30,81.01,住,,,1040108,土地1建物1位0,全,2,透天厝,住商用,筋混凝土加u造,0680929,93.93,3,2,2,有,o,o,7500,80,,0.0,0,,RPUNMLOJKHLFFDQ86CC,嘉义县,5,221.03,不动产租赁
朴子市,房地(土地+建物),嘉xh朴子市朴子五路61~90,114.37,住,,,1050301,土地1建物1位0,全,4,透天厝,住商用,筋混凝土造,0931008,198.7,5,3,4,有,o,有,10000,50,,0.0,0,,RPRNMLTJLHLFFBQ96CC,嘉义县,5,221.03,不动产租赁
朴子市,房地(土地+建物),嘉xh朴子市仁和二路121~150,7.6,住,,,1050301,土地1建物1位0,八,8,套房(1房1d1l),住家用,筋混凝土造,0950828,31.07,1,0,1,有,有,有,2500,80,,0.0,0,,RPRNMLLKLHLFFBQ88CC,嘉义县,5,221.03,不动产租赁
太保市,房地(土地+建物),嘉xh太保市公@南街1~30,113.59,住,,,1050316,土地1建物1位0,全,3,透天厝,其他登事,筋混凝土造,0911115,175.7,5,2,3,有,o,有,8000,46,,0.0,0,,RPRNMLRKLHLFFDQ07CC,嘉义县,5,221.03,不动产租赁
朴子市,房地(土地+建物),嘉xh朴子市大?榔901~930,67.75,,l村^,乙N建B用地,1050401,土地1建物1位0,全,4,透天厝,住商用,筋混凝土造,0860403,148.71,5,2,4,有,o,o,15500,104,,0.0,0,,RPSNMLRJMHLFFBQ96CC,嘉义县,5,221.03,不动产租赁
太保市,房地(土地+建物),嘉xh太保市健康路151~180,137.64,住,,,1050410,土地1建物1位0,其他登事,3,店面(店),其他登事,筋混凝土造,0950718,185.85,3,2,4,有,有,有,25000,135,,0.0,0,,RPRNMLSKMHLFFDQ27CC,嘉义县,5,221.03,不动产租赁
民雄l,房地(土地+建物),嘉xh民雄l大崎村大丘@181~210,106.0,住,,,1050505,土地1建物1位0,全,2,透天厝,住商用,筋混凝土加u造,0700603,123.54,3,1,2,有,o,有,7000,57,,0.0,0,,RPSNMLQJNHLFFCQ07CC,嘉义县,5,221.03,不动产租赁
太保市,房地(土地+建物),嘉xh太保市祥和二路|段61~90,176.75,住,,,1050501,土地1建物1位0,全,4,透天厝,其他登事,筋混凝土造,0960208,102.34,4,2,1,有,o,有,8000,78,,0.0,0,,RPTOMLTJNHLFFDQ67CC,嘉义县,5,221.03,不动产租赁
朴子市,房地(土地+建物),嘉xh朴子市文明南路1~30,107.0,住,,,1050501,土地1建物1位0,全,2,透天厝,住家用,筋混凝土加u造,0640319,100.32,2,2,2,有,o,o,10000,100,,0.0,0,,RPUNMLTJNHLFFBQ47CC,嘉义县,5,221.03,不动产租赁
朴子市,房地(土地+建物),嘉xh朴子市祥和三路西段151~180,184.78,住,,,1050501,土地2建物1位0,一,4,店面(店),其他登事,筋混凝土造,0970131,100.0,0,0,0,o,o,有,16000,160,,0.0,0,,RPQNMLMKNHLFFBQ09CC,嘉义县,5,221.03,不动产租赁
布袋,房地(土地+建物),嘉xh布袋中正路1~30,14049.0,工,,,1050520,土地3建物3位0,其他登事,3,Sk,工I用,筋混凝土造,0830208,2434.78,5,3,5,有,o,有,150000,62,,0.0,0,,RPUNMLOLNHLFFBQ17CC,嘉义县,5,221.03,不动产租赁
民雄l,房地(土地+建物),嘉xh民雄l埤角511~540,70.76,住,,,1050615,土地1建物1位0,全,3,透天厝,住商用,筋混凝土造,0801107,144.45,3,3,3,有,o,o,15000,104,,0.0,0,,RPWNMLSKOHLFFCQ97DC,嘉义县,5,221.03,不动产租赁
朴子市,房地(土地+建物),嘉xh朴子市仁和二路121~150,7.6,住,,,1050616,土地1建物1位0,四,8,套房(1房1d1l),住家用,筋混凝土造,0950828,31.07,1,0,1,有,有,有,2500,80,,0.0,0,,RPPNMLSLOHLFFBQ17CC,嘉义县,5,221.03,不动产租赁
朴子市,房地(土地+建物),嘉xh朴子市仁和二路121~150,15.2,住,,,1050613,土地2建物2位0,三,8,套房(1房1d1l),住家用,筋混凝土造,0950828,62.14,2,0,2,有,有,有,5000,80,,0.0,0,,RPQNMLSLOHLFFBQ27CC,嘉义县,5,221.03,不动产租赁
朴子市,房地(土地+建物),嘉xh朴子市朴子三路169巷1~30,6.54,商,,,1050628,土地1建物1位0,八,10,套房(1房1d1l),住家用,筋混凝土造,0941003,33.02,1,0,1,有,有,有,3500,106,,0.0,0,,RPQNMLLJPHLFFBQ09CC,嘉义县,5,221.03,不动产租赁
太保市,房地(土地+建物),嘉xh太保市太保二路31~60,30.53,住,,,1050627,土地1建物1位0,七,9,AB(10雍以下有梯),其他登事,筋混凝土造,0850207,148.19,4,2,2,有,有,有,12000,81,,0.0,0,,RPRNMLLJPHLFFDQ76CC,嘉义县,5,221.03,不动产租赁
太保市,房地(土地+建物),嘉xh太保市港子1~30,91.16,,l村^,乙N建B用地,1050623,土地2建物1位0,全,3,透天厝,住家用,筋混凝土造,0930415,173.22,4,2,3,有,o,有,12000,69,,0.0,0,,RPOOMLOKPHLFFDQ96CC,嘉义县,5,221.03,不动产租赁
太保市,房地(土地+建物),嘉xh太保市太保路31~60,68.04,住,,,1050702,土地1建物1位0,全,4,透天厝,住家用,筋混凝土造,0830408,180.46,4,3,2,有,o,有,11000,61,,0.0,0,,RPPOMLOKPHLFFDQ07CC,嘉义县,5,221.03,不动产租赁
太保市,房地(土地+建物),嘉xh太保市祥和路二街|段61~90,176.75,住,,,1050705,土地1建物1位0,全,4,透天厝,其他登事,筋混凝土造,0960208,102.34,0,0,0,o,o,o,15000,147,,0.0,0,,RPQNMLNLPHLFFDQ07CC,嘉义县,5,221.03,不动产租赁
太保市,房地(土地+建物),嘉xh太保市祥和二街|段61~90,176.75,住,,,1050720,土地1建物1位0,全,4,透天厝,其他登事,筋混凝土造,0960208,102.34,4,2,1,有,o,有,8800,86,,0.0,0,,RPRNMLNLPHLFFDQ17CC,嘉义县,5,221.03,不动产租赁
朴子市,房地(土地+建物),嘉xh朴子市大同路61~90,138.0,住,,,1050629,土地1建物1位0,三,5,AB(10雍以下有梯),住家用,筋混凝土造,0871203,61.22,3,2,1,有,o,有,7000,114,,0.0,0,土地138平方公尺，嗔5分之1,RPPNMLNLPHLFFBQ76CC,嘉义县,5,221.03,不动产租赁
朴子市,房地(土地+建物),嘉xh朴子市朴子五路61~90,114.37,住,,,1050720,土地1建物1位0,全,4,透天厝,住商用,筋混凝土造,0931008,198.7,5,3,4,有,o,有,18000,91,,0.0,0,,RPPNMLOJQHLFFBQ76CC,嘉义县,5,221.03,不动产租赁
太保市,房地(土地+建物),嘉xh太保市祥和三路|段271~300,98.25,住,,,1050810,土地1建物1位0,其他登事,4,店面(店),住商用,筋混凝土造,0970703,215.51,4,2,5,有,o,o,22000,102,,0.0,0,,RPQNMLPKQHLFFDQ27CC,嘉义县,5,221.03,不动产租赁
民雄l,房地(土地+建物),嘉xh民雄l中反4N平路31~60,48.96,住,,,1050804,土地1建物1位0,一,1,店面(店),其他登事,筋混凝土造,0960814,28.69,3,0,0,o,o,o,20000,697,,0.0,0,,RPROMLKMQHLFFCQ17DC,嘉义县,5,221.03,不动产租赁
太保市,房地(土地+建物),嘉xh太保市h府一街91~120,109.21,住,,,1050811,土地1建物1位0,全,4,透天厝,住家用,其他登事,0880908,184.68,4,3,3,有,o,有,11000,60,,0.0,0,,RPSOMLPJRHLFFDQ57CC,嘉义县,5,221.03,不动产租赁
朴子市,房地(土地+建物),嘉xh朴子市仁和二路121~150,7.6,住,,,1050901,土地1建物1位0,二,8,套房(1房1d1l),住家用,筋混凝土造,0950828,31.07,1,0,1,有,有,有,2500,80,,0.0,0,,RPTOMLPJRHLFFBQ47CC,嘉义县,5,221.03,不动产租赁
朴子市,房地(土地+建物),嘉xh朴子市仁和二路121~150,7.6,住,,,1050901,土地1建物1位0,二,8,套房(1房1d1l),住家用,筋混凝土造,0950828,31.07,1,0,1,有,有,有,2500,80,,0.0,0,,RPUOMLPJRHLFFBQ57CC,嘉义县,5,221.03,不动产租赁
中埔l,房地(土地+建物),嘉xh中埔l永沸麓241~270,178.02,住,,,1050815,土地3建物1位0,全,2,透天厝,住家用,筋混凝土加u造,0690324,110.25,4,2,2,有,o,o,10000,91,,0.0,0,,RPSNMLTJRHLFFDQ87CC,嘉义县,5,221.03,不动产租赁
民雄l,房地(土地+建物),嘉xh民雄l团d路181~210,98.0,住,,,1050820,土地1建物1位0,全,2,透天厝,住商用,筋混凝土加u造,0680621,132.31,2,3,3,有,o,有,10000,76,,0.0,0,有民情L俗因素之交易。;含3窃鼋,RPRNMLKLRHLFFCQ17EC,嘉义县,5,221.03,不动产租赁
太保市,房地(土地+建物),嘉xh太保市港子31~60,7.72,,l村^,乙N建B用地,1050907,土地2建物1位0,三,5,套房(1房1d1l),其他登事,筋混凝土造,0930130,22.2,1,0,1,有,有,有,2500,113,,0.0,0,,RPSNMLNLRHLFFDQ47CC,嘉义县,5,221.03,不动产租赁
朴子市,房地(土地+建物),嘉xh朴子市祥和三路西段211~240,101.85,住,,,1050911,土地1建物1位0,全,4,透天厝,住商用,筋混凝土造,0920805,187.58,5,2,3,有,o,有,10000,53,,0.0,0,,RPPNMLNLRHLFFBQ96CC,嘉义县,5,221.03,不动产租赁
朴子市,房地(土地+建物),嘉xh朴子市仁和二路121~150,7.6,住,,,1050915,土地1建物1位0,四,8,套房(1房1d1l),住家用,筋混凝土造,0950828,31.07,1,0,1,有,有,有,2500,80,,0.0,0,,RPQNMLNLRHLFFBQ07CC,嘉义县,5,221.03,不动产租赁
太保市,房地(土地+建物),嘉xh太保市新埤1~30,75.0,,特定rI^,甲N建B用地,1050905,土地1建物1位0,其他登事,4,其他,住家用,筋混凝土造,0860331,156.21,4,2,3,有,o,o,8000,51,,0.0,0,,RPTNMLTLRHLFFDQ18CC,嘉义县,5,221.03,不动产租赁
朴子市,房地(土地+建物),嘉xh朴子市仁和二路121~150,7.6,住,,,1050925,土地1建物1位0,八,8,套房(1房1d1l),住家用,筋混凝土造,0950828,31.07,1,0,1,有,有,有,3300,106,,0.0,0,,RPQNMLPJIILFFBQ88CC,嘉义县,5,221.03,不动产租赁
朴子市,房地(土地+建物),嘉xh朴子市中d路140巷1~30,81.0,住,,,1050909,土地1建物1位0,全,3,透天厝,住商用,筋混凝土造,0681218,140.88,4,2,2,有,o,有,7000,50,,0.0,0,,RPSNMLPJIILFFBQ09CC,嘉义县,5,221.03,不动产租赁
朴子市,房地(土地+建物),嘉xh朴子市仁和二路121~150,7.6,住,,,1051003,土地1建物1位0,七,8,套房(1房1d1l),住家用,筋混凝土造,0950828,31.07,1,0,1,有,有,有,2500,80,,0.0,0,,RPPNMLSKIILFFBQ56CC,嘉义县,5,221.03,不动产租赁
朴子市,房地(土地+建物),嘉xh朴子市祥和三路西段181~210,91.6,住,,,1051016,土地1建物1位0,全,4,透天厝,其他登事,筋混凝土造,0970131,200.62,5,2,5,有,o,有,16000,80,,0.0,0,,RPWNMLLMIILFFBQ76CC,嘉义县,5,221.03,不动产租赁
朴子市,房地(土地+建物),嘉xh朴子市明智路53巷1~30,98.0,住,,,1051110,土地1建物1位0,全,2,透天厝,住家用,筋混凝土加u造,0650629,101.85,3,2,1,有,o,有,5500,54,,0.0,0,,RPRNMLOKJILFFBQ09CC,嘉义县,5,221.03,不动产租赁
太保市,房地(土地+建物),嘉xh太保市祥和三路|段205巷1~30,91.5,住,,,1051101,土地1建物1位0,全,4,透天厝,其他登事,筋混凝土造,0960822,210.66,4,2,4,有,o,有,10500,50,,0.0,0,,RPPOMLOKJILFFDQ56CC,嘉义县,5,221.03,不动产租赁
太保市,房地(土地+建物),嘉xh太保市信x二路151~180,112.48,住,,,1051201,土地1建物1位0,全,4,透天厝,其他登事,筋混凝土造,0960929,195.57,4,2,4,有,o,有,19111,98,,0.0,0,,RPSNMLQJKILFFDQ96CC,嘉义县,5,221.03,不动产租赁
朴子市,房地(土地+建物),嘉xh朴子市菜埔91~120,353.0,住,,,1051201,土地1建物1位0,全,4,透天厝,住家用,其他登事,0860707,74.97,2,1,1,有,o,有,6500,87,,0.0,0,,RPSNMLQJKILFFBQ76CC,嘉义县,5,221.03,不动产租赁
朴子市,房地(土地+建物),嘉xh朴子市朴子五路61~90,114.37,住,,,1051215,土地1建物1位0,全,4,透天厝,住商用,筋混凝土造,0931008,198.7,5,3,4,有,o,有,20000,101,,0.0,0,,RPPNMLTKKILFFBQ86CC,嘉义县,5,221.03,不动产租赁
朴子市,房地(土地+建物),嘉xh朴子市仁和二路121~150,9.09,住,,,1051206,土地1建物1位0,三,8,套房(1房1d1l),住家用,筋混凝土造,0950828,37.72,1,0,1,有,有,有,3600,95,,0.0,0,,RPRNMLTKKILFFBQ07CC,嘉义县,5,221.03,不动产租赁
太保市,房地(土地+建物),嘉xh太保市祥和一路|段25巷1~30,15.34,住,,,1051226,土地2建物1位0,一,5,套房(1房1d1l),其他登事,筋混凝土造,0920505,23.7,1,0,1,有,有,有,3500,148,,0.0,0,,RPUNMLSLKILFFDQ57CC,嘉义县,5,221.03,不动产租赁
民雄l,房地(土地+建物),嘉xh民雄l建路二段151~180,90.92,住,,,1051215,土地3建物1位0,其他登事,3,店面(店),住家用,筋混凝土加u造,0700407,170.88,8,1,8,有,o,o,25000,146,,0.0,0,,RPTNMLKMKILFFCQ66CC,嘉义县,5,221.03,不动产租赁
朴子市,房地(土地+建物),嘉xh朴子市仁和二路121~150,5.19,住,,,1060101,土地1建物1位0,三,8,套房(1房1d1l),住家用,筋混凝土造,0950828,49.9,1,0,1,有,o,有,6500,130,,0.0,0,,RPQNMLOJJHMFFBQ88CC,嘉义县,5,221.03,不动产租赁
朴子市,房地(土地+建物),嘉xh朴子市祥和三路西段181~210,91.69,住,,,1051227,土地1建物1位0,全,4,透天厝,其他登事,筋混凝土造,0970131,100.31,5,1,5,有,o,有,16000,160,,0.0,0,,RPTNMLLKJHMFFBQ98CC,嘉义县,5,221.03,不动产租赁
朴子市,房地(土地+建物),嘉xh朴子市仁和二路121~150,7.6,住,,,1060205,土地1建物1位0,八,8,套房(1房1d1l),住家用,筋混凝土造,0950828,31.07,1,0,1,有,有,有,3000,97,,0.0,0,,RPQNMLNKKHMFFBQ98CC,嘉义县,5,221.03,不动产租赁
朴子市,建物,嘉xh朴子市朴子三路169巷1~30,16.07,商,,,1060301,土地0建物0位0,四,9,AB(10雍以下有梯),住家用,筋混凝土造,0941003,27.17,1,0,1,有,有,有,3300,121,,0.0,0,,RPPNMLNJLHMFFBQ88CC,嘉义县,5,221.03,不动产租赁
朴子市,房地(土地+建物),嘉xh朴子市祥和一路西段1~30,103.16,住,,,1060301,土地1建物1位0,其他登事,4,店面(店),住商用,筋混凝土造,0850710,166.07,4,2,3,有,o,有,10000,60,,0.0,0,,RPQNMLNJLHMFFBQ98CC,嘉义县,5,221.03,不动产租赁
中埔l,房地(土地+建物),嘉xh中埔l永沸麓91~120,67.24,商,,,1060224,土地1建物1位0,其他登事,2,店面(店),住商用,筋混凝土加u造,0650910,118.22,3,2,2,有,o,o,15000,127,,0.0,0,,RPTNMLRJLHMFFDQ27CC,嘉义县,5,221.03,不动产租赁
太保市,房地(土地+建物),嘉xh太保市健康路183巷10弄1~30,114.48,住,,,1060401,土地1建物1位0,全,4,透天厝,集合住宅,筋混凝土造,1010829,173.62,4,3,3,有,o,有,15000,86,,0.0,0,,RPQNMLPJMHMFFDQ86CC,嘉义县,5,221.03,不动产租赁
朴子市,房地(土地+建物),嘉xh朴子市四S路二段421~450,120.0,住,,,1060401,土地1建物1位0,全,4,透天厝,住家用,筋混凝土造,1040601,217.57,8,3,9,有,o,有,25000,115,,0.0,0,,RPSNMLPJMHMFFBQ86CC,嘉义县,5,221.03,不动产租赁
布袋,土地,新生段1~30地,174.25,住,,,1060331,土地1建物0位0,,,其他,,,,0.0,0,0,0,有,o,o,7800,45,,0.0,0,,RPRNMLQJMHMFFBQ86CC,嘉义县,5,221.03,不动产租赁
朴子市,房地(土地+建物),嘉xh朴子市仁和二路121~150,5.87,住,,,1060401,土地1建物1位0,八,8,套房(1房1d1l),住家用,筋混凝土造,0950828,24.97,1,0,1,有,o,有,2400,96,,0.0,0,,RPQNMLRJMHMFFBQ86CC,嘉义县,5,221.03,不动产租赁
太保市,房地(土地+建物),嘉xh太保市祥和三路|段301~330,98.25,住,,,1060401,土地1建物1位0,全,4,透天厝,住商用,筋混凝土造,0970703,215.51,3,3,4,有,o,o,13000,60,,0.0,0,,RPRNMLRJMHMFFDQ17CC,嘉义县,5,221.03,不动产租赁
水上l,房地(土地+建物),嘉xh水上l柳子林1201~1230,64.3,,l村^,乙N建B用地,1060325,土地1建物1位0,全,2,透天厝,住家用,筋混凝土加u造,0680517,95.13,4,3,2,有,o,o,8000,84,,0.0,0,,RPSNMLLKMHMFFDQ76CC,嘉义县,5,221.03,不动产租赁
朴子市,房地(土地+建物),嘉xh朴子市仁和二路121~150,7.6,住,,,1060401,土地1建物1位0,二,8,套房(1房1d1l),住家用,筋混凝土造,0950828,31.21,1,0,1,有,o,有,3000,96,,0.0,0,,RPPNMLNKMHMFFBQ09CC,嘉义县,5,221.03,不动产租赁
新港l,房地(土地+建物),嘉xh新港l中山路121~150,102.0,住,,,1060410,土地2建物1位0,全,3,透天厝,住商用,筋混凝土加u造,0680706,199.44,6,2,3,有,o,有,16000,80,,0.0,0,,RPSNMLMJNHMFFCQ76CC,嘉义县,5,221.03,不动产租赁
太保市,房地(土地+建物)+位,嘉xh太保市新埤211~240,95.48,,l村^,乙N建B用地,1060522,土地1建物1位1,全,3,透天厝,住家用,筋混凝土造,0820917,133.63,3,2,2,有,o,o,6800,51,坡道平面,0.0,0,,RPXNMLPLNHMFFDQ87CC,嘉义县,5,221.03,不动产租赁
民雄l,房地(土地+建物),嘉xh民雄lx151~180,91.85,其他,,,1060515,土地1建物1位0,全,1,透天厝,住家用,筋混凝土加u造,0710320,62.78,3,2,1,有,o,有,3500,56,,0.0,0,,RPTNMLQLNHMFFCQ47CC,嘉义县,5,221.03,不动产租赁
朴子市,房地(土地+建物),嘉xh朴子市仁和二路121~150,7.6,住,,,1060515,土地1建物1位0,五,8,套房(1房1d1l),住家用,筋混凝土造,0950828,19.19,1,0,1,有,有,有,2500,130,,0.0,0,,RPPNMLLMNHMFFBQ56CC,嘉义县,5,221.03,不动产租赁
水上l,房地(土地+建物),嘉xh水上l中庄391~420,131.73,,特定rI^,甲N建B用地,1060708,土地1建物1位0,全,2,透天厝,住家用,筋混凝土加u造,0700620,157.91,4,1,3,有,o,有,6000,38,,0.0,0,,RPWNMLLKPHMFFDQ47CC,嘉义县,5,221.03,不动产租赁
民雄l,土地,世d段541~570地,529.46,住,,,1060622,土地4建物0位0,,,其他,,,,0.0,0,0,0,有,o,o,10000,19,,0.0,0,地上有一S房(未保存登),RPXNMLTKPHMFFCQ28CC,嘉义县,5,221.03,不动产租赁
朴子市,房地(土地+建物),嘉xh朴子市仁和二路121~150,15.0,住,,,1060708,土地1建物1位0,二,8,套房(1房1d1l),住家用,筋混凝土造,0950828,17.27,1,0,1,有,有,有,2500,145,,0.0,0,,RPPNMLOLPHMFFBQ96CC,嘉义县,5,221.03,不动产租赁
六_l,土地,牛埔段31~60地,520.0,住,,,1060823,土地1建物0位0,,,其他,,,,0.0,0,0,0,有,o,有,38000,73,,0.0,0,,RPSNMLNLQHMFFBQ27CC,嘉义县,5,221.03,不动产租赁
布袋,房地(土地+建物),嘉xh布袋中正路1~30,1323.0,住,,,1060823,土地1建物1位0,一,1,其他,其他登事,造,0800913,845.89,0,0,0,o,o,有,45000,53,,0.0,0,,RPTNMLOLQHMFFBQ47CC,嘉义县,5,221.03,不动产租赁
朴子市,土地,文明段661~690地,432.4,住,,,1060901,土地1建物0位0,,,其他,,,,0.0,0,0,0,有,o,有,13000,30,,0.0,0,建物o保存登,RPRNMLLJRHMFFBQ86CC,嘉义县,5,221.03,不动产租赁
朴子市,房地(土地+建物),嘉xh朴子市仁和二路121~150,7.6,住,,,1060920,土地1建物1位0,八,8,套房(1房1d1l),住家用,筋混凝土造,0950828,19.19,1,1,1,有,o,有,3000,156,,0.0,0,,RPRNMLPLRHMFFBQ47CC,嘉义县,5,221.03,不动产租赁
太保市,房地(土地+建物),嘉xh太保市F一路二段91~120,29.33,住,,,1060911,土地1建物1位0,十四,16,住宅大(11雍以上有梯),集合住宅,筋混凝土造,1060421,63.79,3,2,2,有,有,有,12000,188,,0.0,0,,RPPNMLNJIIMFFDQ88CC,嘉义县,5,221.03,不动产租赁
水上l,房地(土地+建物),嘉xh水上l柳子林61~90,47.66,,l村^,乙N建B用地,1061001,土地1建物1位0,全,3,透天厝,住商用,筋混凝土加u造,0670716,103.2,4,2,3,有,o,o,8000,78,,0.0,0,,RPQNMLTKIIMFFDQ07CC,嘉义县,5,221.03,不动产租赁
太保市,房地(土地+建物),嘉xh太保市祥和三路|段271~300,98.25,住,,,1061101,土地1建物1位0,其他登事,4,店面(店),住商用,筋混凝土造,0970703,184.28,4,2,2,有,o,o,20000,109,,0.0,0,,RPPNMLTJJIMFFDQ96CC,嘉义县,5,221.03,不动产租赁
朴子市,房地(土地+建物),嘉xh朴子市大同|路31~60,113.0,住,,,1061110,土地1建物1位0,全,4,透天厝,其他登事,筋混凝土造,1050427,65.01,0,0,0,o,o,有,6000,92,,0.0,0,H承租2,RPSNMLKLJIMFFBQ98CC,嘉义县,5,221.03,不动产租赁
朴子市,房地(土地+建物),嘉xh朴子市大同|路31~60,113.0,住,,,1061120,土地1建物1位0,全,4,透天厝,其他登事,筋混凝土造,1050427,58.13,0,0,0,o,o,o,5000,86,,0.0,0,H承租32,RPWNMLLLJIMFFBQ86CC,嘉义县,5,221.03,不动产租赁
朴子市,房地(土地+建物),嘉xh朴子市大同|路31~60,113.0,住,,,1061126,土地1建物1位0,全,5,透天厝,其他登事,筋混凝土造,1050427,31.68,0,0,0,o,o,o,5000,158,,0.0,0,H承租5,RPOOMLSLJIMFFBQ86CC,嘉义县,5,221.03,不动产租赁
朴子市,房地(土地+建物),嘉xh朴子市朴子五路61~90,114.37,住,,,1061128,土地1建物1位0,全,4,透天厝,住商用,筋混凝土造,0931008,198.7,4,2,2,有,o,有,20000,101,,0.0,0,,RPUNMLKMJIMFFBQ66CC,嘉义县,5,221.03,不动产租赁
民雄l,房地(土地+建物),嘉xh民雄l建路一段31~60,63.0,住,,,1061110,土地1建物1位0,其他登事,4,店面(店),住家用,筋混凝土造,0751030,166.88,4,3,3,有,o,o,23500,141,,0.0,0,,RPQNMLLJKIMFFCQ98DC,嘉义县,5,221.03,不动产租赁
朴子市,房地(土地+建物),嘉xh朴子市四S路二段391~420,117.0,住,,,1061128,土地1建物1位0,其他登事,4,店面(店),住家用,筋混凝土造,1040601,229.23,3,2,3,有,o,有,25000,109,,0.0,0,,RPPNMLNJKIMFFBQ98DC,嘉义县,5,221.03,不动产租赁
太保市,房地(土地+建物),嘉xh太保市健康路183巷10弄1~30,114.48,住,,,1061201,土地1建物1位0,全,4,透天厝,,筋混凝土造,1010829,173.63,3,2,3,有,o,o,15000,86,,0.0,0,,RPPNMLNJKIMFFDQ56DC,嘉义县,5,221.03,不动产租赁
|石l,房地(土地+建物),嘉xh|石l彩霞大道151~180,93.1,,特定Ｓ^,甲N建B用地,1070105,土地1建物1位0,全,3,透天厝,住商用,筋混凝土加u造,0840501,159.09,4,2,2,有,o,o,7000,44,,0.0,0,,RPQNMLPJJHNFFBQ09CC,嘉义县,5,221.03,不动产租赁
梅山l,土地,梅北段2791~2820地,22682.0,工,,,1061214,土地8建物0位0,,,其他,,,,0.0,0,0,0,有,o,有,140000,6,,0.0,0,,RPQNMLMKJHNFFEQ66DC,嘉义县,5,221.03,不动产租赁
水上l,房地(土地+建物),嘉xh水上l大堀村^31~60,147.0,,l村^,乙N建B用地,1070112,土地1建物1位0,全,2,透天厝,,加u造,0720910,140.84,3,2,2,有,o,o,10000,71,,0.0,0,,RPTNMLQLJHNFFDQ37DC,嘉义县,5,221.03,不动产租赁
水上l,房地(土地+建物),嘉xh水上l柳子林1201~1230,64.3,,l村^,乙N建B用地,1070117,土地1建物1位0,全,2,透天厝,住家用,筋混凝土加u造,0680517,95.13,5,3,2,有,o,o,8000,84,,0.0,0,,RPRNMLLMJHNFFDQ66CC,嘉义县,5,221.03,不动产租赁
大林,房地(土地+建物),嘉xh大林平林里17f敬街174巷1~30,42.15,住,,,1070116,土地1建物1位0,一,5,公寓(5呛以下o梯),民住宅,筋混凝土造,0820217,113.08,3,1,2,有,o,有,10000,88,,0.0,0,,RPQNMLLMJHNFFCQ56DC,嘉义县,5,221.03,不动产租赁
大林,房地(土地+建物),嘉xh大林平林里30m洲街73巷1~30,46.58,住,,,1070116,土地1建物1位0,一,5,公寓(5呛以下o梯),民住宅,筋混凝土造,0820217,92.85,3,1,2,有,o,有,10000,108,,0.0,0,,RPRNMLLMJHNFFCQ66DC,嘉义县,5,221.03,不动产租赁
大林,房地(土地+建物),嘉xh大林平林里信x街51巷1~30,27.09,住,,,1070116,土地1建物1位0,一,5,公寓(5呛以下o梯),住家用,筋混凝土造,0851115,87.96,3,1,2,有,o,有,10000,114,,0.0,0,,RPSNMLLMJHNFFCQ76DC,嘉义县,5,221.03,不动产租赁
大林,房地(土地+建物),嘉xh大林平林里17光明街1~30,58.57,住,,,1070116,土地1建物1位0,二,5,公寓(5呛以下o梯),民住宅,筋混凝土造,0851115,94.68,3,1,2,有,o,有,9000,95,,0.0,0,,RPTNMLLMJHNFFCQ86DC,嘉义县,5,221.03,不动产租赁
大林,房地(土地+建物),嘉xh大林平林里17民族路31~60,58.94,住,,,1070116,土地1建物1位0,四,5,公寓(5呛以下o梯),其他登事,筋混凝土造,0851115,90.86,3,1,2,有,o,有,10000,110,,0.0,0,,RPVNMLLMJHNFFCQ07DC,嘉义县,5,221.03,不动产租赁
大林,房地(土地+建物),嘉xh大林媳忱镂藏121~150,94.0,,l村^,乙N建B用地,1070116,土地1建物1位0,全,3,透天厝,住家用,其他登事,0830107,169.68,4,2,4,有,o,有,10000,59,,0.0,0,,RPXNMLLMJHNFFCQ27DC,嘉义县,5,221.03,不动产租赁
民雄l,房地(土地+建物),嘉xh民雄l菁埔村8菁埔121~150,185.0,,特定rI^,甲N建B用地,1070116,土地1建物1位0,全,2,透天厝,住家用,筋混凝土加u造,0751211,140.82,3,1,2,有,o,有,10000,71,,0.0,0,,RPOOMLLMJHNFFCQ09DC,嘉义县,5,221.03,不动产租赁
大林,房地(土地+建物),嘉xh大林平林里16八德街1~30,98.0,住,,,1070116,土地1建物1位0,全,3,透天厝,住商用,筋混凝土加u造,0700203,182.25,3,1,2,有,o,有,10000,55,,0.0,0,,RPPOMLLMJHNFFCQ56DC,嘉义县,5,221.03,不动产租赁
大林,房地(土地+建物),嘉xh大林平林里新d街121~150,100.0,住,,,1070116,土地1建物1位0,全,4,透天厝,其他登事,筋混凝土造,1040703,36.36,5,3,4,有,o,有,10000,275,,0.0,0,,RPQNMLLJKHNFFCQ98DC,嘉义县,5,221.03,不动产租赁
大林,房地(土地+建物),嘉xh大林三和里13中d路二段797巷1~30,72.0,,特定rI^,甲N建B用地,1070116,土地1建物1位0,全,3,透天厝,住家用,筋混凝土造,0840217,137.02,4,1,3,有,o,有,10000,73,,0.0,0,,RPRNMLLJKHNFFCQ09DC,嘉义县,5,221.03,不动产租赁
民雄l,房地(土地+建物),嘉xh民雄l北斗村36新正五街61~90,45.92,,l村^,乙N建B用地,1070116,土地1建物1位0,二,5,公寓(5呛以下o梯),其他登事,筋混凝土造,0910725,86.27,3,1,2,有,o,有,10000,116,,0.0,0,,RPSNMLLJKHNFFCQ56DC,嘉义县,5,221.03,不动产租赁
民雄l,房地(土地+建物),嘉xh民雄l北斗村36新正五街61~90,45.92,,l村^,乙N建B用地,1070116,土地1建物1位0,二,5,公寓(5呛以下o梯),其他登事,筋混凝土造,0910725,86.27,3,1,2,有,o,有,10000,116,,0.0,0,,RPTNMLLJKHNFFCQ66DC,嘉义县,5,221.03,不动产租赁
大林,房地(土地+建物),嘉xh大林平林里17光明路31~60,67.54,住,,,1070116,土地1建物1位0,一,5,公寓(5呛以下o梯),民住宅,筋混凝土造,0820217,104.46,3,1,2,有,o,有,10000,96,,0.0,0,,RPRNMLPJKHNFFCQ86DC,嘉义县,5,221.03,不动产租赁
大林,房地(土地+建物),嘉xh大林平林里29共和街31~60,36.48,住,,,1070116,土地1建物1位0,五,5,公寓(5呛以下o梯),民住宅,筋混凝土造,0820217,91.66,3,1,2,有,o,有,10000,109,,0.0,0,,RPTNMLPJKHNFFCQ07DC,嘉义县,5,221.03,不动产租赁
朴子市,房地(土地+建物),嘉xh朴子市仁和二路121~150,7.6,住,,,1070120,土地1建物1位0,六,8,套房(1房1d1l),住家用,筋混凝土造,0950828,31.22,1,1,1,有,o,有,2800,90,,0.0,0,,RPPNMLPJKHNFFBQ09CC,嘉义县,5,221.03,不动产租赁
朴子市,房地(土地+建物),嘉xh朴子市仁和二路121~150,5758.57,住,,,1070301,土地1建物1位0,六,8,套房(1房1d1l),住家用,筋混凝土造,0950828,26.61,1,1,1,有,o,有,2800,105,,0.0,0,,RPQNMLPJLHNFFBQ66CC,嘉义县,5,221.03,不动产租赁
朴子市,房地(土地+建物),嘉xh朴子市祥和三路西段181~210,91.69,住,,,1070310,土地1建物1位0,全,4,透天厝,其他登事,筋混凝土造,0970131,200.62,5,6,6,有,o,有,18000,90,,0.0,0,,RPQNMLPKLHNFFBQ76CC,嘉义县,5,221.03,不动产租赁
太保市,房地(土地+建物),嘉xh太保市太保五路121~150,205.33,住,,,1070219,土地2建物1位0,全,4,透天厝,其他登事,筋混凝土造,0960822,433.14,7,3,7,有,o,有,25000,58,,0.0,0,,RPPNMLPKLHNFFDQ86CC,嘉义县,5,221.03,不动产租赁
水上l,房地(土地+建物),嘉xh水上l粗溪村2粗溪1~30,92.0,住,,,1070316,土地1建物1位0,全,2,透天厝,住商用,筋混凝土加u造,0701128,116.18,4,2,2,有,o,o,6000,52,,0.0,0,,RPUNMLQKLHNFFDQ47CC,嘉义县,5,221.03,不动产租赁
朴子市,房地(土地+建物),嘉xh朴子市市西路31~60,105.0,商,,,1070321,土地1建物1位0,全,3,透天厝,住商用,其他登事,0100101,52.89,5,3,2,有,o,有,12000,227,,0.0,0,建物未保存登部份至三,RPPNMLTLLHNFFBQ17CC,嘉义县,5,221.03,不动产租赁
朴子市,土地,南葜穸文现裥《1~30地,168.0,,特定rI^,甲N建B用地,1070410,土地1建物0位0,,,其他,,,,0.0,0,0,0,有,o,o,6000,36,,0.0,0,,RPSNMLNKMHNFFBQ86CC,嘉义县,5,221.03,不动产租赁
朴子市,土地,文化段31~60地,85.78,住,,,1070418,土地1建物0位0,,,其他,,,,0.0,0,0,0,有,o,o,2500,29,,0.0,0,,RPWNMLOLMHNFFBQ47CC,嘉义县,5,221.03,不动产租赁
朴子市,房地(土地+建物),嘉xh朴子市嘉朴路西段31~60,8.5,住,,,1070401,土地1建物1位0,九,10,AB(10雍以下有梯),住家用,筋混凝土造,0860110,81.0,1,0,1,有,有,有,10000,123,,0.0,0,,RPXNMLOLMHNFFBQ57CC,嘉义县,5,221.03,不动产租赁
朴子市,土地,文化段31~60地,82.5,住,,,1070503,土地1建物0位0,,,其他,,,,0.0,0,0,0,有,o,o,12000,145,,0.0,0,,RPVNMLTJNHNFFBQ77CC,嘉义县,5,221.03,不动产租赁
朴子市,房地(土地+建物),嘉xh朴子市祥和三路151~180,188.68,住,,,1070420,土地2建物1位0,一,4,店面(店),其他登事,筋混凝土造,0970131,100.0,0,1,1,有,o,有,18000,180,,0.0,0,,RPRNMLLKNHNFFBQ66CC,嘉义县,5,221.03,不动产租赁
朴子市,房地(土地+建物),嘉xh朴子市仁和二路121~150,8.5,住,,,1070509,土地1建物1位0,三,8,AB(10雍以下有梯),住家用,筋混凝土造,0950828,19.19,1,0,1,有,o,有,3800,198,,0.0,0,,RPSNMLLKNHNFFBQ76CC,嘉义县,5,221.03,不动产租赁
太保市,房地(土地+建物),嘉xh太保市太保五路31~60,101.05,住,,,1070503,土地1建物1位0,其他登事,4,店面(店),住商用,其他登事,0880908,230.75,4,3,4,有,o,有,15000,65,,0.0,0,,RPUNMLLKNHNFFDQ17CC,嘉义县,5,221.03,不动产租赁
太保市,房地(土地+建物),嘉xh太保市太保里太保61~90,123.77,住,,,1070510,土地1建物1位0,全,4,透天厝,其他登事,筋混凝土造,1021129,278.47,4,3,3,有,o,有,15000,54,,0.0,0,,RPUNMLRKNHNFFDQ77CC,嘉义县,5,221.03,不动产租赁
朴子市,房地(土地+建物),嘉xh朴子市光吐61~90,70.0,住,,,1070520,土地1建物1位0,一,5,店面(店),其他登事,筋混凝土造,0820920,168.0,2,2,2,有,o,有,25000,149,,0.0,0,,RPSNMLNLNHNFFBQ07CC,嘉义县,5,221.03,不动产租赁
朴子市,房地(土地+建物),嘉xh朴子市祥和三路西段211~240,101.85,住,,,1070518,土地1建物1位0,全,4,透天厝,住家用,筋混凝土造,0910730,187.58,5,1,3,有,o,有,12000,64,,0.0,0,,RPVNMLPJOHNFFBQ47CC,嘉义县,5,221.03,不动产租赁
太保市,房地(土地+建物),嘉xh太保市祥和三路|段331~360,116.2,住,,,1070524,土地1建物1位0,全,4,透天厝,其他登事,筋混凝土造,0921105,202.87,6,2,6,有,o,有,15000,74,,0.0,0,,RPUNMLPJOHNFFDQ57CC,嘉义县,5,221.03,不动产租赁
太保市,房地(土地+建物)+位,嘉xh太保市新埤211~240,95.48,,l村^,乙N建B用地,1070604,土地1建物1位1,全,3,透天厝,住家用,筋混凝土造,0820917,133.63,3,2,2,有,o,o,6300,47,坡道平面,0.0,0,,RPWNMLQJOHNFFDQ87CC,嘉义县,5,221.03,不动产租赁
朴子市,房地(土地+建物),嘉xh朴子市仁和二路121~150,14.0,住,,,1070622,土地1建物1位0,二,9,套房(1房1d1l),住家用,筋混凝土造,0950828,62.0,1,1,1,有,o,有,6000,97,,0.0,0,,RPUNMLPLOHNFFBQ57CC,嘉义县,5,221.03,不动产租赁
朴子市,房地(土地+建物),嘉xh朴子市嘉朴路西段61~90,13.07,住,,,1070607,土地1建物1位0,二,10,店面(店),住商用,筋混凝土造,0860110,42.02,2,2,2,有,o,o,8000,190,,0.0,0,,RPRNMLQLOHNFFBQ37CC,嘉义县,5,221.03,不动产租赁
朴子市,房地(土地+建物),嘉xh朴子市仁和二路121~150,8.5,住,,,1070612,土地1建物1位0,三,8,套房(1房1d1l),住家用,筋混凝土造,0950828,11.4,1,0,1,有,o,有,4300,377,,0.0,0,,RPSNMLQLOHNFFBQ47CC,嘉义县,5,221.03,不动产租赁
太保市,房地(土地+建物),嘉xh太保市後潭里後潭421~450,79.58,住,,,1070622,土地1建物1位0,其他登事,3,店面(店),住商用,筋混凝土造,0830531,142.26,4,3,4,有,o,有,14000,98,,0.0,0,,RPRNMLQLOHNFFDQ57CC,嘉义县,5,221.03,不动产租赁
布袋,土地,新生段1~30地,174.25,住,,,1070702,土地1建物0位0,,,其他,,,,0.0,0,0,0,有,o,o,8000,46,,0.0,0,,RPPNMLNJPHNFFBQ76CC,嘉义县,5,221.03,不动产租赁
朴子市,房地(土地+建物),嘉xh朴子市嘉朴路西段31~60,40.7,住,,,1070702,土地1建物1位0,二,9,AB(10雍以下有梯),住商用,筋混凝土造,0860110,142.21,2,3,2,有,有,o,9500,67,,0.0,0,,RPQOMLOJPHNFFBQ07CC,嘉义县,5,221.03,不动产租赁
太保市,房地(土地+建物),嘉xh太保市健康路183巷10弄31~60,116.7,住,,,1070702,土地1建物1位0,全,4,透天厝,,筋混凝土造,1010829,199.66,4,3,3,有,o,有,14500,73,,0.0,0,,RPPOMLOJPHNFFDQ17CC,嘉义县,5,221.03,不动产租赁
朴子市,房地(土地+建物),嘉xh朴子市朴子七路181~210,85.0,住,,,1070720,土地1建物1位0,全,4,透天厝,住商用,筋混凝土造,0920922,176.07,5,2,3,有,o,有,15000,85,,0.0,0,,RPPNMLPLPHNFFBQ17CC,嘉义县,5,221.03,不动产租赁
朴子市,房地(土地+建物),嘉xh朴子市小?榔五路280巷1~30,48.38,住,,,1070727,土地1建物1位0,一,8,店面(店),商I用,筋混凝土造,0950828,88.84,0,0,0,o,o,有,4500,51,,0.0,0,,RPXNMLRJQHNFFBQ08CC,嘉义县,5,221.03,不动产租赁
太保市,房地(土地+建物),嘉xh太保市嘉朴|路一段1~30,103.6,住,,,1070808,土地1建物1位0,其他登事,4,店面(店),住商用,筋混凝土造,0840902,242.42,4,2,4,有,o,o,17000,70,,0.0,0,,RPRNMLKLQHNFFDQ17CC,嘉义县,5,221.03,不动产租赁
太保市,房地(土地+建物),嘉xh太保市祥和三路301~330,98.25,住,,,1070903,土地1建物1位0,全,4,透天厝,住商用,筋混凝土造,0970703,215.51,4,2,5,有,o,有,12000,56,,0.0,0,,RPPNMLOJRHNFFDQ27CC,嘉义县,5,221.03,不动产租赁
朴子市,房地(土地+建物),嘉xh朴子市仁和二路121~150,8.5,住,,,1070810,土地1建物1位0,六,6,套房(1房1d1l),住家用,筋混凝土造,0950828,31.22,1,0,1,有,o,有,2500,80,,0.0,0,,RPSNMLOJRHNFFBQ37CC,嘉义县,5,221.03,不动产租赁
|石l,房地(土地+建物),嘉xh|石l彩霞大道151~180,93.1,,特定Ｓ^,甲N建B用地,1070901,土地1建物1位0,全,3,透天厝,住商用,筋混凝土加u造,0840501,176.24,2,1,3,有,o,有,7000,40,,0.0,0,,RPTNMLOJRHNFFBQ47CC,嘉义县,5,221.03,不动产租赁
水上l,房地(土地+建物),嘉xh水上l柳子林1141~1170,84.14,,l村^,乙N建B用地,1070829,土地1建物1位0,全,3,透天厝,住商用,筋混凝土造,0791117,147.6,3,2,2,有,o,有,15000,102,,0.0,0,,RPTNMLPJRHNFFDQ77CC,嘉义县,5,221.03,不动产租赁
朴子市,房地(土地+建物),嘉xh朴子市市|路91~120,115.0,住,,,1070828,土地1建物1位0,二,10,AB(10雍以下有梯),住商用,筋混凝土造,0850525,239.0,1,2,2,有,o,有,30000,126,,0.0,0,,RPPNMLQJRHNFFBQ27CC,嘉义县,5,221.03,不动产租赁
太保市,建物,嘉xh太保市北港路二段391~420,100.05,住,,,1070906,土地0建物1位0,其他登事,4,店面(店),住商用,筋混凝土造,0800320,235.0,5,2,4,有,o,有,13000,55,,0.0,0,,RPPNMLMKRHNFFDQ17CC,嘉义县,5,221.03,不动产租赁
太保市,房地(土地+建物),嘉xh太保市^侠镞^31~60,162.07,住,,,1070914,土地5建物1位0,全,3,透天厝,住商用,筋混凝土造,0830625,297.12,5,2,4,有,o,o,23000,77,,0.0,0,,RPPNMLPKRHNFFDQ47CC,嘉义县,5,221.03,不动产租赁
朴子市,土地,大葛段571~600地,208.07,,l村^,乙N建B用地,1070910,土地1建物0位0,,,其他,,,,0.0,0,0,0,有,o,o,6000,29,,0.0,0,,RPRNMLKLRHNFFBQ07CC,嘉义县,5,221.03,不动产租赁
朴子市,土地,〔似叶斡篮托《121~150地,559.0,,特定rI^,r牧用地,1070916,土地1建物0位0,,,其他,,,,0.0,0,0,0,有,o,o,9000,16,,0.0,0,,RPSNMLKLRHNFFBQ17CC,嘉义县,5,221.03,不动产租赁
朴子市,房地(土地+建物),嘉xh朴子市大同|路31~60,113.0,住,,,1071001,土地1建物1位0,全,4,透天厝,其他登事,筋混凝土造,1050427,71.71,2,1,1,有,o,有,10000,139,,0.0,0,,RPSNMLLJIINFFBQ88CC,嘉义县,5,221.03,不动产租赁
朴子市,土地,〔似叶斡篮托《121~150地,559.0,,特定rI^,r牧用地,1071005,土地1建物0位0,,,其他,,,,0.0,0,0,0,有,o,o,9000,16,,0.0,0,,RPPOMLPJIINFFBQ09CC,嘉义县,5,221.03,不动产租赁
朴子市,房地(土地+建物),嘉xh朴子市人和二路121~150,8.0,住,,,1071101,土地1建物1位0,六,8,套房(1房1d1l),住家用,筋混凝土造,0950828,19.19,1,0,1,有,o,有,2600,135,,0.0,0,,RPSNMLLJJINFFBQ98CC,嘉义县,5,221.03,不动产租赁
太保市,房地(土地+建物),嘉xh太保市h府二街31~60,234.5,住,,,1071030,土地1建物1位0,全,5,透天厝,其他登事,筋混凝土造,0930130,516.64,0,0,0,o,o,o,10000,19,,0.0,0,,RPQNMLSJJINFFDQ07CC,嘉义县,5,221.03,不动产租赁
朴子市,房地(土地+建物),嘉xh朴子市仁和二路121~150,9.3,住,,,1071105,土地1建物1位0,七,8,套房(1房1d1l),住家用,筋混凝土造,0950828,19.19,1,0,1,有,o,有,3500,182,,0.0,0,,RPQNMLMKJINFFBQ98CC,嘉义县,5,221.03,不动产租赁
太保市,房地(土地+建物),嘉xh太保市健康路183巷2弄1~30,114.48,住,,,1071203,土地1建物1位0,全,4,透天厝,其他登事,筋混凝土造,0960717,198.35,4,2,5,有,o,有,14000,71,,0.0,0,,RPRNMLNJKINFFDQ76CC,嘉义县,5,221.03,不动产租赁
朴子市,房地(土地+建物),嘉xh朴子市中d路811~840,208.03,住,,,1071201,土地1建物1位0,全,3,透天厝,住商用,筋混凝土造,0850815,172.96,3,2,2,有,o,有,12000,69,,0.0,0,,RPQNMLQJKINFFBQ76CC,嘉义县,5,221.03,不动产租赁
朴子市,房地(土地+建物),嘉xh朴子市朴子六路31~60,40.2,住,,,1071215,土地1建物1位0,一,10,店面(店),住商用,筋混凝土造,0860110,95.15,2,1,1,有,o,有,8300,87,,0.0,0,,RPPNMLRKKINFFBQ86CC,嘉义县,5,221.03,不动产租赁
朴子市,房地(土地+建物),嘉xh朴子市仁和二路121~150,7.74,住,,,1071221,土地1建物1位0,二,18,套房(1房1d1l),住家用,筋混凝土造,0950828,31.2,1,0,1,有,o,有,2500,80,,0.0,0,,RPPNMLLJJHOFFBQ68CC,嘉义县,5,221.03,不动产租赁
朴子市,房地(土地+建物),嘉xh朴子市朴子五路61~90,114.37,住,,,1080101,土地1建物1位0,全,4,透天厝,住商用,筋混凝土造,0931008,198.7,5,3,4,有,o,有,18000,91,,0.0,0,,RPPNMLMJJHOFFBQ78CC,嘉义县,5,221.03,不动产租赁
太保市,房地(土地+建物),嘉xh太保市健康路183巷10弄31~60,114.48,住,,,1080101,土地1建物1位0,全,4,透天厝,其他登事,筋混凝土造,1010829,198.3,4,3,3,有,o,有,13000,66,,0.0,0,,RPSNMLMJJHOFFDQ66CC,嘉义县,5,221.03,不动产租赁
朴子市,房地(土地+建物),嘉xh朴子市公@二街181~210,59.68,住,,,1080107,土地1建物1位0,全,3,透天厝,住家用,筋混凝土造,0930906,209.44,3,3,3,有,o,o,14000,67,,0.0,0,,RPVNMLTJJHOFFBQ57DC,嘉义县,5,221.03,不动产租赁
朴子市,房地(土地+建物),嘉xh朴子市仁和二路121~150,15.48,住,,,1080103,土地1建物2位0,二,8,套房(1房1d1l),住家用,筋混凝土造,0950828,34.54,1,0,1,有,有,有,5000,145,,0.0,0,,RPWNMLLKJHOFFBQ86CC,嘉义县,5,221.03,不动产租赁
太保市,房地(土地+建物),嘉xh太保市健康路183巷6弄1~30,129.6,住,,,1080108,土地1建物1位0,全,4,透天厝,其他登事,筋混凝土造,0960717,223.49,4,2,3,有,o,有,16000,72,,0.0,0,,RPVNMLRKJHOFFDQ57CC,嘉义县,5,221.03,不动产租赁
太保市,房地(土地+建物),嘉xh太保市祥和一路|段25巷1~30,10.0,住,,,1080119,土地2建物1位0,一,1,套房(1房1d1l),其他登事,筋混凝土造,0920505,23.71,1,0,1,有,o,有,3500,148,,0.0,0,,RPQNMLMLJHOFFDQ66CC,嘉义县,5,221.03,不动产租赁
朴子市,土地,大l段181~210地,676.16,,l村^,乙N建B用地,1080124,土地1建物0位0,,,其他,,,,0.0,0,0,0,有,o,o,40000,59,,0.0,0,,RPPNMLPLJHOFFBQ66CC,嘉义县,5,221.03,不动产租赁
太保市,房地(土地+建物),嘉xh太保市健康路151~180,137.64,住,,,1080111,土地1建物1位0,全,3,透天厝,其他登事,筋混凝土造,0950718,230.89,3,2,4,有,o,有,21500,93,,0.0,0,,RPQNMLQLJHOFFDQ07CC,嘉义县,5,221.03,不动产租赁
太保市,房地(土地+建物),嘉xh太保市健康路183巷10弄1~30,114.48,住,,,1080125,土地1建物1位0,全,4,透天厝,其他登事,筋混凝土造,1010829,197.02,4,3,3,有,o,有,16800,85,,0.0,0,,RPRNMLSLJHOFFDQ37CC,嘉义县,5,221.03,不动产租赁
太保市,房地(土地+建物),嘉xh太保市健康路183巷10弄1~30,114.48,住,,,1080520,土地1建物1位0,全,4,透天厝,其他登事,筋混凝土造,1010829,49.49,1,1,1,有,o,有,15000,303,,0.0,0,,RPPNMLKMNHOFFDQ86CC,嘉义县,5,221.03,不动产租赁
