安^,房地(土地+建物),基隆市安^安和一街6巷31~60,32.8,住,,,1010916,土地1建物1位0,二,5,公寓(5呛以下o梯),民住宅,筋混凝土造,0690729,72.41,3,2,1,有,o,o,8000,110,,0.0,0,,RPVNMLPJJIHFFCC77CC,基隆市,3,21.61,不动产租赁
七堵^,房地(土地+建物),基隆市七堵^`路151~180,25.57,住,,,1011010,土地1建物1位0,三,7,AB(10雍以下有梯),住家用,筋混凝土造,0850705,97.78999999999999,3,2,2,有,有,o,9000,92,,0.0,0,,RPWNMLPJJIHFFCC87CC,基隆市,3,21.61,不动产租赁
信x^,房地(土地+建物),基隆市信x^福民街71巷1~30,114.87,其他,,,1010918,土地1建物1位0,一,7,AB(10雍以下有梯),住家用,筋混凝土造,0830831,133.9,4,2,1,有,有,o,10000,75,,0.0,0,,RPUNMLPJJIHFFBC57CC,基隆市,3,21.61,不动产租赁
七堵^,建物,基隆市七堵^崇信街21巷1~30,0.0,住,,,1010801,土地0建物1位0,二,4,公寓(5呛以下o梯),住商用,筋混凝土加u造,0621203,52.12,2,1,1,有,o,有,7000,134,,0.0,0,,RPPNMLPJJIHFFCC27DC,基隆市,3,21.61,不动产租赁
七堵^,建物,基隆市七堵^工建路1~30,0.0,工,,,1010810,土地0建物0位0,全,4,透天厝,其他登事,筋混凝土造,0971003,51.19,2,0,1,有,有,有,8000,156,,0.0,0,,RPSNMLPJJIHFFCC57DC,基隆市,3,21.61,不动产租赁
暖暖^,房地(土地+建物),基隆市暖暖^源h路292巷1~30,26.71,住,,,1011105,土地1建物1位0,四,5,公寓(5呛以下o梯),住家用,筋混凝土造,0701214,86.28,3,2,1,有,o,o,6000,70,,0.0,0,,RPRNMLQJJIHFFCC47CC,基隆市,3,21.61,不动产租赁
七堵^,建物,基隆市七堵^工建路1~30,0.0,工,,,1010822,土地0建物1位0,二,4,Sk,其他登事,筋混凝土造,1001019,2079.0,0,0,1,o,o,o,323400,156,,0.0,0,,RPQNMLRJJIHFFCC47CC,基隆市,3,21.61,不动产租赁
七堵^,房地(土地+建物),基隆市七堵^大德路61~90,10.93,住,,,1010919,土地1建物1位0,五,8,AB(10雍以下有梯),住家用,筋混凝土造,0881125,72.93,2,1,1,有,有,o,8500,117,,0.0,0,,RPRNMLRJJIHFFCC57CC,基隆市,3,21.61,不动产租赁
中正^,房地(土地+建物),基隆市中正^^海街91~120,16.75,住,,,1010829,土地2建物1位0,六,14,住宅大(11雍以上有梯),住家用,筋混凝土造,0880114,87.83,2,2,2,有,有,有,8000,91,,0.0,0,,RPUNMLRJJIHFFBC77CC,基隆市,3,21.61,不动产租赁
中正^,房地(土地+建物),基隆市中正^八斗街31~60,23.2,住,,,1010901,土地1建物1位0,一,5,公寓(5呛以下o梯),商I用,筋混凝土造,0691213,79.72,3,2,1,有,o,有,12000,151,,0.0,0,,RPQNMLOKJIHFFBC17CC,基隆市,3,21.61,不动产租赁
中正^,房地(土地+建物),基隆市中正^立德路61~90,29.64,住,,,1010819,土地3建物1位0,三,5,公寓(5呛以下o梯),民住宅,筋混凝土造,0711229,95.3,3,2,1,有,o,有,7000,73,,0.0,0,,RPTNMLOKJIHFFBC47CC,基隆市,3,21.61,不动产租赁
七堵^,房地(土地+建物),基隆市七堵^南d路1~30,15.66,商,,,1010825,土地1建物1位0,四,8,AB(10雍以下有梯),住家用,筋混凝土造,0840104,82.14,2,1,1,有,o,有,9000,110,,0.0,0,,RPRNMLOKJIHFFCC37CC,基隆市,3,21.61,不动产租赁
七堵^,建物,基隆市七堵^百六街91~120,0.0,商,,,1010929,土地0建物1位0,一,7,店面(店),住家用,筋混凝土造,0820402,155.67,0,0,0,o,有,o,28000,180,,0.0,0,,RPPOMLOKJIHFFCC27CC,基隆市,3,21.61,不动产租赁
中正^,位,基隆市中正^信二路271~300,0.0,商,,,1011002,土地0建物0位1,地下一,,住宅大(11雍以上有梯),,,,7.6,0,0,0,有,有,o,3000,,坡道C械,7.6,3000,,RPOOMLPKJIHFFBC17CC,基隆市,3,21.61,不动产租赁
安^,建物,基隆市安^中和路85巷1~30,0.0,住,,,1011022,土地0建物1位0,四,11,住宅大(11雍以上有梯),住家用,筋混凝土造,0860508,60.19,3,2,1,有,有,有,8000,133,,0.0,0,,RPVOMLQKJIHFFCC08CC,基隆市,3,21.61,不动产租赁
安^,房地(土地+建物),基隆市安^防二街62巷181~210,15.56,住,,,1011113,土地1建物1位0,一,13,店面(店),商I用,筋混凝土造,0880114,96.2,0,0,0,o,有,o,21000,218,,0.0,0,,RPPNMLTKJIHFFCC77DC,基隆市,3,21.61,不动产租赁
暖暖^,房地(土地+建物),基隆市暖暖^|碇路301~330,9.14,住,,,1010823,土地1建物2位0,五,9,AB(10雍以下有梯),住家用,筋混凝土造,0860623,58.64,0,0,0,o,有,有,12000,205,,0.0,0,,RPSNMLTKJIHFFCC08DC,基隆市,3,21.61,不动产租赁
中正^,建物,基隆市中正^信一路151~180,0.0,商,,,1010923,土地0建物5位0,一,33,店面(店),商I用,骨筋混凝土造,0900221,244.56,0,0,0,o,有,o,87500,358,,0.0,0,,RPXNMLKLJIHFFBC67DC,基隆市,3,21.61,不动产租赁
中山^,建物,基隆市中山^西定路271~300,0.0,商,,,1010929,土地0建物1位0,全,3,透天厝,住商用,加u造,0600123,141.03,0,0,0,o,o,o,20000,142,,0.0,0,,RPSNMLNLJIHFFCC47CC,基隆市,3,21.61,不动产租赁
暖暖^,建物,基隆市暖暖^|碇路511~540,0.0,住,,,1010916,土地0建物0位0,三,9,AB(10雍以下有梯),住家用,筋混凝土造,0861117,58.12,2,1,1,有,有,o,5000,86,,0.0,0,,RPTNMLNLJIHFFCC57CC,基隆市,3,21.61,不动产租赁
暖暖^,建物,基隆市暖暖^|碇路511~540,0.0,住,,,1011003,土地0建物0位1,九,9,AB(10雍以下有梯),住家用,筋混凝土造,0960726,123.56,3,2,2,有,有,有,15000,129,坡道平面,30.44,0,,RPUNMLNLJIHFFCC67CC,基隆市,3,21.61,不动产租赁
暖暖^,房地(土地+建物),基隆市暖暖^源h路297巷61~90,16.38,住,,,1011124,土地1建物1位0,二,5,公寓(5呛以下o梯),住家用,筋混凝土造,0840914,62.58,2,2,1,有,有,有,5500,88,,0.0,0,,RPPNMLOLJIHFFCC27CC,基隆市,3,21.61,不动产租赁
七堵^,房地(土地+建物),基隆市七堵^百六街83巷1~30,41.68,住,,,1011101,土地1建物1位0,四,5,公寓(5呛以下o梯),住家用,筋混凝土造,0870713,99.69999999999999,3,2,2,有,有,有,10000,100,,0.0,0,,RPXNMLTLJIHFFCC58CC,基隆市,3,21.61,不动产租赁
中正^,房地(土地+建物),基隆市中正^新S街451~480,21.71,住,,,1011120,土地1建物1位0,十,17,住宅大(11雍以上有梯),住家用,筋混凝土造,0861121,113.03,3,2,2,有,有,有,11000,97,,0.0,0,,RPSNMLMKKIHFFBC37DC,基隆市,3,21.61,不动产租赁
暖暖^,建物,基隆市暖暖^八堵路20巷31~60,0.0,住,,,1011126,土地0建物1位0,五,5,公寓(5呛以下o梯),住家用,筋混凝土造,0901004,135.56,4,2,2,有,有,有,10000,74,,0.0,0,,RPXNMLNKKIHFFCC97CC,基隆市,3,21.61,不动产租赁
暖暖^,建物,基隆市暖暖^暖暖街530巷91~120,0.0,住,,,1011207,土地0建物1位0,五,5,AB(10雍以下有梯),住家用,筋混凝土造,0841021,60.66,3,1,1,有,有,有,9000,148,,0.0,0,,RPOOMLNKKIHFFCC17CC,基隆市,3,21.61,不动产租赁
安^,建物,基隆市安^安仿范段91~120,0.0,商,,,1011101,土地0建物1位0,七,8,AB(10雍以下有梯),住家用,筋混凝土造,0690501,111.98,4,2,2,有,有,o,8300,74,,0.0,0,,RPTNMLOKKIHFFCC67CC,基隆市,3,21.61,不动产租赁
安^,房地(土地+建物),基隆市安^中和路168巷15弄1~30,25.02,住,,,1011126,土地1建物1位0,三,5,公寓(5呛以下o梯),住家用,筋混凝土造,0840117,97.97,3,2,1,有,o,o,6000,61,,0.0,0,,RPUNMLRKKIHFFCC18DC,基隆市,3,21.61,不动产租赁
暖暖^,房地(土地+建物),基隆市暖暖^源h路249巷181~210,14.24,住,,,1011112,土地1建物1位0,五,5,公寓(5呛以下o梯),住家用,筋混凝土造,0840703,69.07,2,2,2,有,有,有,8000,116,,0.0,0,,RPVOMLTKKIHFFCC58DC,基隆市,3,21.61,不动产租赁
暖暖^,房地(土地+建物),基隆市暖暖^碇冉271~300,23.93,住,,,1011215,土地1建物1位0,三,6,AB(10雍以下有梯),住家用,筋混凝土造,0840517,104.84,3,2,2,有,有,有,8000,76,,0.0,0,,RPWOMLTKKIHFFCC58CC,基隆市,3,21.61,不动产租赁
安^,建物,基隆市安^防三街8巷31~60,0.0,住,,,1011111,土地0建物1位0,七,17,住宅大(11雍以上有梯),住家用,筋混凝土造,0840504,108.47,2,2,1,有,有,o,8000,74,,0.0,0,,RPWOMLLLKIHFFCC87CC,基隆市,3,21.61,不动产租赁
暖暖^,房地(土地+建物),基隆市暖暖^源h路152巷31~60,17.8,住,,,1011101,土地1建物1位0,六,7,AB(10雍以下有梯),住家用,筋混凝土造,0820927,97.86,3,2,1,有,o,有,6500,66,,0.0,0,,RPOPMLLLKIHFFCC17CC,基隆市,3,21.61,不动产租赁
安^,房地(土地+建物),基隆市安^防三街31~60,3.47,住,,,1011030,土地1建物1位0,十,20,住宅大(11雍以上有梯),住家用,筋混凝土造,0860117,28.52,0,0,0,o,有,有,5000,175,,0.0,0,,RPXNMLLLKIHFFCC97DC,基隆市,3,21.61,不动产租赁
仁^,建物,基隆市仁^廴路61~90,0.0,商,,,1011030,土地0建物1位0,四,5,AB(10雍以下有梯),商I用,筋混凝土造,0870303,182.81,0,0,0,o,o,o,60000,328,,0.0,0,,RPSNMLLLKIHFFBC27CC,基隆市,3,21.61,不动产租赁
仁^,房地(土地+建物),基隆市仁^忠三路31~60,61.0,商,,,1011101,土地1建物1位0,一,4,店面(店),商I用,加u造,,26.93,0,1,1,有,o,o,27500,1021,,0.0,0,,RPVNMLMLKIHFFBC67CC,基隆市,3,21.61,不动产租赁
仁^,房地(土地+建物),基隆市仁^南s路1~30,260.0,商,,,1011220,土地2建物2位0,三,5,店面(店),其他登事,筋混凝土造,1000919,566.58,0,0,2,有,o,o,130000,229,,0.0,0,共租三,RPSQMLSLKIHFFBC38DC,基隆市,3,21.61,不动产租赁
仁^,房地(土地+建物),基隆市仁^仁一路1~30,21.1,商,,,1011129,土地1建物2位0,一,31,店面(店),其他登事,骨筋混凝土造,0970204,192.03,0,0,0,有,o,o,60000,312,,0.0,0,租U哟橐蛹A,RPXQMLSLKIHFFBC88DC,基隆市,3,21.61,不动产租赁
安^,建物,基隆市安^武X街271~300,0.0,住,,,1011208,土地0建物1位0,六,7,AB(10雍以下有梯),住家用,筋混凝土造,0850216,67.84,2,2,1,有,o,o,7000,103,,0.0,0,,RPWOMLSLKIHFFCC58CC,基隆市,3,21.61,不动产租赁
安^,房地(土地+建物),基隆市安^基金一路112巷110弄1~30,30.32,住,,,1011224,土地1建物1位0,五,7,AB(10雍以下有梯),住家用,筋混凝土造,0851107,142.97,3,2,1,有,有,有,8000,56,,0.0,0,租金含管理M,RPPNMLLMKIHFFCC17CC,基隆市,3,21.61,不动产租赁
七堵^,建物,基隆市七堵^工|街1~30,18.24,住,,,1011229,土地0建物1位0,四,14,住宅大(11雍以上有梯),住家用,筋混凝土造,0841227,96.73,3,2,1,有,有,o,8500,88,,0.0,0,,RPVNMLMJJHIFFCC47CC,基隆市,3,21.61,不动产租赁
中山^,土地,德安段1201~1230地,30.66,住,,,1011231,土地1建物0位0,,,其他,,,,0.0,0,0,0,有,o,o,22000,718,,0.0,0,F皮屋,RPRNMLNJJHIFFCC17CC,基隆市,3,21.61,不动产租赁
暖暖^,房地(土地+建物),基隆市暖暖^源h路249巷181~210,21.59,住,,,1020102,土地1建物1位0,十,12,住宅大(11雍以上有梯),住家用,筋混凝土造,0860125,101.09,4,3,2,有,有,o,9500,94,,0.0,0,含管理M、金或水等M用。,RPPOMLRJJHIFFCC47CC,基隆市,3,21.61,不动产租赁
安^,房地(土地+建物),基隆市安^中和路85巷1~30,22.86,商,,,1020105,土地1建物1位0,八,11,住宅大(11雍以上有梯),住家用,筋混凝土造,0860508,109.16,3,2,2,有,有,o,8000,73,,0.0,0,,RPTNMLPKJHIFFCC77DC,基隆市,3,21.61,不动产租赁
信x^,房地(土地+建物),基隆市信x^信一路121~150,29.49,商,,,1011127,土地1建物1位0,八,12,k公商I大,住家用,筋混凝土造,0830523,164.18,0,0,0,o,有,o,34000,207,,0.0,0,,RPPNMLRKJHIFFBC47DC,基隆市,3,21.61,不动产租赁
七堵^,建物,基隆市七堵^工建北路1~30,0.0,工,,,1020114,土地0建物1位0,一,4,Sk,其他登事,筋混凝土造,1001019,1089.85,0,0,1,o,有,o,147000,135,,0.0,0,,RPSNMLLLJHIFFCC27CC,基隆市,3,21.61,不动产租赁
七堵^,建物,基隆市七堵^工建路1~30,0.0,工,,,1020108,土地0建物1位0,三,4,Sk,其他登事,筋混凝土造,1001019,1566.9,0,0,1,有,o,有,207900,133,,0.0,0,,RPXNMLOLJHIFFCC08CC,基隆市,3,21.61,不动产租赁
七堵^,位,基隆市七堵^永富路181~210,0.0,住,,,1020103,土地0建物0位1,,,其他,,,,34.99,0,0,0,有,有,o,2500,,坡道C械,34.99,2500,,RPOOMLOLJHIFFCC37DC,基隆市,3,21.61,不动产租赁
安^,房地(土地+建物),基隆市安^中和路168巷9弄31~60,21.49,住,,,1020106,土地1建物1位0,四,5,公寓(5呛以下o梯),住家用,筋混凝土造,0840117,82.79,3,2,1,有,o,o,7000,85,,0.0,0,,RPOOMLTLJHIFFCC87DC,基隆市,3,21.61,不动产租赁
安^,建物,基隆市安^基金一路379巷1~30,672.66,工,,,1020121,土地0建物1位0,二,2,工S,列管S房,筋混凝土造,0770621,256.0,1,1,2,有,o,o,45000,,,0.0,0,"本建物共二,本次租U二,一且蚜碜馑人,建物T牌一,二羌s10坪橐浅凶馊耸褂",RPVNMLLMJHIFFCC77DC,基隆市,3,21.61,不动产租赁
暖暖^,房地(土地+建物),基隆市暖暖^暖暖街511~540,37.15,住,,,1020116,土地2建物1位0,一,4,公寓(5呛以下o梯),商I用,筋混凝土造,0690616,97.8,0,0,1,o,o,o,15000,153,,0.0,0,,RPQOMLOJKHIFFCC37CC,基隆市,3,21.61,不动产租赁
暖暖^,建物,基隆市暖暖^源h路277巷31~60,0.0,住,,,1020201,土地0建物1位0,一,9,店面(店),其他登事,筋混凝土造,0990420,120.72,1,1,1,有,有,o,12000,99,,0.0,0,租金群大枪芾碣M2887元/每月,RPOOMLQJKHIFFCC37CC,基隆市,3,21.61,不动产租赁
安^,房地(土地+建物),基隆市安^金路391~420,23.54,住,,,1020117,土地1建物1位0,二,5,公寓(5呛以下o梯),民住宅,筋混凝土造,0670809,48.64,3,1,1,有,o,o,6000,123,,0.0,0,,RPUOMLSJKHIFFCC18CC,基隆市,3,21.61,不动产租赁
仁^,建物,基隆市仁^南s路31~60,0.0,,,,1020127,土地0建物1位0,一,6,店面(店),商I用,筋混凝土造,0701229,30.94,0,0,0,o,o,o,12000,388,,0.0,0,,RPPNMLKLKHIFFBC96DC,基隆市,3,21.61,不动产租赁
安^,房地(土地+建物),基隆市安^防二街62巷271~300,17.77,住,,,1020204,土地2建物1位0,六,13,住宅大(11雍以上有梯),住家用,筋混凝土造,0881231,91.14,3,2,1,有,有,有,10500,115,,0.0,0,,RPXNMLLLKHIFFCC97DC,基隆市,3,21.61,不动产租赁
安^,房地(土地+建物),基隆市安^基金一路208巷91~120,122.88,住,,,1020220,土地1建物1位0,一,4,店面(店),其他登事,筋混凝土造,0970213,72.31,0,0,0,o,有,o,20000,277,,0.0,0,,RPQNMLRJLHIFFCC77DC,基隆市,3,21.61,不动产租赁
暖暖^,房地(土地+建物),基隆市暖暖^源h路297巷61~90,16.78,住,,,1020305,土地1建物1位0,五,5,公寓(5呛以下o梯),住家用,筋混凝土造,0840914,62.84,2,2,1,有,有,o,5500,88,,0.0,0,含管理M、金或水等M用。,RPWNMLRJLHIFFCC28CC,基隆市,3,21.61,不动产租赁
安^,建物,基隆市安^防二街62巷271~300,0.0,住,,,1020306,土地0建物1位0,三,12,住宅大(11雍以上有梯),住家用,筋混凝土造,0881231,88.09,2,2,1,有,有,o,8500,96,,0.0,0,,RPROMLTKLHIFFCC28DC,基隆市,3,21.61,不动产租赁
七堵^,房地(土地+建物),基隆市七堵^百三街91~120,41.6,其他,,,1020301,土地1建物1位0,一,5,公寓(5呛以下o梯),住家用,筋混凝土造,0850514,115.58,3,2,1,有,o,o,48000,415,,0.0,0,,RPSNMLMLLHIFFCC57CC,基隆市,3,21.61,不动产租赁
七堵^,建物,基隆市七堵^永富路181~210,0.0,住,,,1020320,土地0建物1位0,一,7,店面(店),住家用,筋混凝土造,0941223,99.97,0,0,0,o,有,o,20000,200,,0.0,0,位屋主自行使用,RPQNMLLJMHIFFCC27DC,基隆市,3,21.61,不动产租赁
仁^,建物,基隆市仁^南s路1~30,0.0,商,,,1020501,土地0建物2位0,一,6,店面(店),其他登事,筋混凝土造,0701130,293.55,0,0,0,o,o,o,100000,341,,0.0,0,,RPRNMLLJMHIFFBC27DC,基隆市,3,21.61,不动产租赁
安^,房地(土地+建物),基隆市安^基金三路61~90,0.0,住,,,1020404,土地0建物3位0,全,4,透天厝,其他登事,筋混凝土造,0870720,552.36,9,3,16,有,o,有,90000,163,,0.0,0,1.租U代U由乙方U{2.健保M代U由乙方U{3.以上身M用均由租金中扣除,RPUNMLTJMHIFFCC48DC,基隆市,3,21.61,不动产租赁
安^,房地(土地+建物),基隆市安^基金一路129巷1~30,0.0,其他,,,1020401,土地0建物2位0,一,7,AB(10雍以下有梯),商I用,筋混凝土造,0841208,383.62,1,3,2,有,o,o,50000,130,,0.0,0,,RPXNMLTJMHIFFCC78DC,基隆市,3,21.61,不动产租赁
暖暖^,建物,基隆市暖暖^暖暖街91~120,0.0,其他,,,1020324,土地0建物1位0,一,5,公寓(5呛以下o梯),其他登事,筋混凝土造,0810604,71.78,0,0,0,o,o,o,15000,209,,0.0,0,出租此建物1/2(右半g),RPQOMLTJMHIFFCC08CC,基隆市,3,21.61,不动产租赁
中山^,房地(土地+建物),基隆市中山^团d路271~300,29.45,住,,,1020321,土地2建物1位0,一,4,公寓(5呛以下o梯),住家用,筋混凝土造,0690910,78.3,0,0,2,有,o,o,20000,255,,0.0,0,,RPUOMLKKMHIFFCC67CC,基隆市,3,21.61,不动产租赁
仁^,房地(土地+建物),基隆市仁^南s路1~30,52.0,商,,,1020403,土地2建物1位0,五,5,AB(10雍以下有梯),住家用,筋混凝土造,1000919,189.3,0,0,0,o,o,有,25000,132,,0.0,0,,RPTNMLPKMHIFFBC97DC,基隆市,3,21.61,不动产租赁
中正^,房地(土地+建物)+位,基隆市中正^^海街151~180,22.66,住,,,1020326,土地1建物1位1,二,15,住宅大(11雍以上有梯),住家用,筋混凝土造,0880114,112.6,3,2,2,有,有,o,9000,105,坡道平面,41.38,1500,"1.房屋月租9000元,群管理M852元,由出租方U{.2.停位月租1500元,群200元清M.由出租方U{.",RPQNMLPKMHIFFBC57CC,基隆市,3,21.61,不动产租赁
暖暖^,房地(土地+建物)+位,基隆市暖暖^|碇路301~330,16.59,住,,,1020318,土地1建物1位1,七,9,AB(10雍以下有梯),住家用,筋混凝土造,0860623,114.34,3,1,2,有,有,有,10000,91,升降C械,26.63,0,,RPTNMLQKMHIFFCC18DC,基隆市,3,21.61,不动产租赁
七堵^,房地(土地+建物),基隆市七堵^`路151~180,9.37,住,,,1020401,土地1建物1位0,三,7,套房(1房1d1l),住家用,筋混凝土造,0850705,34.66,1,0,1,有,有,o,5500,159,,0.0,0,1.o管委，由住糇孕泄芾2.立T牌之套房o客d3.租金包含管理M,RPUNMLTLMHIFFCC58CC,基隆市,3,21.61,不动产租赁
安^,房地(土地+建物),基隆市安^中和路168巷8弄1~30,22.24,住,,,1020419,土地1建物1位0,二,5,公寓(5呛以下o梯),住家用,筋混凝土造,0840117,92.17,3,2,2,有,o,o,8000,87,,0.0,0,,RPOUNLKMMHIFFCC08DC,基隆市,3,21.61,不动产租赁
安^,房地(土地+建物),基隆市安^基金三路61~90,244.5,住,,,1020415,土地1建物2位0,全,4,透天厝,其他登事,筋混凝土造,0880406,359.38,0,0,0,o,o,o,90000,250,,0.0,0,租U哟1至4,RPQNMLPJNHIFFCC77DC,基隆市,3,21.61,不动产租赁
暖暖^,房地(土地+建物),基隆市暖暖^源h路151~180,17.01,住,,,1020504,土地1建物1位0,三,16,住宅大(11雍以上有梯),住家用,筋混凝土造,0850309,93.36,3,2,1,有,有,o,7500,80,,0.0,0,,RPVNMLQJNHIFFCC38DC,基隆市,3,21.61,不动产租赁
七堵^,建物,基隆市七堵^明德一路1~30,0.0,商,,,1020503,土地0建物1位0,三,12,住宅大(11雍以上有梯),住家用,筋混凝土造,0840908,116.26,3,2,2,有,有,o,12000,103,,0.0,0,,RPXNMLTJNHIFFCC88DC,基隆市,3,21.61,不动产租赁
七堵^,房地(土地+建物),基隆市七堵^工建路1~30,6389.0,工,,,1020502,土地1建物1位0,二,2,Sk,工I用,筋混凝土造,0760429,2783.47,0,0,2,有,有,o,357000,128,,0.0,0,,RPSOMLPKNHIFFCC08CC,基隆市,3,21.61,不动产租赁
七堵^,房地(土地+建物),基隆市七堵^工建路1~30,6389.0,工,,,1020508,土地1建物1位0,一,2,Sk,工I用,筋混凝土造,0760429,2541.48,0,0,2,有,有,o,370000,146,,0.0,0,,RPTOMLPKNHIFFCC18CC,基隆市,3,21.61,不动产租赁
安^,房地(土地+建物),基隆市安^金路391~420,31.5,住,,,1020412,土地1建物1位0,一,5,公寓(5呛以下o梯),民住宅,筋混凝土造,0670809,61.41,3,2,2,有,o,o,9000,147,,0.0,0,,RPRNMLKLNHIFFCC47CC,基隆市,3,21.61,不动产租赁
安^,房地(土地+建物),基隆市安^防二街62巷61~90,64.81,住,,,1020515,土地1建物1位0,一,7,AB(10雍以下有梯),住家用,筋混凝土造,0841002,148.96,3,2,2,有,有,o,11000,74,,0.0,0,,RPOOMLMLNHIFFCC57DC,基隆市,3,21.61,不动产租赁
仁^,房地(土地+建物),基隆市仁^忠二路1~30,79.8,商,,,1020501,土地2建物1位0,二,5,公寓(5呛以下o梯),,,,365.88,0,0,3,有,o,o,35000,96,,0.0,0,,RPPNMLQLNHIFFBC87DC,基隆市,3,21.61,不动产租赁
暖暖^,房地(土地+建物),基隆市暖暖^源h路151~180,11.15,住,,,1020501,土地1建物1位0,十一,17,住宅大(11雍以上有梯),住家用,筋混凝土造,0850309,70.44,3,2,2,有,有,o,10000,142,,0.0,0,,RPUNMLSLNHIFFCC68DC,基隆市,3,21.61,不动产租赁
安^,房地(土地+建物),基隆市安^金路421巷31~60,28.26,住,,,1020510,土地1建物1位0,五,5,公寓(5呛以下o梯),民住宅,筋混凝土造,0670809,61.41,3,1,1,有,o,o,4500,73,,0.0,0,,RPTNMLKMNHIFFCC77CC,基隆市,3,21.61,不动产租赁
暖暖^,房地(土地+建物),基隆市暖暖^源h路151~180,20.53,住,,,1020531,土地1建物1位0,八,16,住宅大(11雍以上有梯),住家用,筋混凝土造,0850309,104.19,3,2,2,有,有,o,9000,86,,0.0,0,售r包含b潢或家。;含管理M、金或水等M用。租U不含位,RPSOMLLMNHIFFCC87CC,基隆市,3,21.61,不动产租赁
安^,建物,基隆市安^基金一路91~120,0.0,住,,,1020603,土地0建物1位0,七,7,AB(10雍以下有梯),住家用,筋混凝土造,0840127,122.61,3,2,2,有,有,o,8000,65,,0.0,0,,RPPNMLTJOHIFFCC18DC,基隆市,3,21.61,不动产租赁
信x^,房地(土地+建物),基隆市信x^|信路61~90,51.92,住,,,1020520,土地1建物1位0,一,5,公寓(5呛以下o梯),商I用,筋混凝土造,0690620,176.1,0,1,1,有,o,o,16000,91,,0.0,0,,RPQNMLOKOHIFFBC67CC,基隆市,3,21.61,不动产租赁
中正^,房地(土地+建物),基隆市中正^^海街181~210,16.76,住,,,1020527,土地2建物1位0,十六,16,住宅大(11雍以上有梯),住家用,筋混凝土造,0880114,89.93,2,2,2,有,有,有,8000,89,,0.0,0,"每月租金新台虐魄г(群680元管理M,由出租方U{)",RPRNMLOKOHIFFBC77CC,基隆市,3,21.61,不动产租赁
仁^,建物,基隆市仁^孝一路61~90,0.0,,,,1020516,土地0建物1位0,二,4,公寓(5呛以下o梯),商I用,筋混凝土造,0671124,100.66,0,0,0,o,o,o,7000,70,,0.0,0,,RPRNMLPKOHIFFBC87CC,基隆市,3,21.61,不动产租赁
中正^,建物,基隆市中正^信三路12巷1~30,0.0,,,,1020524,土地0建物1位0,三,4,公寓(5呛以下o梯),住家用,筋混凝土造,0740216,116.72,2,1,1,有,o,o,5000,43,,0.0,0,,RPSNMLSKOHIFFBC28CC,基隆市,3,21.61,不动产租赁
七堵^,建物,基隆市七堵^明德二路1巷91~120,0.0,住,,,1020615,土地0建物1位0,二,5,公寓(5呛以下o梯),住家用,筋混凝土造,0740729,92.34,3,2,2,有,o,有,8000,87,,0.0,0,,RPTOMLSKOHIFFCC68DC,基隆市,3,21.61,不动产租赁
暖暖^,建物,基隆市暖暖^|碇路511~540,0.0,住,,,1020521,土地0建物1位0,五,9,AB(10雍以下有梯),住家用,筋混凝土造,0861117,57.17999999999999,1,1,1,有,有,有,7000,122,,0.0,0,,RPTNMLSKOHIFFCC48CC,基隆市,3,21.61,不动产租赁
暖暖^,建物,基隆市暖暖^暖暖街1~30,0.0,住,,,1020525,土地0建物1位0,二,4,公寓(5呛以下o梯),住家用,筋混凝土造,0821119,124.67999999999999,3,2,2,有,o,o,7000,56,,0.0,0,,RPWNMLSKOHIFFCC78CC,基隆市,3,21.61,不动产租赁
安^,房地(土地+建物)+位,基隆市安^中和路85巷1~30,17.15,住,,,1020610,土地1建物1位1,三,11,住宅大(11雍以上有梯),住家用,筋混凝土造,0860508,84.76,3,2,2,有,有,有,8000,94,升降C械,0.0,0,,RPOOMLPLOHIFFCC87CC,基隆市,3,21.61,不动产租赁
七堵^,建物,基隆市七堵^明德一路151~180,0.0,商,,,1020620,土地0建物1位0,二,3,公寓(5呛以下o梯),住家用,加u造,,147.0,0,0,3,o,o,o,20000,136,,0.0,0,租2~3恰,RPTOMLPLOHIFFCC38CC,基隆市,3,21.61,不动产租赁
仁^,建物,基隆市仁^{球路1~30,5.0,住,,,1020701,土地0建物1位0,全,2,透天厝,住商用,加u造,0480401,31.62,1,0,1,有,o,o,7000,221,,0.0,0,,RPSNMLQLOHIFFBC18CC,基隆市,3,21.61,不动产租赁
中正^,房地(土地+建物),基隆市中正^^海街151~180,14.2,住,,,1020609,土地1建物1位0,十一,16,住宅大(11雍以上有梯),住家用,筋混凝土造,0880114,71.38,2,1,2,有,有,有,8000,112,,0.0,0,"每月租金8000元,群管理M540元由出租方U{.",RPTNMLKMOHIFFBC77CC,基隆市,3,21.61,不动产租赁
暖暖^,房地(土地+建物),基隆市暖暖^暖暖街241~270,446.0,住,,,1020625,土地2建物1位0,一,3,工S,住商用,筋混凝土造,0761230,244.06,0,0,0,o,o,o,60000,,,0.0,0,有民情L俗因素之交易。;含增建或未登建物。,RPQNMLKMOHIFFCC57CC,基隆市,3,21.61,不动产租赁
七堵^,房地(土地+建物),基隆市七堵^堵南街31~60,2331.57,工,,,1020626,土地1建物1位0,六,6,Sk,其他登事,筋混凝土造,0950412,8126.9800000000005,0,0,0,o,o,o,900000,111,,0.0,0,本次租U整,RPUPMLTJPHIFFCC88CC,基隆市,3,21.61,不动产租赁
七堵^,建物,基隆市七堵^工建南路1~30,0.0,工,,,1020709,土地0建物1位0,一,1,Sk,工I用,骨筋混凝土造,0720823,759.9,0,0,0,o,o,o,55000,72,,0.0,0,,RPSNMLSKPHIFFCC48CC,基隆市,3,21.61,不动产租赁
中正^,房地(土地+建物),基隆市中正^新S街331~360,13.57,住,,,1020714,土地1建物1位0,二,15,住宅大(11雍以上有梯),住家用,筋混凝土造,0850309,81.06,2,2,1,有,有,有,8500,105,,0.0,0,,RPWNMLSKPHIFFBC78CC,基隆市,3,21.61,不动产租赁
安^,房地(土地+建物),基隆市安^新西街31~60,23.75,住,,,1020711,土地1建物1位0,二,4,公寓(5呛以下o梯),住家用,筋混凝土加u造,0610122,72.45,2,1,1,有,o,有,6500,90,,0.0,0,,RPVPMLLMPHIFFCC48CC,基隆市,3,21.61,不动产租赁
仁^,建物,基隆市仁^南s路31~60,0.0,商,,,1020726,土地0建物1位0,一,6,店面(店),商I用,筋混凝土造,0701229,30.94,0,0,0,o,o,o,14000,452,,0.0,0,,RPPOMLQJQHIFFBC08DC,基隆市,3,21.61,不动产租赁
安^,房地(土地+建物),基隆市安^金路391~420,31.5,住,,,1020810,土地1建物1位0,一,5,公寓(5呛以下o梯),民住宅,筋混凝土造,0670809,61.41,3,2,1,有,o,o,8500,138,,0.0,0,,RPVNMLNKQHIFFCC38CC,基隆市,3,21.61,不动产租赁
中正^,房地(土地+建物),基隆市中正^新S街333巷1~30,26.77,住,,,1020723,土地1建物1位0,四,9,AB(10雍以下有梯),住家用,筋混凝土造,0840821,112.75,3,2,2,有,有,有,8500,75,,0.0,0,"每月租金新台8500元整,群管理M853元由出租方U{，收每月7647元。",RPRNMLNKQHIFFBC87CC,基隆市,3,21.61,不动产租赁
暖暖^,房地(土地+建物),基隆市暖暖^暖暖街241~270,28.06,住,,,1020819,土地1建物1位0,一,5,公寓(5呛以下o梯),商I用,筋混凝土造,0701102,99.85,0,0,0,o,o,o,18000,180,,0.0,0,,RPUNMLQLQHIFFCC68CC,基隆市,3,21.61,不动产租赁
七堵^,房地(土地+建物),基隆市七堵^福一街51巷31~60,32.55,住,,,1020801,土地1建物1位0,三,5,公寓(5呛以下o梯),住家用,筋混凝土造,0710911,114.67,3,2,2,有,o,o,8500,74,,0.0,0,,RPVOMLQLQHIFFCC88CC,基隆市,3,21.61,不动产租赁
仁^,房地(土地+建物),基隆市仁^曲水街21巷1~30,74.0,住,,,1020815,土地1建物1位0,全,2,透天厝,住家用,加u造,0571218,80.04,3,1,1,有,o,o,9000,112,,0.0,0,,RPQOMLQLQHIFFBC38DC,基隆市,3,21.61,不动产租赁
七堵^,土地,五堵段下坡小段61~90地,1362.0,r,,,1020820,土地4建物0位0,,,其他,,,,0.0,0,0,0,有,o,o,75000,55,,0.0,0,,RPXNMLSLQHIFFCC56CC,基隆市,3,21.61,不动产租赁
信x^,建物,基隆市信x^x六路34巷1~30,0.0,住,,,1020807,土地0建物1位0,二,4,公寓(5呛以下o梯),,加u造,,83.13,2,2,1,有,o,有,5500,66,,0.0,0,,RPXNMLKMQHIFFBC38CC,基隆市,3,21.61,不动产租赁
信x^,建物,基隆市信x^培德路1~30,0.0,住,,,1020805,土地0建物1位0,一,7,AB(10雍以下有梯),住商用,筋混凝土造,0800502,137.48,4,2,2,有,有,有,10500,76,,0.0,0,,RPXOMLMJRHIFFBC48CC,基隆市,3,21.61,不动产租赁
安^,建物,基隆市安^基金一路208巷151~180,0.0,住,,,1020903,土地0建物1位0,二,5,公寓(5呛以下o梯),住家用,筋混凝土造,0831015,94.76,2,2,1,有,o,有,7000,74,,0.0,0,,RPSNMLQJRHIFFCC38CC,基隆市,3,21.61,不动产租赁
暖暖^,建物,基隆市暖暖^暖暖街530巷91~120,0.0,住,,,1020824,土地0建物1位0,五,5,AB(10雍以下有梯),住家用,筋混凝土造,0841021,60.660000000000004,3,1,1,有,有,o,9000,148,,0.0,0,群管理M＄500,RPPNMLRJRHIFFCC18CC,基隆市,3,21.61,不动产租赁
仁^,建物,基隆市仁^{球路1~30,0.0,住,,,1020905,土地0建物1位0,一,5,公寓(5呛以下o梯),商I用,筋混凝土造,0751114,28.37,3,2,1,有,o,o,8000,282,,0.0,0,承租A,RPXNMLOKRHIFFBC68CC,基隆市,3,21.61,不动产租赁
仁^,建物,基隆市仁^垡宦1~30,0.0,商,,,1020905,土地0建物1位0,三,12,k公商I大,其他登事,筋混凝土造,0870529,258.78,0,0,0,o,有,o,45000,174,,0.0,0,,RPSOMLNLRHIFFBC28CC,基隆市,3,21.61,不动产租赁
安^,建物,基隆市安^基金一路135巷21弄61~90,0.0,住,,,1020922,土地0建物1位0,四,7,AB(10雍以下有梯),住家用,筋混凝土造,0820902,115.22,3,2,2,有,o,有,10000,87,,0.0,0,,RPROMLNLRHIFFCC38DC,基隆市,3,21.61,不动产租赁
安^,建物,基隆市安^防三街1~30,16.4,住,,,1020922,土地0建物1位0,十五,17,住宅大(11雍以上有梯),住家用,筋混凝土造,0840504,153.26999999999998,3,2,2,有,有,o,13500,88,,0.0,0,,RPUNMLPLRHIFFCC68CC,基隆市,3,21.61,不动产租赁
暖暖^,建物,基隆市暖暖^暖暖街530巷1~30,0.0,住,,,1020910,土地0建物1位0,一,4,店面(店),商I用,筋混凝土造,0690616,109.29,0,0,0,o,o,有,14000,128,,0.0,0,,RPWNMLRJIIIFFCC08CC,基隆市,3,21.61,不动产租赁
安^,房地(土地+建物),基隆市中山^中和路168巷5弄1~30,25.93,其他,,,1021001,土地1建物1位0,一,5,公寓(5呛以下o梯),商I用,筋混凝土造,0860401,106.97,0,0,1,有,o,o,12500,117,,0.0,0,,RPXNMLRJIIIFFCC28DC,基隆市,3,21.61,不动产租赁
中正^,建物,基隆市中正^祥S街181~210,0.0,住,,,1020910,土地0建物1位0,三,4,公寓(5呛以下o梯),住家用,筋混凝土加u造,0611122,60.47,2,1,1,有,o,o,8000,132,,0.0,0,,RPPTMLRJIIIFFBC97DC,基隆市,3,21.61,不动产租赁
中山^,房地(土地+建物),基隆市中山^西定路132巷1~30,29.66,住,,,1020915,土地1建物1位0,一,5,公寓(5呛以下o梯),住家用,筋混凝土造,0870514,120.37,3,2,2,有,o,o,9000,75,,0.0,0,,RPUNMLSJIIIFFCC97CC,基隆市,3,21.61,不动产租赁
暖暖^,房地(土地+建物),基隆市暖暖^碇冉91~120,20.22,住,,,1021013,土地1建物1位0,十一,14,住宅大(11雍以上有梯),住家用,筋混凝土造,0840105,103.73,2,2,1,有,有,o,10000,96,,0.0,0,,RPXOMLNLIIIFFCC18DC,基隆市,3,21.61,不动产租赁
中山^,建物,基隆市中山^安一路61~90,0.0,商,,,1021016,土地0建物1位0,一,4,店面(店),住商用,筋混凝土加u造,0641007,31.37,0,0,1,有,o,o,31000,988,,0.0,0,,RPSOMLNLIIIFFCC77EC,基隆市,3,21.61,不动产租赁
暖暖^,建物,基隆市暖暖^|萁26巷1~30,36.56,住,,,1021015,土地0建物1位0,二,4,公寓(5呛以下o梯),住家用,筋混凝土造,0701106,87.53,4,1,1,有,o,o,7000,80,,0.0,0,,RPVNMLPLIIIFFCC97CC,基隆市,3,21.61,不动产租赁
暖暖^,建物,基隆市暖暖^暖暖街181~210,19.0,住,,,1021029,土地0建物1位0,一,5,店面(店),商I用,筋混凝土造,0820518,53.92,0,0,0,o,o,o,25000,464,,0.0,0,,RPPPMLOJJIIFFCC37CC,基隆市,3,21.61,不动产租赁
仁^,建物,基隆市仁^孝三路1~30,61.0,商,,,1021101,土地0建物1位0,一,6,店面(店),住商用,筋混凝土加u造,0660625,38.46,0,0,0,o,o,o,17000,442,,0.0,0,,RPROMLOJJIIFFBC37CC,基隆市,3,21.61,不动产租赁
信x^,房地(土地+建物),基隆市信x^花源五街1~30,49.64,住,,,1021029,土地1建物1位0,二,9,AB(10雍以下有梯),住家用,筋混凝土造,0840401,244.82,3,2,2,有,有,有,12000,49,,0.0,0,租金群管理M,RPTNMLTKJIIFFBC08CC,基隆市,3,21.61,不动产租赁
安^,建物,基隆市安^武X街61~90,0.0,住,,,1021101,土地0建物1位0,七,7,AB(10雍以下有梯),住家用,筋混凝土造,0850830,127.16,3,2,2,有,o,有,10000,79,,0.0,0,,RPSOMLKLJIIFFCC47DC,基隆市,3,21.61,不动产租赁
七堵^,建物,基隆市七堵^L安街241~270,34.39,,l村^,乙N建B用地,1021023,土地0建物1位0,一,4,公寓(5呛以下o梯),住家用,筋混凝土造,0851202,89.01,3,2,2,有,o,有,11000,124,,0.0,0,附冷2台，洗衣C1台,RPRNMLLLJIIFFCC47EC,基隆市,3,21.61,不动产租赁
仁^,建物,基隆市仁^成功一路118巷9弄1~30,0.0,商,,,1021128,土地0建物1位0,四,5,公寓(5呛以下o梯),住家用,筋混凝土造,0690121,117.68,4,2,2,有,o,有,8000,68,,0.0,0,,RPXNMLMJKIIFFBC77CC,基隆市,3,21.61,不动产租赁
暖暖^,房地(土地+建物),基隆市暖暖^源h路151~180,15.84,住,,,1021122,土地1建物1位0,十,16,住宅大(11雍以上有梯),住家用,筋混凝土造,0850309,100.51,3,2,1,有,o,有,12000,119,,0.0,0,,RPQNMLSJKIIFFCC87DC,基隆市,3,21.61,不动产租赁
暖暖^,房地(土地+建物)+位,基隆市暖暖^源h路226巷1~30,17.2,住,,,1021208,土地1建物1位1,七,13,住宅大(11雍以上有梯),其他登事,筋混凝土造,1020329,90.67,2,1,1,有,有,有,14000,154,坡道C械,18.47,0,,RPVNMLQKKIIFFCC28DC,基隆市,3,21.61,不动产租赁
暖暖^,房地(土地+建物),基隆市暖暖^源h路292巷91~120,20.69,住,,,1021217,土地1建物1位0,一,9,AB(10雍以下有梯),商I用,筋混凝土造,0881207,97.78,0,0,0,o,有,o,12500,128,,0.0,0,含管理M、金或水等M用。,RPTPMLRKKIIFFCC28CC,基隆市,3,21.61,不动产租赁
暖暖^,房地(土地+建物),基隆市暖暖^基隆市暖暖^源h路249巷1~30,35.38,住,,,1021222,土地1建物1位0,一,4,公寓(5呛以下o梯),住家用,筋混凝土造,0690117,92.14,1,0,0,o,o,有,13000,141,,0.0,0,,RPOOMLNLKIIFFCC37CC,基隆市,3,21.61,不动产租赁
安^,建物,基隆市安^武X街211~240,0.0,其他,,,1021222,土地0建物1位0,七,7,AB(10雍以下有梯),住家用,筋混凝土造,0850406,163.16,3,2,2,有,o,有,10000,61,,0.0,0,,RPTNMLRLKIIFFCC28DC,基隆市,3,21.61,不动产租赁
七堵^,建物,基隆市七堵^堵南街121~150,0.0,住,,,1021205,土地0建物1位0,二,5,公寓(5呛以下o梯),住家用,筋混凝土造,0821022,76.86,3,2,1,有,o,有,7500,98,,0.0,0,,RPQNMLOJJHJFFCC27CC,基隆市,3,21.61,不动产租赁
暖暖^,建物,基隆市暖暖^暖暖街281巷91~120,0.0,住,,,1021227,土地0建物1位0,全,2,透天厝,其他登事,筋混凝土造,0781127,309.72,0,0,0,o,o,有,15000,48,,0.0,0,,RPRNMLOJJHJFFCC37CC,基隆市,3,21.61,不动产租赁
暖暖^,房地(土地+建物),基隆市暖暖^基隆市暖暖^|萁26巷1~30,36.56,住,,,1021218,土地1建物1位0,二,4,公寓(5呛以下o梯),住家用,筋混凝土造,0701106,87.53,4,1,1,有,o,o,7000,80,,0.0,0,,RPUNMLKKJHJFFCC37CC,基隆市,3,21.61,不动产租赁
仁^,房地(土地+建物),基隆市仁^南s路1~30,54.0,商,,,1021217,土地4建物1位0,三,5,AB(10雍以下有梯),住家用,筋混凝土造,1000919,189.3,0,0,1,有,o,o,28000,148,,0.0,0,,RPSOMLPKJHJFFBC77DC,基隆市,3,21.61,不动产租赁
中正^,房地(土地+建物),基隆市中正^^海街151~180,22.66,住,,,1030101,土地1建物1位0,十二,15,住宅大(11雍以上有梯),住家用,筋混凝土造,0880114,112.6,3,2,2,有,有,o,9000,80,,0.0,0,"月租金9,000元,群社^管理M由出租方U{。",RPVOMLRKJHJFFBC18CC,基隆市,3,21.61,不动产租赁
中正^,房地(土地+建物)+位,基隆市中正^^海街151~180,22.66,住,,,1030108,土地1建物1位1,九,15,住宅大(11雍以上有梯),住家用,筋混凝土造,0880114,146.48,3,2,2,有,有,有,11000,82,坡道平面,33.88,1800,出租方同意程租方另ず线m位r得解除位租U契s不r`s金，租金群社^管理M。,RPXOMLRKJHJFFBC38CC,基隆市,3,21.61,不动产租赁
安^,建物,基隆市安^基金一路135巷1~30,0.0,其他,,,1021225,土地0建物1位0,二,4,AB(10雍以下有梯),其他登事,筋混凝土造,0930505,642.06,0,0,1,有,o,o,90000,140,,0.0,0,,RPUOMLOLJHJFFCC97CC,基隆市,3,21.61,不动产租赁
七堵^,土地,台五段91~120地,1322.33,工,,,1030110,土地3建物0位0,,,其他,,,,0.0,0,0,0,有,o,有,40000,30,,0.0,0,有民情L俗因素之交易。;左1/2含增建或未登建物。,RPPOMLTLJHJFFCC97CC,基隆市,3,21.61,不动产租赁
七堵^,土地,台五段91~120地,1322.33,工,,,1030110,土地3建物0位0,,,其他,,,,0.0,0,0,0,有,o,o,40000,30,,0.0,0,有民情L俗因素之交易。;右1/2含增建或未登建物。,RPSOMLTLJHJFFCC28CC,基隆市,3,21.61,不动产租赁
信x^,房地(土地+建物),基隆市信x^|信路258巷31~60,24.72,住,,,1021230,土地2建物1位0,三,5,公寓(5呛以下o梯),住家用,筋混凝土加u造,0670224,84.03,3,2,1,有,o,o,5000,60,,0.0,0,,RPVNMLTLJHJFFBC48DC,基隆市,3,21.61,不动产租赁
仁^,房地(土地+建物),基隆市仁^南s路181~210,77.0,商,,,1030120,土地1建物1位0,一,1,店面(店),住家用,木造,0160101,55.09,0,1,2,有,o,有,25000,454,,0.0,0,,RPOOMLLKKHJFFBC07DC,基隆市,3,21.61,不动产租赁
中正^,建物,基隆市中正^中正路391~420,0.0,其他,,,1030123,土地0建物1位0,一,7,店面(店),商I用,筋混凝土造,0880803,196.63,0,0,1,有,o,o,30000,153,,0.0,0,,RPUNMLTKKHJFFBC28CC,基隆市,3,21.61,不动产租赁
暖暖^,建物,基隆市暖暖^源h路151~180,0.0,住,,,1030215,土地0建物1位0,九,16,住宅大(11雍以上有梯),住家用,筋混凝土造,0850309,148.43,3,2,2,有,有,o,8500,57,,0.0,0,,RPPNMLPLKHJFFCC67DC,基隆市,3,21.61,不动产租赁
安^,建物,基隆市安^防二街62巷271~300,0.0,住,,,1030201,土地0建物1位0,二,12,套房(1房1d1l),住家用,筋混凝土造,0881231,36.22,1,1,1,有,有,有,6800,188,,0.0,0,,RPSNMLRLKHJFFCC18DC,基隆市,3,21.61,不动产租赁
七堵^,房地(土地+建物),基隆市七堵^福二街121~150,35.48,住,,,1030221,土地1建物1位0,一,5,店面(店),商I用,筋混凝土造,0711206,121.59,1,0,1,有,o,o,20000,164,,0.0,0,,RPPOMLNJLHJFFCC47DC,基隆市,3,21.61,不动产租赁
安^,建物,基隆市安^基金一路331~360,0.0,住,,,1030225,土地0建物2位0,一,12,住宅大(11雍以上有梯),住家用,筋混凝土造,0821123,254.86,0,0,0,o,o,o,35000,137,,0.0,0,,RPTOMLPJLHJFFCC08DC,基隆市,3,21.61,不动产租赁
中山^,房地(土地+建物),基隆市中山^西定路361~390,23.98,住,,,1030302,土地1建物1位0,五,5,公寓(5呛以下o梯),住家用,筋混凝土造,0801009,87.5,2,1,1,有,o,有,9000,103,,0.0,0,,RPUNMLTKLHJFFCC58DC,基隆市,3,21.61,不动产租赁
七堵^,建物,基隆市七堵^百七街61~90,0.0,住,,,1030319,土地0建物1位0,一,16,住宅大(11雍以上有梯),商I用,筋混凝土造,0800823,190.02,0,0,0,o,有,o,16000,84,,0.0,0,,RPRNMLPLLHJFFCC87CC,基隆市,3,21.61,不动产租赁
仁^,房地(土地+建物),基隆市仁^仁一路211~240,55.0,商,,,1030310,土地2建物1位0,一,3,店面(店),住商用,加u造,0521101,47.21,0,0,0,o,o,o,15000,318,,0.0,0,,RPUNMLSLLHJFFBC48DC,基隆市,3,21.61,不动产租赁
中正^,房地(土地+建物),基隆市中正^北路361~390,9.81,商,,,1030305,土地1建物1位0,四,9,AB(10雍以下有梯),其他登事,筋混凝土造,0841006,96.25,3,2,2,有,o,有,9000,94,,0.0,0,,RPUWMLMJMHJFFBC68DC,基隆市,3,21.61,不动产租赁
七堵^,建物,基隆市七堵^明德三路91~120,0.0,其他,,,1030328,土地0建物1位0,一,1,},工I用,筋混凝土加u造,0670428,207.06,0,0,0,o,o,o,27000,,,0.0,0,,RPQOMLMJMHJFFCC47CC,基隆市,3,21.61,不动产租赁
安^,建物,基隆市安^防二街62巷301~330,0.0,住,,,1030319,土地0建物1位0,二,12,住宅大(11雍以上有梯),住家用,筋混凝土造,0881231,36.22,1,0,1,有,有,有,6000,166,,0.0,0,,RPTPMLRJMHJFFCC38CC,基隆市,3,21.61,不动产租赁
安^,建物,基隆市安^武X街271~300,0.0,住,,,1030407,土地0建物1位0,二,7,AB(10雍以下有梯),住家用,筋混凝土造,0850216,93.78,3,2,2,有,o,有,10000,107,,0.0,0,,RPQNMLLKMHJFFCC47DC,基隆市,3,21.61,不动产租赁
七堵^,土地,台五段361~390地,1405.0,工,,,1030409,土地1建物0位0,,,其他,,,,0.0,0,0,0,有,o,o,67150,48,,0.0,0,,RPUOMLOKMHJFFCC18CC,基隆市,3,21.61,不动产租赁
中正^,房地(土地+建物),基隆市中正^^海街181~210,6.07,住,,,1030318,土地2建物1位0,六,16,套房(1房1d1l),住家用,筋混凝土造,0880114,31.96,1,1,1,有,有,有,5500,172,,0.0,0,,RPWNMLRKMHJFFBC58DC,基隆市,3,21.61,不动产租赁
暖暖^,建物,基隆市暖暖^|萁26巷1~30,0.0,住,,,1030410,土地0建物1位0,三,4,公寓(5呛以下o梯),住家用,筋混凝土造,0701106,87.53,3,2,1,有,o,o,6000,69,,0.0,0,,RPUPMLLLMHJFFCC08CC,基隆市,3,21.61,不动产租赁
七堵^,房地(土地+建物),基隆市七堵^L安街31~60,175.31,住,,,1030408,土地2建物1位0,全,5,透天厝,其他登事,筋混凝土造,1000331,315.14,5,3,4,有,有,有,36000,114,,0.0,0,,RPTOMLNLMHJFFCC18DC,基隆市,3,21.61,不动产租赁
信x^,建物,基隆市信x^|信路181~210,0.0,商,,,1030416,土地0建物1位0,一,1,店面(店),住商用,加u造,0530301,55.44,0,1,1,有,o,o,17000,307,,0.0,0,,RPQNMLPLMHJFFBC87DC,基隆市,3,21.61,不动产租赁
仁^,建物,基隆市仁^孝三路1~30,0.0,商,,,1030425,土地0建物1位0,二,5,公寓(5呛以下o梯),商I用,筋混凝土造,0750723,140.43,0,0,0,o,o,o,33000,235,,0.0,0,,RPPNMLKMMHJFFBC37DC,基隆市,3,21.61,不动产租赁
安^,建物,基隆市安^防二街62巷271~300,0.0,住,,,1030427,土地0建物1位0,三,12,住宅大(11雍以上有梯),住家用,筋混凝土造,0881231,88.09,2,1,1,有,有,有,11000,125,,0.0,0,,RPSNMLRJNHJFFCC18CC,基隆市,3,21.61,不动产租赁
安^,房地(土地+建物),基隆市安^中和路168巷14弄31~60,42.89,住,,,1030426,土地1建物1位0,一,5,公寓(5呛以下o梯),住家用,筋混凝土造,0840117,165.01,3,2,1,有,o,有,10000,61,,0.0,0,,RPQNMLSJNHJFFCC18DC,基隆市,3,21.61,不动产租赁
七堵^,房地(土地+建物),基隆市七堵^工建西路1~30,555.37,工,,,1030418,土地1建物1位0,其他登事,2,Sk,工I用,筋混凝土造,0760615,2517.92,0,0,0,o,o,o,200000,79,,0.0,0,,RPVOMLOKNHJFFCC38CC,基隆市,3,21.61,不动产租赁
中正^,房地(土地+建物),基隆市中正^^海街91~120,16.76,住,,,1030422,土地2建物1位0,三,14,住宅大(11雍以上有梯),住家用,筋混凝土造,0880114,87.83,2,1,2,有,有,有,7500,85,,0.0,0,,RPQRMLQKNHJFFBC28CC,基隆市,3,21.61,不动产租赁
信x^,建物,基隆市信x^|信路61~90,0.0,住,,,1030517,土地0建物1位0,一,5,公寓(5呛以下o梯),商I用,筋混凝土造,0740822,48.93,0,0,0,o,o,o,20000,409,,0.0,0,,RPWNMLQLNHJFFBC68DC,基隆市,3,21.61,不动产租赁
信x^,建物,基隆市信x^正信路31~60,0.0,住,,,1030510,土地0建物1位0,三,6,公寓(5呛以下o梯),住家用,筋混凝土造,0690807,84.15,3,2,1,有,o,有,7000,83,,0.0,0,o梯,RPQOMLSLNHJFFBC38DC,基隆市,3,21.61,不动产租赁
中正^,建物,基隆市中正^^海街1~30,0.0,住,,,1030506,土地0建物1位0,十二,16,住宅大(11雍以上有梯),住家用,筋混凝土造,0880114,129.44,4,2,2,有,有,有,10000,77,,0.0,0,,RPPNMLKMNHJFFBC47DC,基隆市,3,21.61,不动产租赁
仁^,建物,基隆市仁^A四街1~30,0.0,商,,,1030501,土地0建物1位0,一,4,店面(店),住商用,筋混凝土加u造,0620623,88.64,0,0,0,o,o,o,19250,217,,0.0,0,,RPWNMLKMNHJFFBC18DC,基隆市,3,21.61,不动产租赁
中正^,房地(土地+建物),基隆市中正^新S街331~360,13.58,住,,,1030607,土地1建物1位0,十四,15,住宅大(11雍以上有梯),住家用,筋混凝土造,0850309,81.06,2,1,1,有,有,有,9000,111,,0.0,0,,RPPNMLRJOHJFFBC87CC,基隆市,3,21.61,不动产租赁
信x^,房地(土地+建物),基隆市信x^深溪路36巷60弄1~30,17.31,住,,,1030613,土地1建物1位0,六,7,AB(10雍以下有梯),住家用,筋混凝土造,0840525,75.22,1,1,1,有,o,有,7500,100,,0.0,0,,RPVNMLQKOHJFFBC48CC,基隆市,3,21.61,不动产租赁
暖暖^,房地(土地+建物),基隆市暖暖^源h路249巷181~210,14.02,住,,,1030609,土地1建物1位0,八,12,住宅大(11雍以上有梯),住家用,筋混凝土造,0860125,87.92,5,2,2,有,有,o,9250,105,,0.0,0,有民情L俗因素之交易。;含增建或未登建物。,RPUNMLRKOHJFFCC58CC,基隆市,3,21.61,不动产租赁
七堵^,房地(土地+建物),基隆市七堵^明德二路1巷91~120,23.16,住,,,1030615,土地2建物1位0,二,5,公寓(5呛以下o梯),住家用,筋混凝土造,0740729,86.73,3,2,2,有,o,有,12000,138,,0.0,0,,RPTOMLOLOHJFFCC38CC,基隆市,3,21.61,不动产租赁
七堵^,土地,溪^段751~780地,4317.36,其他,,,1030605,土地1建物0位0,,,其他,,,,0.0,0,0,0,有,o,o,250000,58,,0.0,0,"租Up方s定租U期g末二年，第4.第5年租金{整265,000元(月)",RPQNMLPLOHJFFCC08CC,基隆市,3,21.61,不动产租赁
信x^,建物,基隆市信x^教忠街151~180,0.0,住,,,1030613,土地0建物1位0,一,5,店面(店),其他登事,筋混凝土造,0980930,175.54,2,1,2,有,o,o,20000,114,,0.0,0,租1~2恰,RPPNMLPLOHJFFBC87CC,基隆市,3,21.61,不动产租赁
七堵^,土地,台五段361~390地,1289.26,工,,,1030613,土地2建物0位0,,,其他,,,,0.0,0,0,0,有,o,o,139000,108,,0.0,0,有民情L俗因素之交易。;含地上未登建物(建物租U面e244坪),RPUNMLQLOHJFFCC58CC,基隆市,3,21.61,不动产租赁
暖暖^,建物,基隆市暖暖^碇冉181~210,0.0,商,,,1030528,土地0建物1位1,十二,14,住宅大(11雍以上有梯),其他登事,筋混凝土造,1020911,127.65,3,2,1,有,有,有,12000,94,坡道平面,30.77,0,含位,RPQTMLQLOHJFFCC78CC,基隆市,3,21.61,不动产租赁
中正^,房地(土地+建物),基隆市中正^^海街121~150,6.07,住,,,1030620,土地2建物1位0,七,14,套房(1房1d1l),住家用,筋混凝土造,0880114,32.56,1,0,1,有,有,有,5000,154,,0.0,0,,RPQNMLKMOHJFFBC57CC,基隆市,3,21.61,不动产租赁
中正^,房地(土地+建物),基隆市中正^新S街301~330,25.46,住,,,1030628,土地1建物1位0,十,14,住宅大(11雍以上有梯),住家用,筋混凝土造,0850309,140.29,5,1,2,有,有,有,18000,128,,0.0,0,,RPRNMLKMOHJFFBC67CC,基隆市,3,21.61,不动产租赁
信x^,房地(土地+建物),基隆市信x^深溪路36巷60弄1~30,23.07,住,,,1030701,土地1建物1位0,五,7,AB(10雍以下有梯),住家用,筋混凝土造,0840525,64.7,3,1,1,有,有,有,9000,139,,0.0,0,,RPWOMLLJPHJFFBC18CC,基隆市,3,21.61,不动产租赁
暖暖^,房地(土地+建物)+位,基隆市暖暖^碇冉121~150,29.5,住,,,1030620,土地1建物1位1,三,14,住宅大(11雍以上有梯),住家用,筋混凝土造,0980624,165.55,3,2,2,有,有,有,15320,93,坡道平面,28.62,0,租金未含管理M,RPTNMLLJPHJFFCC87CC,基隆市,3,21.61,不动产租赁
暖暖^,建物,基隆市暖暖^碇冉211~240,0.0,住,,,1030613,土地0建物1位0,四,6,AB(10雍以下有梯),住家用,筋混凝土造,0840808,97.01,3,2,2,有,有,o,8000,82,,0.0,0,,RPOOMLTJPHJFFCC28CC,基隆市,3,21.61,不动产租赁
暖暖^,建物,基隆市暖暖^暖暖街241~270,0.0,住,,,1030617,土地0建物1位0,二,5,AB(10雍以下有梯),住家用,筋混凝土造,0710831,76.18,2,2,2,有,o,有,8000,105,,0.0,0,,RPROMLTJPHJFFCC58CC,基隆市,3,21.61,不动产租赁
暖暖^,建物,基隆市暖暖^源h路249巷1~30,0.0,商,,,1030702,土地0建物1位0,三,4,公寓(5呛以下o梯),住家用,筋混凝土造,0690807,102.6,4,2,1,有,o,o,10000,97,,0.0,0,,RPWOMLTJPHJFFCC09CC,基隆市,3,21.61,不动产租赁
暖暖^,建物,基隆市暖暖^^港路61~90,0.0,住,,,1030707,土地0建物1位0,二,3,公寓(5呛以下o梯),住家用,筋混凝土造,0700729,86.16,3,2,1,有,o,o,7000,81,,0.0,0,,RPOPMLTJPHJFFCC38CC,基隆市,3,21.61,不动产租赁
暖暖^,房地(土地+建物),基隆市暖暖^h源路226巷31~60,13.66,住,,,1030629,土地1建物1位0,十一,12,住宅大(11雍以上有梯),其他登事,筋混凝土造,1020329,73.16,2,2,1,有,o,有,13000,178,,0.0,0,,RPQOMLKKPHJFFCC77DC,基隆市,3,21.61,不动产租赁
安^,建物,基隆市安^基金一路135巷21弄61~90,0.0,住,,,1030720,土地0建物1位0,四,7,AB(10雍以下有梯),住家用,筋混凝土造,0820902,115.22,3,2,2,有,o,有,12000,104,,0.0,0,,RPQOMLMLPHJFFCC08DC,基隆市,3,21.61,不动产租赁
安^,建物,基隆市安^基金一路208巷138弄1~30,0.0,其他,,,1030617,土地0建物1位0,四,5,套房(1房1d1l),住家用,筋混凝土造,0840811,31.1,1,1,1,有,o,有,4500,145,,0.0,0,,RPOPMLMLPHJFFCC97DC,基隆市,3,21.61,不动产租赁
安^,建物,基隆市安^基金一路112巷1~30,0.0,住,,,1030703,土地0建物1位0,四,5,公寓(5呛以下o梯),住家用,筋混凝土造,0860605,104.97,3,2,2,有,o,有,9500,91,,0.0,0,,RPQPMLMLPHJFFCC18DC,基隆市,3,21.61,不动产租赁
暖暖^,房地(土地+建物),基隆市暖暖^源h路297巷61~90,40.04,住,,,1030714,土地1建物1位0,一,7,AB(10雍以下有梯),商I用,筋混凝土造,0850120,212.4,0,0,0,o,有,o,13500,64,,0.0,0,含地下室,RPXPMLMLPHJFFCC78CC,基隆市,3,21.61,不动产租赁
暖暖^,建物,基隆市暖暖^源h路89巷1~30,0.0,住,,,1030720,土地0建物1位0,二,5,公寓(5呛以下o梯),住家用,筋混凝土造,0850117,99.02,3,2,1,有,o,o,5000,50,,0.0,0,,RPQOMLOLPHJFFCC18CC,基隆市,3,21.61,不动产租赁
安^,房地(土地+建物),基隆市安^防三街8巷61~90,15.19,其他,,,1030707,土地4建物1位0,十七,17,住宅大(11雍以上有梯),住家用,筋混凝土造,0840504,108.47,2,2,1,有,有,有,10330,95,,0.0,0,含管理M,RPXNMLPLPHJFFCC88CC,基隆市,3,21.61,不动产租赁
暖暖^,房地(土地+建物),基隆市暖暖^暖暖街541~570,46.0,商,,,1030716,土地1建物1位0,一,9,店面(店),其他登事,筋混凝土造,0840503,108.28,0,0,0,o,o,o,25000,231,,0.0,0,,RPQNMLQLPHJFFCC38DC,基隆市,3,21.61,不动产租赁
中正^,房地(土地+建物),基隆市中正^新S街451~480,27.5,住,,,1030706,土地3建物1位0,三,20,住宅大(11雍以上有梯),住家用,筋混凝土造,0861121,133.94,4,2,2,有,有,有,13000,97,,0.0,0,,RPOOMLSLPHJFFBC28CC,基隆市,3,21.61,不动产租赁
暖暖^,房地(土地+建物),基隆市暖暖^基隆市暖暖^源h路249巷181~210,20.47,住,,,1030702,土地1建物1位0,一,12,住宅大(11雍以上有梯),商I用,筋混凝土造,0860125,96.98,3,3,2,有,有,o,16000,165,,0.0,0,,RPRNMLSLPHJFFCC58CC,基隆市,3,21.61,不动产租赁
信x^,建物,基隆市信x^x四路1~30,0.0,商,,,1030711,土地0建物1位0,一,5,店面(店),住商用,筋混凝土加u造,0610920,90.69,0,0,0,o,o,o,28000,309,,0.0,0,,RPPNMLKMPHJFFBC67DC,基隆市,3,21.61,不动产租赁
中正^,房地(土地+建物),基隆市中正^^海街121~150,23.69,住,,,1030707,土地2建物1位0,十六,16,住宅大(11雍以上有梯),住家用,筋混凝土造,0880114,115.04,3,2,2,有,有,有,10000,87,,0.0,0,"租金群社^管理M,由出租方U{",RPPNMLNJQHJFFBC67CC,基隆市,3,21.61,不动产租赁
中正^,房地(土地+建物),基隆市中正^^海街91~120,16.76,住,,,1030720,土地2建物1位0,六,14,住宅大(11雍以上有梯),住家用,筋混凝土造,0880114,87.83,2,2,2,有,有,有,8000,91,,0.0,0,"管理M每坪25元,已群於租金,房客免再支付管理M,由出租方U{.",RPPOMLQJQHJFFBC08CC,基隆市,3,21.61,不动产租赁
安^,建物,基隆市安^基金一路208巷91~120,0.0,住,,,1030726,土地0建物1位0,全,4,透天厝,其他登事,筋混凝土造,0970213,243.97,0,0,0,o,o,o,26000,107,,0.0,0,,RPVOMLRJQHJFFCC88CC,基隆市,3,21.61,不动产租赁
安^,房地(土地+建物),基隆市安^金路391~420,31.5,住,,,1030812,土地1建物1位0,一,5,公寓(5呛以下o梯),民住宅,筋混凝土造,0670809,61.41,3,2,1,有,o,o,8500,138,,0.0,0,,RPWNMLNKQHJFFCC58CC,基隆市,3,21.61,不动产租赁
信x^,建物,基隆市信x^信一路31~60,0.0,商,,,1030805,土地0建物2位0,二,7,AB(10雍以下有梯),住家用,筋混凝土造,0850921,183.84,0,0,0,o,o,o,30000,163,,0.0,0,租U同2.3,RPSNMLRLQHJFFBC58CC,基隆市,3,21.61,不动产租赁
七堵^,房地(土地+建物),基隆市七堵^`路61~90,104.68,住,,,1030805,土地1建物1位0,一,7,Sk,商I用,筋混凝土造,0830425,445.74,0,0,0,o,o,有,70000,157,,0.0,0,,RPOOMLRLQHJFFCC48DC,基隆市,3,21.61,不动产租赁
仁^,建物,基隆市仁^成功一路121~150,0.0,住,,,1030811,土地0建物1位0,二,14,住宅大(11雍以上有梯),民住宅,筋混凝土造,0860630,137.9,3,2,1,有,有,有,12000,87,,0.0,0,售r包含b潢或家。;租U不含位，且o法^分位面e。租客自行向管委抽`。,RPQNMLNJRHJFFBC87CC,基隆市,3,21.61,不动产租赁
安^,房地(土地+建物),基隆市安^中和路168巷5弄1~30,25.78,住,,,1030821,土地2建物1位0,一,5,公寓(5呛以下o梯),商I用,筋混凝土造,0860401,109.21,0,0,0,o,o,o,25000,229,,0.0,0,,RPPNMLNJRHJFFCC87CC,基隆市,3,21.61,不动产租赁
安^,房地(土地+建物),基隆市安^安仿范段121~150,26.94,其他,,,1030901,土地1建物1位0,一,8,店面(店),住商用,筋混凝土造,0700126,119.17,0,0,0,o,o,o,150000,1259,,0.0,0,,RPQNMLNJRHJFFCC97CC,基隆市,3,21.61,不动产租赁
暖暖^,建物,基隆市暖暖^碇冉391~420,0.0,住,,,1030816,土地0建物1位0,二,6,AB(10雍以下有梯),住家用,筋混凝土造,0840808,78.3,2,1,1,有,有,有,5500,70,,0.0,0,,RPOOMLTJRHJFFCC48CC,基隆市,3,21.61,不动产租赁
暖暖^,建物,基隆市暖暖^暖暖街151~180,0.0,住,,,1030820,土地0建物1位0,三,7,AB(10雍以下有梯),住家用,筋混凝土造,0830429,135.3,3,2,2,有,有,有,14000,103,,0.0,0,,RPSOMLTJRHJFFCC88CC,基隆市,3,21.61,不动产租赁
安^,建物,基隆市安^武X街301~330,0.0,住,,,1030905,土地0建物1位0,一,7,AB(10雍以下有梯),商I用,筋混凝土造,0850216,116.48,1,1,1,有,o,o,18000,155,,0.0,0,,RPPNMLLKRHJFFCC77CC,基隆市,3,21.61,不动产租赁
仁^,建物,基隆市仁^南新街31巷1~30,0.0,住,,,1030820,土地0建物1位0,一,4,公寓(5呛以下o梯),住家用,加u造,0600921,86.94,3,2,1,有,o,有,8000,92,,0.0,0,,RPOOMLLKRHJFFBC67CC,基隆市,3,21.61,不动产租赁
中正^,房地(土地+建物),基隆市中正^S稔街1~30,42.61,商,,,1030905,土地2建物1位0,一,7,店面(店),商I用,筋混凝土造,0890506,275.81,0,0,0,o,o,o,49000,178,,0.0,0,租金含租U所得.二代健保a充保M,RPSNMLMKRHJFFBC08CC,基隆市,3,21.61,不动产租赁
中正^,建物,基隆市中正^x一路61~90,0.0,商,,,1030825,土地0建物3位0,一,5,店面(店),商I用,筋混凝土造,0730508,402.57,0,0,0,o,o,o,92400,230,,0.0,0,租U同1.2.3,RPTNMLMKRHJFFBC18CC,基隆市,3,21.61,不动产租赁
中正^,建物,基隆市中正^x一路91~120,0.0,其他,,,1030815,土地0建物1位0,二,5,公寓(5呛以下o梯),其他登事,筋混凝土造,0811005,158.96,0,0,0,o,o,o,22000,138,,0.0,0,,RPUNMLMKRHJFFBC28CC,基隆市,3,21.61,不动产租赁
中正^,房地(土地+建物),基隆市中正^^海街151~180,22.39,住,,,1030829,土地1建物1位0,十三,15,住宅大(11雍以上有梯),,,,113.66,3,2,2,有,有,o,9000,79,,0.0,0,,RPQNMLOKRHJFFBC08CC,基隆市,3,21.61,不动产租赁
中正^,位,基隆市中正^^海街61~90,0.0,,,,1030817,土地0建物0位1,,,其他,,,,45.95,0,0,0,有,有,o,1800,,坡道平面,45.95,1800,月租金1800元，群200元位清管理M，由出租方U{，承租方不再。,RPRNMLQKRHJFFBC38CC,基隆市,3,21.61,不动产租赁
仁^,房地(土地+建物),基隆市仁^安街181~210,48.5,其他,,,1030908,土地1建物1位0,一,2,店面(店),住家用,筋混凝土造,0801015,94.25,0,0,0,o,o,o,20000,212,,0.0,0,,RPWNMLNLRHJFFBC68CC,基隆市,3,21.61,不动产租赁
仁^,房地(土地+建物),基隆市仁^仁一路241~270,13.81,商,,,1030901,土地2建物1位0,一,31,店面(店),,,,123.87,0,0,0,o,有,o,40000,323,,0.0,0,租U哟我~二,RPTOMLOLRHJFFBC68DC,基隆市,3,21.61,不动产租赁
中正^,房地(土地+建物),基隆市中正^^海街151~180,22.66,住,,,1030831,土地1建物1位0,十二,15,住宅大(11雍以上有梯),,,,112.59,3,2,2,有,有,o,9000,80,,0.0,0,租金含管理M，起租日期103.09.10,RPUOMLPLRHJFFBC78CC,基隆市,3,21.61,不动产租赁
中正^,房地(土地+建物),基隆市中正^^海街121~150,15.03,住,,,1030907,土地2建物1位0,五,16,住宅大(11雍以上有梯),住家用,筋混凝土造,0880114,72.3,2,1,2,有,有,有,8000,111,,0.0,0,租金含管理M。,RPVOMLPLRHJFFBC88CC,基隆市,3,21.61,不动产租赁
七堵^,土地,台五段361~390地,317.35,工,,,1030919,土地2建物0位0,,,其他,,,,0.0,0,0,0,有,o,o,136000,429,,0.0,0,有民情L俗因素之交易。;1.租金含地上未登建物(S房租U面e324坪)2.本件土地租U面e未入S房坐落基地面e(依契si定热萆),RPUNMLQLRHJFFCC88CC,基隆市,3,21.61,不动产租赁
仁^,建物,基隆市仁^仁一路181~210,0.0,商,,,1030914,土地0建物1位0,一,5,店面(店),其他登事,筋混凝土造,0700502,115.0,0,0,0,o,o,o,60000,522,,0.0,0,,RPRNMLTLRHJFFBC78CC,基隆市,3,21.61,不动产租赁
暖暖^,建物,基隆市暖暖^|萁1~30,0.0,住,,,1030902,土地0建物1位0,一,5,公寓(5呛以下o梯),商I用,筋混凝土加u造,0740715,131.79,0,0,0,o,o,o,55000,417,,0.0,0,,RPWNMLKMRHJFFCC58CC,基隆市,3,21.61,不动产租赁
暖暖^,建物,基隆市暖暖^暖暖街91~120,0.0,住,,,1030904,土地0建物1位0,一,5,公寓(5呛以下o梯),其他登事,筋混凝土造,0810604,143.57,0,0,0,o,o,o,30000,209,,0.0,0,,RPOOMLKMRHJFFCC87CC,基隆市,3,21.61,不动产租赁
暖暖^,建物,基隆市暖暖^暖暖街570巷61~90,0.0,商,,,1030905,土地0建物1位0,五,5,公寓(5呛以下o梯),住家用,筋混凝土造,0810807,113.1,3,2,2,有,o,o,9500,84,,0.0,0,,RPROMLKMRHJFFCC18CC,基隆市,3,21.61,不动产租赁
暖暖^,房地(土地+建物),基隆市暖暖^源h路31~60,5.36,住,,,1030930,土地1建物1位0,五,7,套房(1房1d1l),住家用,筋混凝土造,0840316,29.75,1,0,1,有,有,有,5000,168,,0.0,0,含管理M、金或水等M用。,RPSOMLLJIIJFFCC27CC,基隆市,3,21.61,不动产租赁
仁^,建物,基隆市仁^廴路121~150,0.0,商,,,1030925,土地0建物1位0,一,10,店面(店),商I用,筋混凝土造,0850214,156.0,0,0,0,o,o,o,360000,2308,,0.0,0,,RPUNMLMJIIJFFBC37CC,基隆市,3,21.61,不动产租赁
七堵^,土地,台五段361~390地,3844.63,工,,,1031001,土地1建物0位0,,,其他,,,,0.0,0,0,0,有,o,o,207596,54,,0.0,0,,RPVOMLRJIIJFFCC18CC,基隆市,3,21.61,不动产租赁
中山^,建物,基隆市中山^成功二路91~120,0.0,工,,,1030911,土地0建物1位0,一,1,店面(店),住家用,木造,0390101,18.74,0,0,0,o,o,o,21000,1121,,0.0,0,,RPUNMLTJIIJFFCC28DC,基隆市,3,21.61,不动产租赁
信x^,房地(土地+建物),基隆市信x^信二路91~120,51.0,商,,,1030926,土地2建物1位0,一,2,店面(店),住商用,u造,0470301,49.22,0,0,0,o,o,o,18000,366,,0.0,0,,RPPNMLOKIIJFFBC27DC,基隆市,3,21.61,不动产租赁
中正^,房地(土地+建物),基隆市中正^x一路61~90,26.4,商,,,1031005,土地1建物1位0,一,5,店面(店),商I用,筋混凝土加u造,0740720,45.8,0,0,0,o,o,o,15000,328,,0.0,0,,RPQNMLRLIIJFFBC77DC,基隆市,3,21.61,不动产租赁
中山^,房地(土地+建物),基隆市中山^西定路132巷1~30,29.66,住,,,1031006,土地1建物1位0,一,5,公寓(5呛以下o梯),住家用,筋混凝土造,0870514,120.37,3,2,2,有,o,o,9000,75,,0.0,0,,RPSOMLRLIIJFFCC08CC,基隆市,3,21.61,不动产租赁
仁^,建物,基隆市仁^忠三路31~60,0.0,商,,,1031027,土地0建物1位0,全,5,透天厝,住商用,加u造,0550401,95.38,0,0,0,o,o,o,15000,157,,0.0,0,H承租二,RPROMLSLIIJFFBC08DC,基隆市,3,21.61,不动产租赁
暖暖^,房地(土地+建物),基隆市暖暖^暖暖街31~60,77.5,住,,,1031016,土地2建物1位0,全,2,透天厝,住家用,u造,,79.89,0,0,0,o,o,o,20000,250,,0.0,0,H承租一,RPROMLSLIIJFFCC18DC,基隆市,3,21.61,不动产租赁
中正^,房地(土地+建物),基隆市中正^^海街181~210,22.39,住,,,1040121,土地1建物1位0,七,15,住宅大(11雍以上有梯),住家用,筋混凝土造,0880114,113.67,3,2,2,有,有,o,8500,75,,0.0,0,"月租8500元,群社^管理M,管理M由出租方U{。",RPPNMLSJKHKFFBC67CC,基隆市,3,21.61,不动产租赁
中正^,房地(土地+建物),基隆市中正^^海街151~180,22.66,住,,,1040202,土地1建物1位0,八,15,住宅大(11雍以上有梯),住家用,筋混凝土造,0880114,112.6,3,2,2,有,有,o,8500,75,,0.0,0,租金群社^管理M.,RPSNMLKKKHKFFBC27CC,基隆市,3,21.61,不动产租赁
中正^,建物,基隆市中正^八斗街31~60,0.0,住,,,1040121,土地0建物1位0,一,5,店面(店),商I用,筋混凝土造,0691213,79.72,0,0,0,o,o,o,10000,125,,0.0,0,,RPQNMLQKKHKFFBC67CC,基隆市,3,21.61,不动产租赁
七堵^,房地(土地+建物)+位,基隆市七堵^光明路1~30,28.68,商,,,1040211,土地1建物1位1,三,15,住宅大(11雍以上有梯),其他登事,筋混凝土造,1020704,207.2,2,2,2,有,有,有,20000,97,坡道平面,49.85,0,,RPWNMLLKLHKFFCC97CC,基隆市,3,21.61,不动产租赁
仁^,建物,基隆市仁^仁一路241~270,0.0,商,,,1040306,土地0建物1位0,一,25,店面(店),其他登事,筋混凝土造,0980625,87.61,0,0,0,o,有,o,56818,649,,0.0,0,本房屋S供II之使用,RPPNMLRKLHKFFBC77CC,基隆市,3,21.61,不动产租赁
中正^,房地(土地+建物),基隆市中正^^海街151~180,22.66,住,,,1040307,土地1建物1位0,七,15,住宅大(11雍以上有梯),住家用,筋混凝土造,0880114,112.6,3,2,2,有,有,o,8500,75,,0.0,0,租金群社^管理M,RPQNMLQLLHKFFBC87CC,基隆市,3,21.61,不动产租赁
中正^,建物,基隆市中正^^海街181~210,0.0,住,,,1040320,土地0建物1位0,六,16,套房(1房1d1l),住家用,筋混凝土造,0880114,31.96,1,1,1,有,有,有,5500,172,,0.0,0,,RPTNMLLMLHKFFBC77CC,基隆市,3,21.61,不动产租赁
信x^,房地(土地+建物),基隆市信x^正信路175巷1~30,44.67,住,,,1040321,土地1建物1位0,一,3,公寓(5呛以下o梯),住家用,加u造,0610403,62.0,3,2,1,有,o,有,8500,137,,0.0,0,,RPQNMLQJMHKFFBC77CC,基隆市,3,21.61,不动产租赁
信x^,房地(土地+建物),基隆市信x^信二路174巷61~90,36.75,住,,,1040330,土地2建物1位0,一,4,公寓(5呛以下o梯),住家用,筋混凝土加u造,0630521,84.61,3,2,1,有,o,o,12500,148,,0.0,0,,RPSNMLQJMHKFFBC97CC,基隆市,3,21.61,不动产租赁
中正^,房地(土地+建物),基隆市中正^^海街181~210,14.2,住,,,1040324,土地1建物1位0,七,15,住宅大(11雍以上有梯),住家用,筋混凝土造,0880114,71.38,2,1,2,有,有,o,7500,105,,0.0,0,租金群管理M,RPPNMLSJMHKFFBC87CC,基隆市,3,21.61,不动产租赁
安^,建物,基隆市安^防三街241~270,0.0,住,,,1040415,土地0建物1位0,一,5,店面(店),商I用,筋混凝土造,0690611,82.55,0,0,0,o,o,o,22000,267,,0.0,0,,RPRNMLQKMHKFFCC08CC,基隆市,3,21.61,不动产租赁
中正^,建物,基隆市中正^新S街451~480,0.0,住,,,1040427,土地0建物1位0,三,20,住宅大(11雍以上有梯),住家用,筋混凝土造,0861121,133.94,4,2,2,有,有,有,13000,97,,0.0,0,,RPQNMLSLMHKFFBC18CC,基隆市,3,21.61,不动产租赁
中山^,建物,基隆市中山^中山二路61~90,0.0,住,,,1040413,土地0建物1位0,一,3,店面(店),住商用,加u造,0590518,42.02,0,0,0,o,o,o,20000,476,,0.0,0,,RPTOMLTLMHKFFCC98EC,基隆市,3,21.61,不动产租赁
暖暖^,房地(土地+建物),基隆市暖暖^源h路151~180,20.54,住,,,1031108,土地1建物1位0,十四,16,住宅大(11雍以上有梯),住家用,筋混凝土造,0850309,103.17,3,2,2,有,有,o,9300,90,,0.0,0,含管理M、金或水等M用。,RPXOMLLKJIJFFCC97CC,基隆市,3,21.61,不动产租赁
中正^,房地(土地+建物),基隆市中正^新S街121~150,18.94,住,,,1031031,土地1建物1位0,一,5,店面(店),商I用,筋混凝土造,0800926,77.74,5,1,1,有,o,o,20000,257,,0.0,0,,RPWSMLMKJIJFFBC28CC,基隆市,3,21.61,不动产租赁
中正^,建物,基隆市中正^中正路1~30,0.0,商,,,1031108,土地0建物1位0,九,10,AB(10雍以下有梯),住家用,筋混凝土造,0810129,150.48,0,0,0,o,有,o,22000,146,,0.0,0,,RPVNMLOLJIJFFBC97CC,基隆市,3,21.61,不动产租赁
暖暖^,房地(土地+建物),基隆市暖暖^源h路249巷91~120,35.32,住,,,1031108,土地1建物1位0,四,5,AB(10雍以下有梯),住家用,筋混凝土造,0820219,117.72,3,2,2,有,o,有,11000,93,,0.0,0,,RPSNMLOLJIJFFCC87DC,基隆市,3,21.61,不动产租赁
信x^,建物,基隆市信x^深美街86巷1~30,0.0,住,,,1031110,土地0建物1位0,二,5,AB(10雍以下有梯),住家用,筋混凝土造,0870514,64.77,3,1,2,有,有,o,8300,128,,0.0,0,,RPRNMLRLJIJFFBC87CC,基隆市,3,21.61,不动产租赁
暖暖^,建物,基隆市暖暖^暖暖街379巷31~60,0.0,住,,,1031104,土地0建物1位0,一,5,公寓(5呛以下o梯),住家用,筋混凝土造,0790105,118.86,4,2,2,有,o,o,13000,109,,0.0,0,,RPQOMLLJKIJFFCC27CC,基隆市,3,21.61,不动产租赁
暖暖^,建物,基隆市暖暖^暖暖街570巷91~120,0.0,住,,,1031120,土地0建物1位1,五,10,AB(10雍以下有梯),住家用,筋混凝土造,0940105,137.79,3,2,2,有,有,o,17377,126,坡道平面,41.38,0,,RPROMLMJKIJFFCC47CC,基隆市,3,21.61,不动产租赁
安^,建物,基隆市安^武X街301~330,0.0,住,,,1031129,土地0建物1位0,三,7,AB(10雍以下有梯),住家用,筋混凝土造,0850118,87.79,3,1,1,有,有,o,9500,108,,0.0,0,,RPWOMLMJKIJFFCC97CC,基隆市,3,21.61,不动产租赁
,建物,基隆市仁^南s路393巷1~30,0.0,,,,1031128,土地0建物1位0,,,公寓(5呛以下o梯),,,,0.0,0,0,0,o,o,有,7000,0,,0.0,0,,RPROMLNJKIJFFBC47CC,基隆市,3,21.61,不动产租赁
信x^,房地(土地+建物),基隆市信x^深澳坑路6巷271~300,31.38,住,,,1031125,土地1建物1位0,一,5,公寓(5呛以下o梯),住家用,筋混凝土造,0881006,112.05,3,2,2,有,o,有,10000,89,,0.0,0,,RPPNMLLKKIJFFBC07CC,基隆市,3,21.61,不动产租赁
,建物,基隆市中正^信一路151~180,0.0,,,,1031121,土地0建物1位0,,,店面(店),,,,0.0,0,0,1,有,o,o,50000,0,,0.0,0,,RPVOMLRKKIJFFBC48DC,基隆市,3,21.61,不动产租赁
安^,建物,基隆市安^防二街62巷1~30,0.0,住,,,1031229,土地0建物1位0,一,7,店面(店),商I用,筋混凝土造,0850322,85.0,0,0,0,o,有,o,9000,106,,0.0,0,,RPSNMLQJJHKFFCC87DC,基隆市,3,21.61,不动产租赁
中正^,建物,基隆市中正^x二路61~90,0.0,商,,,1031223,土地0建物1位0,二,6,公寓(5呛以下o梯),住家用,筋混凝土造,0691203,61.1,1,1,1,有,o,o,11500,188,,0.0,0,o梯,RPQOMLKLJHKFFBC27DC,基隆市,3,21.61,不动产租赁
暖暖^,房地(土地+建物),基隆市暖暖^源h路249巷1861~1890,21.59,住,,,1040123,土地1建物1位0,十,12,住宅大(11雍以上有梯),住家用,筋混凝土造,0860125,101.11,4,3,2,有,有,o,11000,109,,0.0,0,含管理M,RPUOMLNLJHKFFCC97CC,基隆市,3,21.61,不动产租赁
暖暖^,建物,基隆市暖暖^源h路249巷1~30,0.0,商,,,1040101,土地0建物1位0,三,4,公寓(5呛以下o梯),住家用,筋混凝土造,0690807,102.6,4,2,1,有,o,o,15000,146,,0.0,0,,RPQNMLKMJHKFFCC27CC,基隆市,3,21.61,不动产租赁
中正^,房地(土地+建物),基隆市中正^^海街121~150,16.76,住,,,1040421,土地2建物1位0,十四,16,住宅大(11雍以上有梯),住家用,筋混凝土造,0880114,84.79,2,1,2,有,有,有,8000,94,,0.0,0,租金群社^管理M,RPSNMLQJNHKFFBC08CC,基隆市,3,21.61,不动产租赁
信x^,房地(土地+建物),基隆市信x^深澳坑路168巷46弄1~30,18.81,住,,,1040502,土地1建物1位0,四,4,公寓(5呛以下o梯),其他登事,筋混凝土造,0840610,68.38,3,2,2,有,o,有,7000,102,,0.0,0,,RPRNMLRJNHKFFBC08CC,基隆市,3,21.61,不动产租赁
信x^,房地(土地+建物),基隆市信x^深溪路55巷1~30,24.05,住,,,1040411,土地1建物1位0,一,7,AB(10雍以下有梯),住家用,筋混凝土造,0880122,101.74,3,2,2,有,有,有,12000,118,,0.0,0,租金群社^管理M,RPSNMLRJNHKFFBC18CC,基隆市,3,21.61,不动产租赁
七堵^,房地(土地+建物),基隆市七堵^百五街1~30,65.0,住,,,1040407,土地1建物2位0,一,5,公寓(5呛以下o梯),商I用,筋混凝土造,0680331,226.02,0,1,1,有,o,o,18000,80,,0.0,0,,RPWNMLRJNHKFFCC68CC,基隆市,3,21.61,不动产租赁
暖暖^,房地(土地+建物)+位,基隆市暖暖^源h路151~180,19.95,住,,,1040501,土地1建物1位1,十一,17,住宅大(11雍以上有梯),住家用,筋混凝土造,0850309,154.96,3,2,2,有,有,o,10000,65,坡道平面,0.0,0,,RPWNMLNKNHKFFCC48DC,基隆市,3,21.61,不动产租赁
中正^,建物,基隆市中正^x一路61~90,0.0,商,,,1040507,土地0建物1位0,五,10,AB(10雍以下有梯),其他登事,筋混凝土造,0860503,42.8,0,0,0,o,o,o,8000,187,,0.0,0,,RPSNMLSKNHKFFBC38CC,基隆市,3,21.61,不动产租赁
中正^,房地(土地+建物),基隆市中正^新S街303巷17弄1~30,26.81,住,,,1040509,土地1建物1位0,四,5,公寓(5呛以下o梯),住家用,筋混凝土造,0851119,99.56,3,2,1,有,o,有,8000,80,,0.0,0,,RPRNMLLJOHKFFBC57CC,基隆市,3,21.61,不动产租赁
安^,房地(土地+建物),基隆市安^中和路85巷31~60,17.49,住,,,1040513,土地6建物1位0,七,11,住宅大(11雍以上有梯),住家用,筋混凝土造,0860508,69.93,3,2,1,有,有,有,10000,143,,0.0,0,租金群社^管理M,RPSNMLPJOHKFFCC18CC,基隆市,3,21.61,不动产租赁
安^,建物,基隆市安^防二街62巷211~240,0.0,其他,,,1040523,土地0建物1位0,一,12,住宅大(11雍以上有梯),商I用,筋混凝土造,0880114,72.22,1,1,1,有,o,o,10000,138,,0.0,0,,RPVNMLPJOHKFFCC48CC,基隆市,3,21.61,不动产租赁
暖暖^,房地(土地+建物),基隆市暖暖^源h路249巷181~210,14.24,住,,,1040611,土地1建物1位0,三,5,AB(10雍以下有梯),住家用,筋混凝土造,0840703,69.08,3,2,2,有,有,o,7000,101,,0.0,0,有民情L俗因素之交易。;含增建或未登建物,RPPOMLLKOHKFFCC67CC,基隆市,3,21.61,不动产租赁
七堵^,房地(土地+建物),基隆市七堵^工建路1~30,22.07,工,,,1040611,土地8建物1位0,全,4,透天厝,其他登事,筋混凝土造,0971003,46.33,0,0,0,o,o,有,12000,259,,0.0,0,,RPTNMLPKOHKFFCC38CC,基隆市,3,21.61,不动产租赁
七堵^,建物,基隆市七堵^工建路1~30,0.0,工,,,1040610,土地0建物1位2,四,4,Sk,其他登事,筋混凝土造,1001019,1742.0,0,0,0,o,o,o,205000,118,坡道平面,0.0,0,"租U3遣糠菝娣e,二鞘韧＼位2~NO.17.18",RPUNMLQKOHKFFCC58CC,基隆市,3,21.61,不动产租赁
仁^,建物,基隆市仁^成功一路140巷1~30,0.0,商,,,1040601,土地0建物1位0,一,5,店面(店),商I用,筋混凝土造,0690121,48.6,0,0,0,o,o,o,22000,453,,0.0,0,,RPRNMLMLOHKFFBC97DC,基隆市,3,21.61,不动产租赁
中正^,建物,基隆市中正^x一路1~30,0.0,商,,,1040602,土地0建物1位1,八,12,k公商I大,其他登事,筋混凝土造,0930115,198.35,1,1,2,有,有,o,45000,227,升降C械,0.0,0,,RPTNMLNLOHKFFBC28DC,基隆市,3,21.61,不动产租赁
信x^,建物,基隆市信x^深溪路36巷60弄1~30,0.0,住,,,1040622,土地0建物1位0,六,7,AB(10雍以下有梯),住家用,筋混凝土造,0840525,75.22,1,1,1,有,o,有,7500,100,,0.0,0,,RPXNMLOLOHKFFBC68CC,基隆市,3,21.61,不动产租赁
中正^,建物,基隆市中正^新S街301~330,0.0,住,,,1040628,土地0建物1位0,十,14,住宅大(11雍以上有梯),住家用,筋混凝土造,0850309,140.29,5,1,2,有,有,有,18000,128,,0.0,0,,RPUQMLNJPHKFFBC48CC,基隆市,3,21.61,不动产租赁
中正^,房地(土地+建物),基隆市中正^^海街61~90,14.2,住,,,1040627,土地1建物1位0,七,16,住宅大(11雍以上有梯),住家用,筋混凝土造,0880114,70.67,1,1,2,有,有,有,8000,113,,0.0,0,租金群社^管理M,RPXRMLRJPHKFFBC66CC,基隆市,3,21.61,不动产租赁
中正^,房地(土地+建物),基隆市中正^中船路91~120,11.6,商,,,1040621,土地1建物1位0,四,5,公寓(5呛以下o梯),住家用,筋混凝土造,0670609,43.24,1,1,1,有,o,有,7000,162,,0.0,0,,RPTSMLRJPHKFFBC98CC,基隆市,3,21.61,不动产租赁
七堵^,房地(土地+建物),基隆市七堵^百七街1~30,78.4,住,,,1040703,土地2建物1位0,一,5,店面(店),商I用,筋混凝土造,0691124,130.54,0,0,0,o,o,o,18000,138,,0.0,0,,RPTNMLSJPHKFFCC68CC,基隆市,3,21.61,不动产租赁
信x^,房地(土地+建物),基隆市信x^深溪路36巷70弄1~30,28.04,住,,,1040618,土地1建物1位0,一,7,AB(10雍以下有梯),住家用,筋混凝土造,0880120,137.48,4,2,2,有,有,o,12500,91,,0.0,0,租金群管理M,RPSNMLPKPHKFFBC28CC,基隆市,3,21.61,不动产租赁
仁^,建物,基隆市仁^南s路393巷1~30,0.0,住,,,1040716,土地0建物1位0,二,4,公寓(5呛以下o梯),住家用,筋混凝土加u造,0660620,80.09,0,0,0,o,o,有,7500,94,,0.0,0,,RPPNMLSKPHKFFBC28CC,基隆市,3,21.61,不动产租赁
仁^,建物,基隆市仁^廴路1~30,0.0,商,,,1040731,土地0建物1位0,全,3,透天厝,住商用,筋混凝土加u造,0520730,114.04,0,0,0,o,o,o,70000,614,,0.0,0,H租U此建物的一优c二蛹膀T,RPQNMLLJQHKFFBC67CC,基隆市,3,21.61,不动产租赁
中正^,建物,基隆市中正^新S街331~360,0.0,住,,,1040726,土地0建物1位0,十四,15,住宅大(11雍以上有梯),住家用,筋混凝土造,0850309,81.06,2,1,1,有,有,有,9000,111,,0.0,0,,RPRNMLLJQHKFFBC77CC,基隆市,3,21.61,不动产租赁
七堵^,房地(土地+建物),基隆市七堵^工建南路1~30,9835.0,工,,,1040730,土地1建物1位0,其他登事,2,Sk,其他登事,其他登事,0910916,6062.72,0,0,0,o,o,o,500000,82,,0.0,0,,RPSNMLQJQHKFFCC48CC,基隆市,3,21.61,不动产租赁
安^,房地(土地+建物),基隆市安^武街1~30,5000.0,工,,,1040731,土地5建物1位0,其他登事,3,Sk,工I用,造,0810828,5183.57,0,0,0,o,o,o,450000,87,,0.0,0,有民情L俗因素之交易。;租U面e含增建共s2034坪,RPQOMLLLQHKFFCC08CC,基隆市,3,21.61,不动产租赁
信x^,建物,基隆市信x^深美街86巷1~30,0.0,住,,,1040825,土地0建物1位0,二,5,AB(10雍以下有梯),住家用,筋混凝土造,0870514,64.77,3,1,2,有,有,o,8500,131,,0.0,0,,RPUNMLRLQHKFFBC88CC,基隆市,3,21.61,不动产租赁
七堵^,建物,基隆市七堵^崇智街31~60,0.0,住,,,1040818,土地0建物1位0,二,7,AB(10雍以下有梯),住家用,筋混凝土造,0810428,235.95,0,0,0,o,o,o,20000,85,,0.0,0,,RPSNMLRJRHKFFCC68CC,基隆市,3,21.61,不动产租赁
暖暖^,建物,基隆市暖暖^源h路199巷1~30,0.0,住,,,1040915,土地0建物1位0,五,5,公寓(5呛以下o梯),住家用,筋混凝土造,0850111,136.16,4,2,2,有,o,o,9000,66,,0.0,0,,RPXNMLNLRHKFFCC98CC,基隆市,3,21.61,不动产租赁
仁^,建物,基隆市仁^鄱路1~30,0.0,商,,,1040926,土地0建物1位0,一,5,店面(店),其他登事,筋混凝土造,1031007,199.77,0,2,2,有,o,有,95000,476,,0.0,0,1-2,RPPNMLMKIIKFFBC17DC,基隆市,3,21.61,不动产租赁
中正^,建物,基隆市中正^^海街121~150,0.0,住,,,1041007,土地0建物1位0,七,14,套房(1房1d1l),住家用,筋混凝土造,0880114,32.56,0,0,0,o,有,有,5000,154,,0.0,0,,RPPNMLQKIIKFFBC47CC,基隆市,3,21.61,不动产租赁
中正^,建物,基隆市中正^中正路601~630,0.0,其他,,,1041002,土地0建物1位0,一,9,AB(10雍以下有梯),商I用,筋混凝土造,0800201,340.6,0,0,0,o,o,o,130000,382,,0.0,0,,RPWNMLTLIIKFFBC58CC,基隆市,3,21.61,不动产租赁
七堵^,土地,台五段361~390地,115.7,工,,,1041021,土地1建物0位0,,,其他,,,,0.0,0,0,0,有,o,o,55000,475,,0.0,0,,RPTNMLNJJIKFFCC67CC,基隆市,3,21.61,不动产租赁
七堵^,建物,基隆市七堵^崇智街31~60,0.0,其他,,,1041101,土地0建物1位0,一,7,AB(10雍以下有梯),商I用,筋混凝土造,0810428,192.97,0,0,0,o,有,o,35000,181,,0.0,0,,RPUNMLQJJIKFFCC08CC,基隆市,3,21.61,不动产租赁
安^,建物,基隆市安^武X街301~330,0.0,住,,,1041111,土地0建物1位0,一,7,AB(10雍以下有梯),商I用,筋混凝土造,0850216,116.47,2,1,1,有,o,o,20000,172,,0.0,0,,RPUNMLLKJIKFFCC67CC,基隆市,3,21.61,不动产租赁
信x^,建物,基隆市信x^信一路121~150,0.0,商,,,1041026,土地0建物2位1,三,14,k公商I大,其他登事,筋混凝土造,0860620,263.09,0,0,0,o,有,o,50000,191,升降平面,16.53,0,,RPPNMLLKJIKFFBC17DC,基隆市,3,21.61,不动产租赁
中正^,房地(土地+建物),基隆市中正^^海街91~120,16.75,住,,,1041020,土地2建物1位0,五,14,住宅大(11雍以上有梯),住家用,筋混凝土造,0880114,87.83,2,1,2,有,有,有,8500,97,,0.0,0,租金群社^管理M,RPPNMLQKJIKFFBC57CC,基隆市,3,21.61,不动产租赁
信x^,建物,基隆市信x^x六路1~30,0.0,商,,,1041126,土地0建物1位2,六,18,住宅大(11雍以上有梯),住家用,筋混凝土造,1020722,155.28,3,2,2,有,有,有,28000,180,坡道C械,21.04,0,,RPSOMLTJKIKFFBC38DC,基隆市,3,21.61,不动产租赁
信x^,房地(土地+建物),基隆市信x^信二路174巷61~90,36.75,住,,,1041125,土地2建物1位0,一,4,公寓(5呛以下o梯),住家用,筋混凝土加u造,0630521,84.61,3,2,1,有,o,o,12000,142,,0.0,0,,RPRQMLSKKIKFFBC38CC,基隆市,3,21.61,不动产租赁
仁^,建物,基隆市仁^廴路61~90,0.0,商,,,1050115,土地0建物1位0,一,7,店面(店),商I用,筋混凝土造,0800515,61.2,0,0,0,o,o,o,140000,2288,,0.0,0,,RPPNMLSKJHLFFBC77CC,基隆市,3,21.61,不动产租赁
仁^,建物,基隆市仁^忠三路31~60,0.0,商,,,1050126,土地0建物1位0,一,5,店面(店),商I用,筋混凝土造,0750723,122.22,0,0,0,o,o,o,42000,344,,0.0,0,,RPVNMLOJKHLFFBC08DC,基隆市,3,21.61,不动产租赁
暖暖^,建物,基隆市暖暖^暖暖街91~120,0.0,住,,,1050221,土地0建物1位0,一,5,店面(店),商I用,筋混凝土造,0701228,71.09,0,0,0,o,o,o,13000,183,,0.0,0,,RPPNMLLLKHLFFCC37CC,基隆市,3,21.61,不动产租赁
仁^,建物,基隆市仁^仁三路1~30,0.0,商,,,1050223,土地0建物1位0,其他登事,3,店面(店),住商用,u造,0491019,230.59,0,0,0,o,o,o,70000,304,,0.0,0,,RPRNMLMJLHLFFBC57DC,基隆市,3,21.61,不动产租赁
中正^,建物,基隆市中正^新S街271~300,0.0,住,,,1050229,土地0建物1位0,一,23,住宅大(11雍以上有梯),其他登事,筋混凝土造,0851129,61.96,0,0,0,o,有,o,30000,484,,0.0,0,,RPPNMLOJLHLFFBC47CC,基隆市,3,21.61,不动产租赁
中正^,建物,基隆市中正^^海街181~210,0.0,住,,,1050321,土地0建物1位0,六,16,套房(1房1d1l),住家用,筋混凝土造,0880114,31.96,1,1,1,有,有,有,5500,172,,0.0,0,,RPPNMLNLLHLFFBC57CC,基隆市,3,21.61,不动产租赁
仁^,房地(土地+建物),基隆市仁^安街181~210,48.5,其他,,,1050317,土地6建物1位0,一,2,店面(店),住家用,筋混凝土造,0801015,94.25,0,0,0,o,o,o,22500,239,,0.0,0,,RPVNMLPLLHLFFBC38CC,基隆市,3,21.61,不动产租赁
七堵^,房地(土地+建物),基隆市七堵^泰安路1~30,22.07,住,,,1050315,土地1建物1位0,十,10,AB(10雍以下有梯),住家用,筋混凝土造,0961116,103.34,3,2,2,有,有,有,10000,97,,0.0,0,,RPUNMLPLLHLFFCC38CC,基隆市,3,21.61,不动产租赁
中正^,建物,基隆市中正^新S街121~150,0.0,住,,,1050406,土地0建物1位0,一,5,店面(店),商I用,筋混凝土造,0800926,77.74,5,1,1,有,o,o,23000,296,,0.0,0,,RPUNMLRJMHLFFBC38CC,基隆市,3,21.61,不动产租赁
中正^,建物,基隆市中正^新S街451~480,0.0,住,,,1050407,土地0建物1位0,三,20,住宅大(11雍以上有梯),住家用,筋混凝土造,0861121,133.94,4,2,2,有,有,有,13000,97,,0.0,0,,RPVNMLRJMHLFFBC48CC,基隆市,3,21.61,不动产租赁
中正^,建物,基隆市中正^新S街301~330,0.0,住,,,1050415,土地0建物1位0,十,14,住宅大(11雍以上有梯),住家用,筋混凝土造,0850309,140.29,5,1,2,有,有,有,18000,128,,0.0,0,,RPSNMLPKMHLFFBC08CC,基隆市,3,21.61,不动产租赁
七堵^,房地(土地+建物),基隆市七堵^百七街61~90,538.0,住,,,1050330,土地1建物2位0,地下一,16,住宅大(11雍以上有梯),商I用,筋混凝土造,0800823,3057.95,0,0,2,有,有,o,210000,69,,0.0,0,,RPQNMLSKMHLFFCC28CC,基隆市,3,21.61,不动产租赁
七堵^,房地(土地+建物),基隆市七堵^百六街100巷1~30,48.88,商,,,1050413,土地1建物1位0,一,5,店面(店),商I用,筋混凝土造,0790808,193.64,1,1,2,有,o,o,50000,258,,0.0,0,,RPPNMLNLMHLFFCC77CC,基隆市,3,21.61,不动产租赁
信x^,房地(土地+建物),基隆市信x^信一路141巷1~30,24.88,商,,,1050407,土地1建物1位0,六,8,AB(10雍以下有梯),住家用,筋混凝土造,0801016,166.15,3,2,2,有,o,o,26000,156,,0.0,0,,RPSNMLOJNHLFFBC08DC,基隆市,3,21.61,不动产租赁
七堵^,房地(土地+建物)+位,基隆市七堵^明德二路1~30,27.58,住,,,1050410,土地1建物1位1,十一,12,住宅大(11雍以上有梯),住家用,筋混凝土造,0840801,138.99,4,2,2,有,o,o,15000,108,坡道平面,38.45,0,,RPVNMLPJNHLFFCC48CC,基隆市,3,21.61,不动产租赁
安^,房地(土地+建物),基隆市安^基金一路121~150,32.05,住,,,1050502,土地1建物1位0,一,5,店面(店),商I用,筋混凝土造,0780620,96.02,0,0,0,o,o,o,73000,760,,0.0,0,,RPPNMLOKNHLFFCC97DC,基隆市,3,21.61,不动产租赁
七堵^,房地(土地+建物),基隆市七堵^基隆市七堵^`路151~180,49.44,住,,,1050511,土地1建物1位0,一,7,店面(店),商I用,筋混凝土造,0850705,125.43,0,0,1,有,o,o,28000,223,,0.0,0,,RPVNMLNLNHLFFCC48CC,基隆市,3,21.61,不动产租赁
中正^,房地(土地+建物),基隆市中正^^海街91~120,16.76,住,,,1050429,土地2建物1位0,五,14,住宅大(11雍以上有梯),住家用,筋混凝土造,0880114,87.83,2,2,2,有,有,有,8500,97,,0.0,0,租金群社^管理M,RPVNMLOLNHLFFBC48CC,基隆市,3,21.61,不动产租赁
中正^,位,基隆市中正^^海街91~120,0.0,,,,1050429,土地0建物0位1,,,其他,,,,45.95,0,0,0,有,有,o,1500,,坡道平面,45.95,1500,租金群社^位清M,RPSNMLPLNHLFFBC28CC,基隆市,3,21.61,不动产租赁
仁^,建物,基隆市仁^廴路31~60,130.0,商,,,1050518,土地0建物1位0,一,3,店面(店),商I用,u造,0260101,109.92,0,3,1,有,o,o,170000,1547,,0.0,0,,RPRNMLPLNHLFFBC28DC,基隆市,3,21.61,不动产租赁
仁^,房地(土地+建物),基隆市仁^仁一路181~210,55.0,商,,,1050524,土地2建物1位0,一,3,店面(店),住商用,加u造,0521101,47.21,0,0,0,o,o,o,30000,635,,0.0,0,,RPSNMLRLNHLFFBC58DC,基隆市,3,21.61,不动产租赁
中正^,建物,基隆市中正^^海街121~150,0.0,,,,1050530,土地0建物1位0,七,14,套房(1房1d1l),住家用,筋混凝土造,0880114,32.56,0,0,0,o,有,有,5000,154,,0.0,0,,RPPNMLLMNHLFFBC67CC,基隆市,3,21.61,不动产租赁
七堵^,土地,工建段901~930地,2092.56,工,,,1050517,土地1建物0位0,,,其他,,,,0.0,0,0,0,有,o,o,220000,105,,0.0,0,租U:工建西路2A^域}483坪+空地150坪,RPUNMLOJOHLFFCC38CC,基隆市,3,21.61,不动产租赁
中山^,房地(土地+建物),基隆市中山^团d路259巷1~30,21.72,住,,,1050614,土地3建物1位0,二,5,公寓(5呛以下o梯),住家用,筋混凝土造,0830930,83.2,2,2,1,有,o,有,6000,72,,0.0,0,,RPVNMLMLOHLFFCC48CC,基隆市,3,21.61,不动产租赁
信x^,房地(土地+建物),基隆市信x^深溪路55巷1~30,24.05,住,,,1050601,土地1建物1位0,一,7,AB(10雍以下有梯),住家用,筋混凝土造,0880122,101.74,3,2,2,有,有,有,12000,118,,0.0,0,租金含社^管理M,RPTNMLMLOHLFFBC18CC,基隆市,3,21.61,不动产租赁
信x^,房地(土地+建物),基隆市信x^信二路91~120,51.0,商,,,1050608,土地2建物1位0,一,2,店面(店),住商用,u造,0470301,49.22,0,0,0,o,o,o,18000,366,,0.0,0,,RPSNMLQLOHLFFBC58DC,基隆市,3,21.61,不动产租赁
七堵^,房地(土地+建物),基隆市七堵^百五街64巷1~30,38.8,住,,,1050605,土地1建物1位0,一,4,公寓(5呛以下o梯),商I用,筋混凝土加u造,0671202,91.89,2,2,1,有,o,有,8000,87,,0.0,0,,RPSOMLLJPHLFFCC08CC,基隆市,3,21.61,不动产租赁
安^,房地(土地+建物),基隆市安^基金一路208巷121~150,26.76,住,,,1050705,土地2建物1位0,五,5,公寓(5呛以下o梯),住家用,筋混凝土造,0840811,96.62,2,2,2,有,有,o,6000,62,,0.0,0,,RPVNMLQJPHLFFCC78CC,基隆市,3,21.61,不动产租赁
中山^,建物,基隆市中山^团d路331~360,51.95,住,,,1050605,土地0建物1位0,一,7,店面(店),商I用,筋混凝土造,0831007,231.39,0,0,0,o,o,o,28000,121,,0.0,0,,RPTNMLOKPHLFFCC58DC,基隆市,3,21.61,不动产租赁
中正^,房地(土地+建物),基隆市中正^信一路151~180,99.0,商,,,1050620,土地1建物1位0,四,4,公寓(5呛以下o梯),住商用,加u造,0600212,92.1,0,0,0,o,o,o,16000,174,,0.0,0,,RPROMLKLPHLFFBC08DC,基隆市,3,21.61,不动产租赁
仁^,建物,基隆市仁^廴路121~150,0.0,,,,1050715,土地0建物1位0,二,10,AB(10雍以下有梯),商I用,筋混凝土造,0850214,155.69,0,0,0,o,o,o,62000,398,,0.0,0,,RPQNMLLLPHLFFBC87CC,基隆市,3,21.61,不动产租赁
中正^,房地(土地+建物),基隆市中正^祥S街121~150,45.0,住,,,1050629,土地1建物1位0,全,1,透天厝,住商用,u造,,38.13,3,2,2,有,o,o,14800,388,,0.0,0,,RPRNMLNLPHLFFBC28DC,基隆市,3,21.61,不动产租赁
中正^,建物,基隆市中正^新S街333巷31~60,0.0,,,,1050715,土地0建物1位0,三,9,AB(10雍以下有梯),住家用,筋混凝土造,0841122,105.54,3,2,2,有,有,有,7500,71,,0.0,0,9月15日起租金{q8500元,RPQNMLTLPHLFFBC68CC,基隆市,3,21.61,不动产租赁
中正^,房地(土地+建物)+位,基隆市中正^信二路271~300,61.22,商,,,1050629,土地1建物2位4,一,12,店面(店),其他登事,筋混凝土造,0931207,547.74,0,1,2,有,有,o,180000,329,坡道C械,30.4,0,,RPSNMLTLPHLFFBC88CC,基隆市,3,21.61,不动产租赁
中山^,建物,基隆市中山^中山一路271~300,21.0,商,,,1050709,土地0建物1位0,一,3,公寓(5呛以下o梯),住家用,加u造,0540501,30.07,1,1,1,有,o,o,12000,399,,0.0,0,土地槲葜飨蛘没商Iy行股份有限公司承租,RPPNMLPJQHLFFCC18CC,基隆市,3,21.61,不动产租赁
中正^,建物,基隆市中正^正x路100巷31~60,0.0,其他,,,1050802,土地0建物1位0,全,2,透天厝,住家用,加u造,0641027,48.83,5,0,3,有,o,有,15000,307,,0.0,0,,RPPNMLRJQHLFFBC28CC,基隆市,3,21.61,不动产租赁
七堵^,房地(土地+建物),基隆市七堵^大A二路31~60,1064.46,,山坡地保育^,丁N建B用地,1050801,土地1建物1位0,一,4,Sk,其他登事,筋混凝土造,1030728,485.95,0,0,0,o,o,o,140700,290,,0.0,0,"建物147坪,空地175坪",RPVNMLTJQHLFFCC56CC,基隆市,3,21.61,不动产租赁
中正^,建物,基隆市中正^新S街331~360,0.0,住,,,1050810,土地0建物1位0,十四,15,住宅大(11雍以上有梯),住家用,筋混凝土造,0850309,81.06,2,2,1,有,有,有,9000,111,,0.0,0,,RPRNMLLKQHLFFBC97CC,基隆市,3,21.61,不动产租赁
中正^,房地(土地+建物),基隆市中正^x一路91~120,68.3,商,,,1050722,土地2建物1位0,一,10,店面(店),商I用,筋混凝土造,0830502,194.37,0,0,1,有,o,o,61600,317,,0.0,0,,RPPNMLQKQHLFFBC38DC,基隆市,3,21.61,不动产租赁
仁^,房地(土地+建物),基隆市仁^仁四路19巷1~30,17.0,住,,,1050809,土地2建物1位0,四,4,公寓(5呛以下o梯),住家用,筋混凝土加u造,0610108,55.88,4,1,2,有,o,有,22000,394,,0.0,0,有民情L俗因素之交易。;增建s15坪,RPQNMLSKQHLFFBC58CC,基隆市,3,21.61,不动产租赁
仁^,房地(土地+建物),基隆市仁^南s路1~30,54.0,商,,,1050726,土地4建物1位0,五,5,公寓(5呛以下o梯),住家用,筋混凝土造,1000919,189.31,1,0,1,有,o,o,28000,148,,0.0,0,,RPSNMLOLQHLFFBC48CC,基隆市,3,21.61,不动产租赁
仁^,建物,基隆市仁^仁二路211~240,0.0,商,,,1050802,土地0建物1位0,一,4,店面(店),住商用,加u造,0500501,78.16,0,0,0,o,o,o,190000,2431,,0.0,0,,RPPOMLOLQHLFFBC28CC,基隆市,3,21.61,不动产租赁
暖暖^,房地(土地+建物)+位,基隆市安^^港路10巷121~150,19.23,住,,,1050801,土地1建物1位1,十一,11,住宅大(11雍以上有梯),住家用,筋混凝土造,0841218,81.1,3,2,2,有,有,有,7000,86,升降C械,23.39,0,本租金含位,RPSNMLLMQHLFFCC48DC,基隆市,3,21.61,不动产租赁
仁^,建物,基隆市仁^仁三路1~30,0.0,住,,,1050829,土地0建物1位1,地下一,9,店面(店),商I用,筋混凝土造,0880824,293.25,0,0,0,o,有,o,115000,392,升降C械,17.98,0,租U一半面e,RPPNMLRJRHLFFBC38CC,基隆市,3,21.61,不动产租赁
仁^,建物,基隆市仁^燮呗17巷1~30,0.0,住,,,1050822,土地0建物1位0,一,4,公寓(5呛以下o梯),住家用,筋混凝土加u造,0621115,57.43,3,1,1,有,o,o,10000,174,,0.0,0,,RPPNMLKKRHLFFBC77CC,基隆市,3,21.61,不动产租赁
中正^,房地(土地+建物),基隆市中正^新S街303巷15弄1~30,24.26,住,,,1050824,土地1建物1位0,五,5,公寓(5呛以下o梯),住家用,筋混凝土造,0851119,93.99,3,2,1,有,o,有,7000,74,,0.0,0,,RPRNMLTKRHLFFBC98DC,基隆市,3,21.61,不动产租赁
暖暖^,房地(土地+建物),基隆市暖暖^暖碇路38巷61~90,61.6,住,,,1050829,土地2建物1位0,五,11,住宅大(11雍以上有梯),其他登事,筋混凝土造,0980716,159.84,4,2,2,有,有,有,18000,113,,0.0,0,,RPPNMLTKRHLFFCC78CC,基隆市,3,21.61,不动产租赁
七堵^,房地(土地+建物),基隆市七堵^`路121~150,65.01,住,,,1050916,土地1建物1位0,一,5,公寓(5呛以下o梯),住商用,筋混凝土造,0700217,87.0,1,1,1,有,o,有,18000,207,,0.0,0,,RPURMLLLRHLFFCC98CC,基隆市,3,21.61,不动产租赁
中正^,房地(土地+建物),基隆市中正^武昌街1~30,24.68,商,,,1050909,土地1建物1位0,一,5,店面(店),商I用,筋混凝土造,0740619,124.19,1,1,1,有,o,o,20000,161,,0.0,0,,RPUNMLLLRHLFFBC58DC,基隆市,3,21.61,不动产租赁
中正^,房地(土地+建物),基隆市中正^x一路31~60,55.5,商,,,1050907,土地2建物1位0,九,10,k公商I大,其他登事,筋混凝土造,0790419,258.87,0,0,0,o,有,o,50000,193,,0.0,0,,RPWNMLMLRHLFFBC88DC,基隆市,3,21.61,不动产租赁
中正^,房地(土地+建物),基隆市中正^北路331~360,36.6,商,,,1050901,土地2建物1位0,一,4,店面(店),商I用,筋混凝土造,0661208,113.48,0,0,1,有,o,o,22000,194,,0.0,0,,RPPNMLMJIILFFBC17DC,基隆市,3,21.61,不动产租赁
中正^,房地(土地+建物),基隆市中正^信六路1~30,4.06,商,,,1051001,土地1建物1位0,四,10,AB(10雍以下有梯),住家用,筋混凝土造,0860414,33.02,1,1,1,有,有,有,6000,182,,0.0,0,,RPSNMLOJIILFFBC57CC,基隆市,3,21.61,不动产租赁
仁^,建物,基隆市仁^孝一路91~120,0.0,商,,,1050914,土地0建物1位0,其他登事,4,店面(店),商I用,筋混凝土造,0671124,42.23,0,0,0,o,o,o,50000,1184,,0.0,0,,RPQNMLQJIILFFBC57CC,基隆市,3,21.61,不动产租赁
中山^,建物,基隆市中山^团d路121~150,0.0,其他,,,1050920,土地0建物1位0,其他登事,2,店面(店),住商用,筋混凝土造,0840809,327.82,0,0,0,o,o,o,75000,229,,0.0,0,,RPRSMLRKIILFFCC48CC,基隆市,3,21.61,不动产租赁
中正^,建物,基隆市中正^x一路61~90,0.0,商,,,1050925,土地0建物1位0,五,10,AB(10雍以下有梯),其他登事,筋混凝土造,0860503,42.8,0,0,0,o,有,o,9500,222,,0.0,0,,RPUNMLTKIILFFBC48DC,基隆市,3,21.61,不动产租赁
中正^,建物,基隆市中正^新S街303巷21弄31~60,0.0,,,,1051107,土地0建物1位0,四,5,公寓(5呛以下o梯),住家用,筋混凝土造,0851119,96.52,3,1,1,有,o,o,7000,73,,0.0,0,,RPTOMLRJJILFFBC18CC,基隆市,3,21.61,不动产租赁
安^,房地(土地+建物),基隆市暖暖^基金一路208巷138弄1~30,28.09,住,,,1051016,土地1建物1位0,五,5,公寓(5呛以下o梯),住家用,筋混凝土造,0831015,101.69,4,2,1,有,o,有,6500,64,,0.0,0,,RPRNMLSJJILFFCC08CC,基隆市,3,21.61,不动产租赁
信x^,房地(土地+建物),基隆市信x^|明路151~180,22.0,商,,,1051015,土地1建物1位0,一,4,店面(店),住家用,加u造,0580930,72.94,0,0,0,o,o,o,20000,274,,0.0,0,,RPPNMLTJJILFFBC97DC,基隆市,3,21.61,不动产租赁
仁^,建物,基隆市仁^仁一路107巷1~30,0.0,商,,,1051026,土地0建物1位0,一,6,店面(店),其他登事,筋混凝土造,0980327,93.46,0,0,0,o,有,有,13000,139,,0.0,0,有地下室,RPSNMLSKJILFFBC18CC,基隆市,3,21.61,不动产租赁
信x^,建物,基隆市信x^深美街86巷1~30,0.0,住,,,1051112,土地0建物1位0,二,5,AB(10雍以下有梯),住家用,筋混凝土造,0870514,64.77,3,1,2,有,有,o,9000,139,,0.0,0,,RPUNMLLLJILFFBC77CC,基隆市,3,21.61,不动产租赁
仁^,建物,基隆市仁^廴路121~150,0.0,商,,,1051027,土地0建物1位0,四,10,k公商I大,商I用,筋混凝土造,0850214,155.69,0,0,0,o,o,有,48000,308,,0.0,0,,RPQNMLPLJILFFBC77CC,基隆市,3,21.61,不动产租赁
中正^,房地(土地+建物),基隆市中正^信一路151~180,3.83,商,,,1051104,土地2建物1位0,二十,33,住宅大(11雍以上有梯),商I用,骨筋混凝土造,0900221,62.64,1,0,1,有,有,有,15000,239,,0.0,0,砭悖弘*1，冰箱*1，冷*1，窗*1，梳y台*1，椅子*2,RPRNMLKMJILFFBC47CC,基隆市,3,21.61,不动产租赁
中正^,房地(土地+建物),基隆市中正^信一路151~180,3.14,商,,,1051101,土地2建物1位0,十九,33,住宅大(11雍以上有梯),商I用,骨筋混凝土造,0900221,50.14,1,0,1,有,有,有,10000,199,,0.0,0,砭悖弘*1，冰箱*1，冷*1，桌子*1,RPTNMLKMJILFFBC67CC,基隆市,3,21.61,不动产租赁
中正^,房地(土地+建物),基隆市中正^^海街151~180,22.66,住,,,1051112,土地1建物1位0,八,15,住宅大(11雍以上有梯),住家用,筋混凝土造,0880114,112.6,3,2,2,有,有,o,9000,80,,0.0,0,租金群社^管理M,RPWNMLMJKILFFBC97CC,基隆市,3,21.61,不动产租赁
安^,建物,基隆市安^金路271~300,0.0,住,,,1051120,土地0建物1位0,九,22,住宅大(11雍以上有梯),其他登事,筋混凝土造,1050124,70.28,2,1,1,有,有,o,16000,228,,0.0,0,,RPQPMLQJKILFFCC08CC,基隆市,3,21.61,不动产租赁
信x^,建物,基隆市信x^|明路77巷7弄1~30,0.0,其他,,,1051204,土地0建物1位0,三,6,AB(10雍以下有梯),住家用,筋混凝土造,0820518,140.62,4,2,2,有,有,有,12000,85,,0.0,0,,RPPNMLQKKILFFBC77CC,基隆市,3,21.61,不动产租赁
七堵^,土地,台五段361~390地,49.64,工,,,1051222,土地1建物0位0,,,},,,,0.0,0,0,0,o,o,o,22000,,,0.0,0,"有民情L俗因素之交易。;部分分租,含未登建物",RPPQMLNLKILFFCC18EC,基隆市,3,21.61,不动产租赁
七堵^,土地,台五段361~390地,701.06,工,,,1051123,土地1建物0位0,,,},,,,0.0,0,0,0,有,o,o,95000,,,0.0,0,有民情L俗因素之交易。;部分分租.含未登建物,RPTNMLRLKILFFCC68EC,基隆市,3,21.61,不动产租赁
安^,房地(土地+建物),基隆市安^金路211~240,6.92,住,,,1051128,土地3建物1位0,十,22,住宅大(11雍以上有梯),其他登事,筋混凝土造,1050124,70.28,2,1,1,有,有,有,11500,164,,0.0,0,,RPQNMLRLKILFFCC18CC,基隆市,3,21.61,不动产租赁
七堵^,建物,基隆市七堵^福一街211~240,44.45,商,,,1051202,土地0建物1位0,一,4,店面(店),住家用,筋混凝土加u造,0670317,122.6,0,0,0,o,o,o,15000,122,,0.0,0,,RPQOMLSLKILFFCC38CC,基隆市,3,21.61,不动产租赁
仁^,建物,基隆市仁^鬯穆1~30,0.0,商,,,1051209,土地0建物6位0,其他登事,8,店面(店),商I用,筋混凝土造,0660829,1984.88,0,0,0,o,o,o,950000,479,,0.0,0,,RPPOMLNJJHMFFBC37CC,基隆市,3,21.61,不动产租赁
仁^,房地(土地+建物),基隆市仁^南s路1~30,108.18,商,,,1051221,土地4建物1位0,其他登事,5,店面(店),其他登事,筋混凝土造,1000919,377.27,1,0,5,有,o,o,80000,212,,0.0,0,,RPQNMLTJJHMFFBC97CC,基隆市,3,21.61,不动产租赁
安^,房地(土地+建物),基隆市安^基金一路331~360,98.74,工,,,1051207,土地1建物1位0,全,4,透天厝,其他登事,筋混凝土造,1010221,198.69,6,0,3,有,o,o,29700,149,,0.0,0,做T工宿舍用,RPWNMLKKJHMFFCC87CC,基隆市,3,21.61,不动产租赁
仁^,房地(土地+建物),基隆市仁^忠二路1~30,26.6,商,,,1051125,土地2建物1位0,二,5,公寓(5呛以下o梯),住家用,筋混凝土造,0811208,121.96,0,1,2,有,o,o,31000,254,,0.0,0,租U2乔鞍氩,RPXNMLQKJHMFFBC48CC,基隆市,3,21.61,不动产租赁
安^,房地(土地+建物),基隆市安^基金一路135巷1~30,26.44,住,,,1051225,土地4建物1位0,一,7,店面(店),住家用,筋混凝土造,0820315,106.16,0,0,0,o,o,o,20000,188,,0.0,0,,RPPNMLQKJHMFFCC87DC,基隆市,3,21.61,不动产租赁
安^,房地(土地+建物),基隆市安^防三街8巷1~30,6.41,其他,,,1060107,土地1建物1位0,十六,17,住宅大(11雍以上有梯),住家用,筋混凝土造,0840504,53.13,1,1,1,有,有,有,8500,160,,0.0,0,,RPPOMLRKJHMFFCC18EC,基隆市,3,21.61,不动产租赁
信x^,建物,基隆市信x^信一路1~30,0.0,商,,,1060101,土地0建物1位0,全,2,透天厝,,,,137.94,0,0,0,o,o,o,56760,411,,0.0,0,,RPVNMLOLJHMFFBC28DC,基隆市,3,21.61,不动产租赁
中正^,房地(土地+建物),基隆市中正^^海街151~180,22.39,住,,,1060105,土地1建物1位0,一,16,住宅大(11雍以上有梯),商I用,筋混凝土造,0880114,111.49,0,1,1,有,有,有,8000,72,,0.0,0,管理M由出租人,RPUOMLPLJHMFFBC28CC,基隆市,3,21.61,不动产租赁
安^,房地(土地+建物)+位,基隆市安^金路331~360,21.51,住,,,1060101,土地3建物2位1,三,18,住宅大(11雍以上有梯),其他登事,筋混凝土造,1050124,200.48,4,2,2,有,有,o,28500,142,坡道平面,15.87,0,,RPXNMLNJKHMFFCC28CC,基隆市,3,21.61,不动产租赁
暖暖^,房地(土地+建物),基隆市暖暖^基隆市暖暖^源h路151~180,20.54,住,,,1060206,土地1建物1位0,十四,16,住宅大(11雍以上有梯),住家用,筋混凝土造,0850309,103.17,3,2,2,有,有,o,10000,97,,0.0,0,租金含管理M,RPVNMLNKKHMFFCC18CC,基隆市,3,21.61,不动产租赁
仁^,房地(土地+建物),基隆市仁^孝二路61~90,13.8,商,,,1060130,土地2建物1位0,一,1,店面(店),商I用,筋混凝土加u造,,66.79,0,0,0,o,o,o,45000,674,,0.0,0,,RPSNMLNKKHMFFBC77CC,基隆市,3,21.61,不动产租赁
暖暖^,建物,基隆市暖暖^暖暖街91~120,0.0,住,,,1060215,土地0建物1位0,一,5,店面(店),商I用,筋混凝土造,0701228,71.09,0,0,0,o,o,o,13000,183,,0.0,0,ms,RPTNMLPKKHMFFCC18CC,基隆市,3,21.61,不动产租赁
信x^,建物,基隆市信x^信二路241~270,0.0,商,,,1060125,土地0建物2位0,其他登事,8,店面(店),住家用,筋混凝土造,0800527,269.84,0,0,0,o,o,o,130000,482,,0.0,0,,RPRNMLSKKHMFFBC18CC,基隆市,3,21.61,不动产租赁
中正^,建物,基隆市中正^^海街181~210,0.0,住,,,1060220,土地0建物1位0,六,16,套房(1房1d1l),住家用,筋混凝土造,0880114,31.96,1,1,1,有,有,有,5000,156,,0.0,0,,RPQNMLOLKHMFFBC77CC,基隆市,3,21.61,不动产租赁
信x^,房地(土地+建物),基隆市信x^深澳坑路168巷46弄1~30,18.81,住,,,1060208,土地1建物1位0,四,4,公寓(5呛以下o梯),其他登事,筋混凝土造,0840610,68.38,3,2,2,有,o,有,8000,117,,0.0,0,,RPRNMLOLKHMFFBC87CC,基隆市,3,21.61,不动产租赁
七堵^,建物,基隆市七堵^百六街1~30,0.0,住,,,1060214,土地0建物1位0,一,5,店面(店),商I用,筋混凝土造,0700617,92.24,0,0,0,o,o,o,26000,282,,0.0,0,,RPVNMLOLKHMFFCC38CC,基隆市,3,21.61,不动产租赁
七堵^,房地(土地+建物),基隆市七堵^堵南街129巷1~30,20.51,住,,,1060216,土地1建物1位0,四,5,公寓(5呛以下o梯),住家用,筋混凝土造,0821022,84.05,2,1,1,有,o,o,12000,143,,0.0,0,,RPUOMLMJLHMFFCC08CC,基隆市,3,21.61,不动产租赁
安^,房地(土地+建物)+位,基隆市安^金路361~390,10.51,住,,,1060228,土地3建物1位1,三,25,住宅大(11雍以上有梯),其他登事,筋混凝土造,1050124,99.99,2,1,1,有,有,有,15500,0,坡道平面,34.1,0,,RPTNMLSJLHMFFCC48CC,基隆市,3,21.61,不动产租赁
安^,房地(土地+建物),基隆市安^金路361~390,10.81,住,,,1060212,土地3建物1位0,二,25,住宅大(11雍以上有梯),其他登事,筋混凝土造,1050124,53.15,2,1,1,有,o,有,17000,320,,0.0,0,,RPRNMLNKLHMFFCC87CC,基隆市,3,21.61,不动产租赁
安^,房地(土地+建物),基隆市安^金路211~240,16.04,住,,,1060226,土地3建物1位0,十六,18,住宅大(11雍以上有梯),其他登事,筋混凝土造,1050124,91.49,3,2,2,有,o,有,22000,240,,0.0,0,,RPSNMLNKLHMFFCC97CC,基隆市,3,21.61,不动产租赁
安^,房地(土地+建物),基隆市安^金路271~300,10.68,住,,,1060125,土地3建物1位0,十四,22,住宅大(11雍以上有梯),其他登事,筋混凝土造,1050124,52.17,3,2,2,有,o,有,12000,230,,0.0,0,,RPSNMLOKLHMFFCC08CC,基隆市,3,21.61,不动产租赁
安^,房地(土地+建物),基隆市安^金路241~270,15.54,住,,,1060224,土地3建物1位0,十二,18,住宅大(11雍以上有梯),其他登事,筋混凝土造,1050124,87.88,3,2,2,有,o,有,22000,250,,0.0,0,,RPTNMLOKLHMFFCC18CC,基隆市,3,21.61,不动产租赁
安^,房地(土地+建物)+位,基隆市安^金路241~270,17.14,住,,,1060308,土地3建物1位1,十二,18,住宅大(11雍以上有梯),其他登事,筋混凝土造,1050124,155.72,3,2,2,有,有,有,25000,161,坡道平面,56.16,0,,RPUNMLOKLHMFFCC28CC,基隆市,3,21.61,不动产租赁
七堵^,房地(土地+建物),基隆市七堵^L安街1~30,1900.13,工,,,1060224,土地3建物1位0,其他登事,3,Sk,工I用,筋混凝土造,0700227,808.26,8,0,3,有,o,o,230000,285,,0.0,0,"106.3.1至106.3.31檠b潢期不收租金,第三年起租金{2%",RPPOMLRKLHMFFCC18CC,基隆市,3,21.61,不动产租赁
七堵^,房地(土地+建物),基隆市七堵^百三街61~90,57.99,住,,,1060315,土地1建物1位0,一,5,店面(店),住商用,筋混凝土造,0750821,110.69,0,0,0,o,o,o,40000,361,,0.0,0,,RPROMLRKLHMFFCC38CC,基隆市,3,21.61,不动产租赁
安^,房地(土地+建物),基隆市安^金路301~330,10.49,住,,,1060317,土地3建物1位0,十三,18,住宅大(11雍以上有梯),,,,76.87,3,2,2,有,有,有,18000,234,,0.0,0,,RPSNMLLLLHMFFCC87CC,基隆市,3,21.61,不动产租赁
安^,房地(土地+建物)+位,基隆市安^金路331~360,16.03,住,,,1060304,土地3建物1位1,十五,18,住宅大(11雍以上有梯),其他登事,筋混凝土造,1050124,144.4,3,2,2,有,有,有,23000,159,坡道平面,15.87,0,,RPSNMLMLLHMFFCC97CC,基隆市,3,21.61,不动产租赁
中正^,建物,基隆市中正^新S街211~240,0.0,,,,1060326,土地0建物1位0,十四,23,住宅大(11雍以上有梯),住家用,筋混凝土造,0851129,32.29,1,0,0,o,有,有,5000,155,,0.0,0,,RPPNMLQLLHMFFBC97CC,基隆市,3,21.61,不动产租赁
信x^,房地(土地+建物),基隆市信x^深溪路151~180,18.44,住,,,1060322,土地1建物1位0,一,4,店面(店),住商用,筋混凝土造,0880120,49.88,0,1,1,有,o,o,28000,561,,0.0,0,,RPQNMLNKMHMFFBC77CC,基隆市,3,21.61,不动产租赁
信x^,房地(土地+建物),基隆市信x^|信路301~330,119.0,商,,,1060424,土地2建物2位0,全,3,透天厝,住商用,加u造,0580115,325.38,0,0,0,o,o,o,110000,338,,0.0,0,,RPUNMLLKNHMFFBC08CC,基隆市,3,21.61,不动产租赁
中正^,建物,基隆市中正^北路361~390,0.0,商,,,1060513,土地0建物1位0,四,9,AB(10雍以下有梯),其他登事,筋混凝土造,0841006,96.23,3,2,2,有,有,有,11000,114,,0.0,0,,RPPNMLNKNHMFFBC77CC,基隆市,3,21.61,不动产租赁
安^,房地(土地+建物),基隆市安^金路121~150,11.96,住,,,1060508,土地8建物1位0,五,13,住宅大(11雍以上有梯),住家用,筋混凝土造,0860718,102.96,3,2,2,有,有,有,13000,126,,0.0,0,,RPUNMLQKNHMFFCC68CC,基隆市,3,21.61,不动产租赁
中正^,建物,基隆市中正^^海街91~120,0.0,住,,,1060526,土地0建物1位0,十六,16,住宅大(11雍以上有梯),住家用,筋混凝土造,0880114,130.32,4,2,2,有,有,有,15000,115,,0.0,0,,RPPNMLSLNHMFFBC38CC,基隆市,3,21.61,不动产租赁
中正^,建物,基隆市中正^新S街301~330,0.0,住,,,1060531,土地0建物1位0,十,14,住宅大(11雍以上有梯),住家用,筋混凝土造,0850309,140.29,5,1,2,有,有,有,18000,128,,0.0,0,,RPSOMLLMNHMFFBC18CC,基隆市,3,21.61,不动产租赁
七堵^,房地(土地+建物)+位,基隆市七堵^`路181~210,52.11,住,,,1060518,土地1建物1位1,一,11,店面(店),其他登事,筋混凝土造,1010615,195.7,0,0,0,o,有,o,37000,189,坡道平面,34.25,0,租金含位.管理M.清M,RPTNMLLMNHMFFCC28CC,基隆市,3,21.61,不动产租赁
安^,房地(土地+建物),基隆市安^防二街62巷211~240,20.94,住,,,1060516,土地1建物1位0,四,13,住宅大(11雍以上有梯),住家用,筋混凝土造,0880114,115.66,3,2,2,有,有,有,12000,104,,0.0,0,,RPXNMLMJOHMFFCC58CC,基隆市,3,21.61,不动产租赁
中正^,房地(土地+建物),基隆市中正^北路331~360,36.6,商,,,1060522,土地2建物1位0,一,4,店面(店),商I用,筋混凝土造,0661208,113.48,0,0,0,o,o,o,21000,185,,0.0,0,,RPRNMLPJOHMFFBC18CC,基隆市,3,21.61,不动产租赁
中正^,建物,基隆市中正^^海街121~150,0.0,住,,,1060606,土地0建物1位0,七,14,套房(1房1d1l),住家用,筋混凝土造,0880114,32.56,1,0,0,o,有,有,5000,154,,0.0,0,,RPQNMLRJOHMFFBC28CC,基隆市,3,21.61,不动产租赁
仁^,房地(土地+建物),基隆市仁^仁一路181~210,18.33,商,,,1060526,土地2建物1位0,一,3,店面(店),住商用,加u造,0521101,47.21,0,0,0,o,o,o,30000,635,,0.0,0,,RPPNMLSJOHMFFBC28CC,基隆市,3,21.61,不动产租赁
中正^,建物,基隆市中正^新S街333巷31~60,0.0,住,,,1060617,土地0建物1位0,三,9,AB(10雍以下有梯),住家用,筋混凝土造,0841122,105.54,3,2,2,有,有,有,8500,81,,0.0,0,H租U期1年5.5月,RPSNMLTKOHMFFBC78CC,基隆市,3,21.61,不动产租赁
七堵^,房地(土地+建物),基隆市七堵^福一街172巷1~30,9.88,住,,,1060601,土地1建物1位0,一,5,公寓(5呛以下o梯),住家用,筋混凝土造,0811016,116.31,3,1,2,有,o,o,27000,232,,0.0,0,,RPPOMLKLOHMFFCC87CC,基隆市,3,21.61,不动产租赁
仁^,房地(土地+建物),基隆市仁^孝四路1~30,15.92,商,,,1060606,土地2建物1位0,二,6,公寓(5呛以下o梯),住家用,筋混凝土造,0700411,80.22,3,2,1,有,o,有,13200,165,,0.0,0,1台、冰箱1台、冷3台、沙l1M、床M3套、流理台、瓦斯t,RPPNMLPLOHMFFBC18CC,基隆市,3,21.61,不动产租赁
仁^,房地(土地+建物),基隆市仁^忠二路31~60,12.15,商,,,1060608,土地2建物1位0,三,6,公寓(5呛以下o梯),住家用,筋混凝土造,0701126,70.82,1,1,1,有,o,o,12000,169,,0.0,0,,RPSNMLKMOHMFFBC08CC,基隆市,3,21.61,不动产租赁
中山^,房地(土地+建物),基隆市中山^中山一路241~270,65.0,商,,,1060601,土地1建物1位0,一,3,店面(店),住商用,加u造,0550330,40.03,0,0,1,有,o,o,10000,250,,0.0,0,,RPTNMLKMOHMFFCC28CC,基隆市,3,21.61,不动产租赁
中山^,房地(土地+建物),基隆市中山^中山一路241~270,65.0,商,,,1060601,土地1建物1位0,二,3,公寓(5呛以下o梯),住商用,加u造,0550330,40.03,0,0,1,有,o,o,15000,375,,0.0,0,,RPUNMLKMOHMFFCC38CC,基隆市,3,21.61,不动产租赁
仁^,房地(土地+建物),基隆市仁^忠二路1~30,53.2,商,,,1060710,土地2建物1位0,一,5,店面(店),商I用,筋混凝土造,0811208,243.92,0,0,2,有,o,o,95000,389,,0.0,0,,RPTNMLSKPHMFFBC88CC,基隆市,3,21.61,不动产租赁
信x^,房地(土地+建物),基隆市信x^|信路55巷1~30,21.0,住,,,1060722,土地3建物1位0,一,4,公寓(5呛以下o梯),住家用,筋混凝土加u造,0610120,66.22,3,2,1,有,o,有,9500,143,,0.0,0,一σ环蛛x式冷1台、崴器1台、瓦斯t1台、抽油C1台、窗型冷1台,RPRNMLLJQHMFFBC97CC,基隆市,3,21.61,不动产租赁
中正^,房地(土地+建物),基隆市中正^中正路271~300,23.4,商,,,1060707,土地2建物1位0,一,4,店面(店),住商用,加u造,0591006,114.89,1,1,1,有,o,有,18000,157,,0.0,0,,RPPNMLOJQHMFFBC18DC,基隆市,3,21.61,不动产租赁
七堵^,土地,五堵段五堵北小段811~840地,796.0,住,,,1060828,土地2建物0位0,,,其他,,,,0.0,0,0,0,有,o,有,50000,63,,0.0,0,"此说榭盏o地上物,承租方作橥＼鍪褂",RPVNMLLMQHMFFCC78CC,基隆市,3,21.61,不动产租赁
信x^,房地(土地+建物),基隆市信x^正信路12巷1~30,18.4,住,,,1060803,土地2建物1位0,三,5,公寓(5呛以下o梯),住家用,筋混凝土造,0710601,54.2,1,1,1,有,o,有,10000,185,,0.0,0,,RPPNMLOJRHMFFBC18CC,基隆市,3,21.61,不动产租赁
仁^,建物,基隆市仁^团d街1~30,0.0,住,,,1060905,土地0建物1位0,一,5,店面(店),其他登事,筋混凝土造,0851106,116.54,0,0,0,o,o,o,30000,257,,0.0,0,,RPSNMLLKRHMFFBC28CC,基隆市,3,21.61,不动产租赁
仁^,建物,基隆市仁^仁一路241~270,0.0,商,,,1060822,土地0建物1位0,二十二,31,住宅大(11雍以上有梯),住家用,骨筋混凝土造,0970204,57.75,0,0,0,o,o,有,23000,398,,0.0,0,,RPPOMLMKRHMFFBC18CC,基隆市,3,21.61,不动产租赁
七堵^,房地(土地+建物)+位,基隆市七堵^泰安路1~30,22.07,住,,,1060823,土地1建物1位1,九,10,AB(10雍以下有梯),住家用,筋混凝土造,0961116,121.05,3,2,2,有,有,有,19000,157,坡道平面,31.55,0,租金含位管理M,RPRNMLMKRHMFFCC38CC,基隆市,3,21.61,不动产租赁
七堵^,房地(土地+建物),基隆市七堵^崇孝街42巷31~60,22.35,住,,,1060829,土地1建物1位0,三,13,住宅大(11雍以上有梯),其他登事,筋混凝土造,1060419,90.93,2,2,1,有,有,o,15000,165,,0.0,0,租金含管理M,RPXNMLMKRHMFFCC98CC,基隆市,3,21.61,不动产租赁
中正^,建物,基隆市中正^^海街151~180,0.0,住,,,1060911,土地0建物1位0,一,16,店面(店),商I用,筋混凝土造,0880114,85.66,0,0,0,o,有,o,12000,140,,0.0,0,k公室使用,RPQNMLNKRHMFFBC28CC,基隆市,3,21.61,不动产租赁
安^,建物,基隆市安^基金一路211~240,0.0,住,,,1060901,土地0建物1位0,全,2,透天厝,住家用,加u造,0771205,132.07,5,4,4,有,o,o,35000,265,,0.0,0,有民情L俗因素之交易。;承租面e1~4牵其3~4樵鼋ǎ增建面es109.09平方公尺,RPTNMLPKRHMFFCC88CC,基隆市,3,21.61,不动产租赁
七堵^,房地(土地+建物),基隆市七堵^工建北路1~30,6317.0,工,,,1060918,土地1建物1位0,一,2,},其他登事,筋混凝土加u造,0630816,746.42,0,0,0,o,o,o,150000,,,0.0,0,土地持分榭面e三分之,RPVOMLTLRHMFFCC07CC,基隆市,3,21.61,不动产租赁
中正^,建物,基隆市中正^新S街331~360,0.0,住,,,1061007,土地0建物1位0,十四,15,住宅大(11雍以上有梯),住家用,筋混凝土造,0850309,81.06,2,2,1,有,有,有,10000,123,,0.0,0,,RPPNMLKKIIMFFBC07CC,基隆市,3,21.61,不动产租赁
安^,建物,基隆市安^基金一路129巷1~30,0.0,其他,,,1060926,土地0建物2位0,一,7,店面(店),商I用,筋混凝土造,0841208,383.62,1,2,1,有,o,o,42000,109,,0.0,0,前六月之月租金42000元，後六月之月租金{50000元,RPQOMLQLIIMFFCC08CC,基隆市,3,21.61,不动产租赁
信x^,房地(土地+建物),基隆市信x^教忠街40巷61~90,132.86,住,,,1061015,土地1建物1位0,一,4,店面(店),其他登事,筋混凝土造,0930813,148.09,0,1,3,有,o,o,25000,169,,0.0,0,土地持分c2(建3440)合愕怯，需另行分割,RPPNMLOJJIMFFBC47CC,基隆市,3,21.61,不动产租赁
暖暖^,建物,基隆市暖暖^暖暖街211~240,0.0,住,,,1061021,土地0建物1位0,一,8,店面(店),其他登事,筋混凝土造,0831120,100.0,0,0,0,o,有,o,50000,500,,0.0,0,租U橐硬缓A幼赓U面eHy量Y果,RPQNMLLLJIMFFCC67DC,基隆市,3,21.61,不动产租赁
安^,房地(土地+建物),基隆市安^中和路168巷6弄1~30,26.13,住,,,1061025,土地2建物1位0,一,5,店面(店),商I用,筋混凝土造,0851202,109.56,0,0,1,有,o,o,20000,183,,0.0,0,,RPRNMLMLJIMFFCC87DC,基隆市,3,21.61,不动产租赁
信x^,建物,基隆市信x^深美街86巷1~30,0.0,住,,,1061123,土地0建物1位0,二,5,AB(10雍以下有梯),住家用,筋混凝土造,0870514,64.77,3,1,2,有,o,o,9000,139,,0.0,0,,RPPNMLPLJIMFFBC77CC,基隆市,3,21.61,不动产租赁
七堵^,土地,台五段301~330地,991.73,其他,,,1061030,土地2建物0位0,,,其他,,,,0.0,0,0,0,有,o,o,45000,45,,0.0,0,,RPPOMLSLJIMFFCC28CC,基隆市,3,21.61,不动产租赁
中正^,建物,基隆市中正^^海街91~120,0.0,住,,,1061127,土地0建物1位0,十六,16,住宅大(11雍以上有梯),住家用,筋混凝土造,0880114,130.32,4,2,2,有,有,有,15000,115,,0.0,0,,RPPNMLNJKIMFFBC47CC,基隆市,3,21.61,不动产租赁
中正^,建物,基隆市中正^新S街303巷21弄31~60,0.0,住,,,1061201,土地0建物1位0,四,5,公寓(5呛以下o梯),住家用,筋混凝土造,0851119,96.52,3,1,1,有,o,o,7000,73,,0.0,0,,RPQNMLNJKIMFFBC57CC,基隆市,3,21.61,不动产租赁
中正^,房地(土地+建物),基隆市中正^信四路1~30,46.0,商,,,1061124,土地2建物1位0,一,4,店面(店),住商用,筋混凝土造,0600623,153.66,0,0,2,有,o,有,36000,234,,0.0,0,冷6台C窗型,RPSSMLMKKIMFFBC28CC,基隆市,3,21.61,不动产租赁
安^,房地(土地+建物),基隆市中山^中和路168巷5弄1~30,25.93,住,,,1070128,土地1建物1位0,一,5,公寓(5呛以下o梯),商I用,筋混凝土造,0860401,106.97,0,0,0,o,有,o,20000,187,,0.0,0,,RPUNMLTLJHNFFCC78CC,基隆市,3,21.61,不动产租赁
中山^,房地(土地+建物),基隆市中山^西定路271~300,25.0,商,,,1070103,土地1建物1位0,二,4,公寓(5呛以下o梯),住家用,筋混凝土加u造,0640523,74.74,3,2,2,有,o,有,11000,147,,0.0,0,冷C5台、崴器1台、冰箱1台、洗衣C1台、衣3,RPWNMLMJKHNFFCC18CC,基隆市,3,21.61,不动产租赁
仁^,建物,基隆市仁^鄱路1~30,0.0,商,,,1070125,土地0建物1位0,其他登事,5,店面(店),其他登事,筋混凝土造,1031007,199.77,0,0,0,o,o,o,65000,325,,0.0,0,,RPQNMLQLKHNFFBC08CC,基隆市,3,21.61,不动产租赁
仁^,房地(土地+建物),基隆市仁^鬯穆61~90,37.5,商,,,1070126,土地2建物1位0,其他登事,2,店面(店),住商用,木造,0350101,109.91,0,0,2,有,o,o,265000,2411,,0.0,0,,RPTNMLQLKHNFFBC38CC,基隆市,3,21.61,不动产租赁
中正^,房地(土地+建物),基隆市中正^正s街1~30,24.6,商,,,1070312,土地1建物1位0,一,5,店面(店),住商用,筋混凝土造,0820108,128.14,0,0,1,有,o,有,15000,117,,0.0,0,冷庖惶,RPPOMLMLLHNFFBC77CC,基隆市,3,21.61,不动产租赁
仁^,建物,基隆市仁^鬯穆1~30,0.0,商,,,1070305,土地0建物0位0,一,4,店面(店),,加u造,0501201,62.77,0,0,0,o,o,o,50000,797,,0.0,0,,RPQNMLNLLHNFFBC87CC,基隆市,3,21.61,不动产租赁
中正^,建物,基隆市中正^^海街181~210,0.0,住,,,1070303,土地0建物1位0,六,16,套房(1房1d1l),住家用,筋混凝土造,0880114,32.06,1,0,0,o,有,有,5500,172,,0.0,0,,RPTNMLNLLHNFFBC18CC,基隆市,3,21.61,不动产租赁
中正^,建物,基隆市中正^新S街303巷6弄1~30,0.0,住,,,1070317,土地0建物1位0,二,12,住宅大(11雍以上有梯),住家用,筋混凝土造,0850711,77.82,2,2,1,有,有,o,9000,116,,0.0,0,,RPUNMLNLLHNFFBC28CC,基隆市,3,21.61,不动产租赁
七堵^,房地(土地+建物),基隆市七堵^福三街31~60,14.22,其他,,,1070312,土地1建物1位0,一,5,公寓(5呛以下o梯),商I用,筋混凝土造,0760805,72.05,0,1,1,有,o,o,18000,250,,0.0,0,"所有嗳嗽诖嘶地上共有4P建物,但只出租一P,o法明_分坪,故⑺有嗝娣e均分",RPWNMLSLLHNFFCC09CC,基隆市,3,21.61,不动产租赁
七堵^,建物,基隆市七堵^工建路1~30,0.0,工,,,1070306,土地0建物2位0,一,6,Sk,其他登事,筋混凝土造,1001014,4272.75,0,0,0,o,有,o,500000,117,,0.0,0,此租U案H承租部份面e，使用面e共s3618.18平方公尺s1094.5坪,RPQOMLSLLHNFFCC58CC,基隆市,3,21.61,不动产租赁
安^,房地(土地+建物),基隆市安^安和一街6巷61~90,1312.0,住,,,1070315,土地1建物1位0,二,5,公寓(5呛以下o梯),民住宅,筋混凝土造,0690729,72.41,3,2,2,有,o,o,7000,97,,0.0,0,,RPTNMLMKMHNFFCC28DC,基隆市,3,21.61,不动产租赁
安^,房地(土地+建物),基隆市安^基金三路61~90,42.22,住,,,1070410,土地1建物1位0,全,3,透天厝,其他登事,筋混凝土造,0840817,59.7,0,0,0,o,o,o,25000,419,,0.0,0,承租方承租1+2,RPVNMLMKMHNFFCC48DC,基隆市,3,21.61,不动产租赁
安^,房地(土地+建物),基隆市安^金路271~300,6.82,住,,,1070413,土地3建物1位0,十二,22,住宅大(11雍以上有梯),其他登事,筋混凝土造,1050124,70.28,2,1,1,有,有,有,15000,213,,0.0,0,,RPPNMLQKMHNFFCC18CC,基隆市,3,21.61,不动产租赁
仁^,房地(土地+建物),基隆市仁^仁二路1~30,39.0,商,,,1070409,土地1建物1位0,全,3,透天厝,住商用,加u造,0540101,143.19,4,3,4,有,o,o,43000,300,,0.0,0,,RPPNMLQKMHNFFBC08CC,基隆市,3,21.61,不动产租赁
仁^,房地(土地+建物),基隆市仁^廴路91~120,24.87,商,,,1070413,土地4建物1位0,八,10,AB(10雍以下有梯),住家用,筋混凝土造,0840214,184.39,0,0,2,有,o,o,45000,244,,0.0,0,,RPQNMLQKMHNFFBC18CC,基隆市,3,21.61,不动产租赁
仁^,建物,基隆市仁^鬯穆1~30,0.0,商,,,1070402,土地0建物0位0,全,4,透天厝,,加u造,0501201,62.77,0,0,0,o,有,o,9000,143,,0.0,0,供II使用,RPQNMLKLMHNFFBC67CC,基隆市,3,21.61,不动产租赁
中正^,建物,基隆市中正^新S街331~360,0.0,住,,,1070415,土地0建物1位0,十四,15,住宅大(11雍以上有梯),住家用,筋混凝土造,0850309,81.06,2,2,1,有,有,有,10000,123,,0.0,0,,RPUOMLOLMHNFFBC58CC,基隆市,3,21.61,不动产租赁
安^,房地(土地+建物),基隆市安^基金一路208巷151~180,28.09,住,,,1070417,土地1建物1位0,二,2,公寓(5呛以下o梯),住家用,筋混凝土造,0831015,100.75,2,2,2,有,o,有,8000,79,,0.0,0,,RPPOMLRLMHNFFCC58DC,基隆市,3,21.61,不动产租赁
七堵^,房地(土地+建物),基隆市七堵^工建路1~30,156.72,其他,,,1070424,土地8建物1位0,全,5,透天厝,其他登事,筋混凝土造,0971003,334.48,6,2,3,有,o,o,40000,120,,0.0,0,,RPUNMLKMMHNFFCC28CC,基隆市,3,21.61,不动产租赁
七堵^,房地(土地+建物),基隆市七堵^福二街154巷1~30,25.35,住,,,1070421,土地1建物1位0,一,5,公寓(5呛以下o梯),商I用,筋混凝土造,0711206,99.36,0,0,0,o,o,o,16000,161,,0.0,0,,RPWNMLNJNHNFFCC58CC,基隆市,3,21.61,不动产租赁
仁^,建物,基隆市仁^廴路121~150,0.0,商,,,1070410,土地0建物1位0,一,10,店面(店),商I用,筋混凝土造,0850214,156.0,0,0,0,o,有,o,340000,2179,,0.0,0,,RPROMLSJNHNFFBC58CC,基隆市,3,21.61,不动产租赁
中正^,建物,基隆市中正^^海街31~60,0.0,住,,,1070521,土地0建物1位0,一,16,住宅大(11雍以上有梯),住家用,筋混凝土造,0880114,95.34,2,2,2,有,有,o,12000,126,,0.0,0,,RPTNMLLJOHNFFBC08CC,基隆市,3,21.61,不动产租赁
中正^,建物,基隆市中正^x一路1~30,0.0,商,,,1070601,土地0建物1位1,九,12,k公商I大,其他登事,筋混凝土造,0930115,198.35,1,1,2,有,有,o,43000,217,升降C械,0.0,0,,RPXNMLQJOHNFFBC09DC,基隆市,3,21.61,不动产租赁
仁^,房地(土地+建物),基隆市仁^鬯穆31~60,81.0,商,,,1070517,土地1建物1位0,全,3,透天厝,住家用,u造,,244.62,0,0,0,o,o,o,120000,491,,0.0,0,急I急u。;急承租,RPPNMLPKOHNFFBC28DC,基隆市,3,21.61,不动产租赁
仁^,房地(土地+建物),基隆市仁^廴路91~120,60.62,商,,,1070611,土地2建物2位0,其他登事,12,Sk,其他登事,筋混凝土造,0811105,404.72,0,0,3,有,o,o,100000,247,,0.0,0,,RPVNMLTKOHNFFBC56CC,基隆市,3,21.61,不动产租赁
中正^,建物,基隆市中正^新S街4681~4710,0.0,住,,,1070621,土地0建物1位0,三,20,住宅大(11雍以上有梯),住家用,筋混凝土造,0861121,133.94,4,2,2,有,有,有,13000,97,,0.0,0,,RPVNMLQLOHNFFBC98CC,基隆市,3,21.61,不动产租赁
中山^,建物,基隆市中山^团d路1~30,0.0,住,,,1070616,土地0建物1位0,二,4,公寓(5呛以下o梯),住家用,筋混凝土造,0651221,65.75,2,2,1,有,o,o,9000,137,,0.0,0,,RPUNMLQLOHNFFCC98CC,基隆市,3,21.61,不动产租赁
七堵^,房地(土地+建物),基隆市七堵^福一街110巷1~30,38.84,住,,,1070623,土地1建物1位0,一,4,公寓(5呛以下o梯),住家用,筋混凝土造,0680625,88.4,0,0,0,o,o,有,16000,181,,0.0,0,,RPRNMLRLOHNFFCC78CC,基隆市,3,21.61,不动产租赁
安^,建物,基隆市安^金路211~240,0.0,住,,,1070704,土地0建物1位0,四,18,住宅大(11雍以上有梯),其他登事,筋混凝土造,1050124,86.75999999999999,2,1,1,有,有,有,18000,207,坡道平面,13.47,0,含位1位,RPUNMLMKPHNFFCC58CC,基隆市,3,21.61,不动产租赁
中正^,建物,基隆市中正^信三路331~360,0.0,商,,,1070619,土地0建物1位0,二,6,k公商I大,住家用,筋混凝土造,0711012,118.31,0,1,1,有,o,o,16000,135,,0.0,0,,RPTNMLQKPHNFFBC88DC,基隆市,3,21.61,不动产租赁
暖暖^,房地(土地+建物),基隆市暖暖^暖暖街281巷121~150,130.71,住,,,1070710,土地1建物1位0,地下一,10,店面(店),商I用,筋混凝土造,0800607,1063.42,0,0,0,o,有,o,85000,80,,0.0,0,,RPXNMLTKPHNFFCC96CC,基隆市,3,21.61,不动产租赁
七堵^,房地(土地+建物),基隆市七堵^大德路151~180,12.16,住,,,1070713,土地1建物1位0,七,9,AB(10雍以下有梯),住家用,筋混凝土造,0890313,78.48,2,2,1,有,有,有,12000,153,,0.0,0,,RPRNMLLJQHNFFCC18CC,基隆市,3,21.61,不动产租赁
信x^,房地(土地+建物),基隆市信x^教忠街121~150,78.69,住,,,1070809,土地1建物1位0,一,5,店面(店),其他登事,筋混凝土造,0980930,175.54,0,2,2,有,o,o,22000,125,,0.0,0,,RPQOMLRKQHNFFBC78CC,基隆市,3,21.61,不动产租赁
安^,房地(土地+建物),基隆市安^中和路164巷1~30,29.12,住,,,1070717,土地1建物1位0,一,5,k公商I大,商I用,筋混凝土造,0871210,130.88,0,0,0,o,o,o,15800,121,,0.0,0,,RPOOMLRKQHNFFCC68CC,基隆市,3,21.61,不动产租赁
中正^,建物,基隆市中正^^海街181~210,0.0,住,,,1070730,土地0建物1位0,六,16,套房(1房1d1l),住家用,筋混凝土造,0880114,31.96,1,1,1,有,o,有,6000,188,,0.0,0,,RPPNMLLLQHNFFBC08CC,基隆市,3,21.61,不动产租赁
中正^,房地(土地+建物),基隆市中正^正x路1~30,17.33,商,,,1070825,土地2建物1位0,二,3,公寓(5呛以下o梯),住商用,u造,,44.03,2,1,2,有,o,有,12500,284,,0.0,0,,RPWNMLRLQHNFFBC86DC,基隆市,3,21.61,不动产租赁
中山^,房地(土地+建物),基隆市中山^中A路121~150,10.25,住,,,1070825,土地1建物1位0,一,4,公寓(5呛以下o梯),住商用,筋混凝土加u造,0610114,40.02,1,1,1,有,o,有,12000,300,,0.0,0,,RPTNMLKMQHNFFCC68DC,基隆市,3,21.61,不动产租赁
安^,土地,新城段901~930地,463.0,住,,,1070802,土地1建物0位0,,,其他,,,,0.0,0,0,0,有,有,o,26250,57,,0.0,0,承租913地C^140坪土地o遮o建物之空地,RPXNMLKMQHNFFCC98CC,基隆市,3,21.61,不动产租赁
中正^,建物,基隆市中正^新S街361~390,0.0,住,,,1070827,土地0建物1位0,十,15,住宅大(11雍以上有梯),住家用,筋混凝土造,0850309,81.31,2,1,1,有,有,有,9000,111,,0.0,0,,RPPNMLLJRHNFFBC97CC,基隆市,3,21.61,不动产租赁
仁^,房地(土地+建物),基隆市仁^廴路1~30,117.0,商,,,1070831,土地2建物1位0,一,3,店面(店),住商用,筋混凝土加u造,0371001,98.35,0,0,1,有,o,o,70000,712,,0.0,0,,RPSNMLPJRHNFFBC68CC,基隆市,3,21.61,不动产租赁
信x^,建物,基隆市信x^深溪路31~60,0.0,住,,,1070910,土地0建物1位0,其他登事,4,店面(店),其他登事,筋混凝土造,0990711,277.11,4,3,4,有,o,o,52000,188,,0.0,0,,RPQNMLKMRHNFFBC28CC,基隆市,3,21.61,不动产租赁
仁^,建物,基隆市仁^仁一路241~270,0.0,商,,,1070903,土地0建物1位0,二十二,31,住宅大(11雍以上有梯),住家用,骨筋混凝土造,0970204,57.75,0,0,0,o,有,有,23737,411,,0.0,0,,RPTNMLLJIINFFBC57CC,基隆市,3,21.61,不动产租赁
仁^,房地(土地+建物),基隆市仁^廴路1~30,39.01,商,,,1070922,土地2建物1位0,全,3,透天厝,住商用,筋混凝土加u造,0371001,98.35,0,0,1,有,o,o,14500,147,,0.0,0,,RPPQMLMJIINFFBC57CC,基隆市,3,21.61,不动产租赁
仁^,建物,基隆市仁^仁一路151~180,0.0,商,,,1071010,土地0建物1位0,其他登事,3,店面(店),住商用,加u造,0580129,329.91,8,0,4,有,o,o,125000,379,,0.0,0,有民情L俗因素之交易。;四羌由w，面e同三82.57平方公尺租U期g108/2/1-118/1/31,RPXNMLPLIINFFBC58CC,基隆市,3,21.61,不动产租赁
暖暖^,房地(土地+建物)+位,基隆市暖暖^源h路391~420,19.81,住,,,1071021,土地1建物1位1,八,15,住宅大(11雍以上有梯),其他登事,筋混凝土造,1041228,137.56,2,2,1,有,有,o,15000,109,坡道平面,36.4,0,,RPRNMLPLIINFFCC08CC,基隆市,3,21.61,不动产租赁
七堵^,房地(土地+建物),基隆市七堵^明德一路151~180,12.67,商,,,1071022,土地1建物1位0,一,,店面(店),,,,65.89,0,0,0,o,o,有,45000,683,,0.0,0,,RPPNMLNJJINFFCC67DC,基隆市,3,21.61,不动产租赁
安^,房地(土地+建物),基隆市安^武X街271~300,9.25,其他,,,1071028,土地4建物1位0,二,,AB(10雍以下有梯),,,,69.67,2,1,1,有,有,有,7500,108,,0.0,0,,RPTNMLPJJINFFCC18CC,基隆市,3,21.61,不动产租赁
中正^,建物,基隆市中正^正x路100巷31~60,0.0,其他,,,1071030,土地0建物1位0,二,2,公寓(5呛以下o梯),住家用,加u造,0641027,48.83,5,0,3,有,o,有,15000,307,,0.0,0,,RPPNMLMKJINFFBC47CC,基隆市,3,21.61,不动产租赁
中正^,建物,基隆市中正^新S街333巷31~60,0.0,住,,,1071106,土地0建物1位0,三,9,AB(10雍以下有梯),住家用,筋混凝土造,0841122,105.54,3,2,2,有,有,有,8500,81,,0.0,0,,RPQNMLMKJINFFBC57CC,基隆市,3,21.61,不动产租赁
仁^,房地(土地+建物),基隆市仁^仁一路241~270,3.17,商,,,1071109,土地1建物1位0,十三,31,套房(1房1d1l),住家用,骨筋混凝土造,0970204,57.59,1,1,1,有,有,有,16000,278,,0.0,0,一台、冰箱一台、冷庖惶ā⑸嘲l一M、桌子一、崴器一台,RPOOMLNKJINFFBC57CC,基隆市,3,21.61,不动产租赁
七堵^,土地,大A段1441~1470地,0.0,商,,,1071104,土地1建物0位0,,,其他,,,,0.0,2,0,0,有,o,o,11000,0,,0.0,0,有民情L俗因素之交易。;本案2枪寓，嗬屋案件，面es76平方公尺，2房2d1l,RPPOMLPKJINFFCC97CC,基隆市,3,21.61,不动产租赁
仁^,房地(土地+建物),基隆市仁^髀43巷1~30,75.0,住,,,1071101,土地1建物1位0,全,2,透天厝,住家用,加u造,0550101,50.0,2,1,1,有,o,有,12000,240,,0.0,0,有民情L俗因素之交易。;本案轫羌由w，面es50平方公尺,RPSOMLRLJINFFBC48CC,基隆市,3,21.61,不动产租赁
信x^,房地(土地+建物),基隆市信x^深溪路38巷1~30,24.51,住,,,1071209,土地1建物1位0,五,10,AB(10雍以下有梯),其他登事,筋混凝土造,1061109,83.09,3,1,1,有,有,有,12000,144,,0.0,0,,RPQNMLRLKINFFBC28CC,基隆市,3,21.61,不动产租赁
安^,房地(土地+建物),基隆市安^金路151~180,15.49,住,,,1071106,土地8建物1位0,四,12,住宅大(11雍以上有梯),住家用,筋混凝土造,0860718,114.58,3,2,2,有,有,有,17000,148,,0.0,0,管理M,RPVNMLQKJHOFFCC68DC,基隆市,3,21.61,不动产租赁
安^,房地(土地+建物),基隆市安^防三街8巷1~30,8.82,住,,,1080515,土地4建物1位0,十六,17,住宅大(11雍以上有梯),住家用,筋混凝土造,0840504,53.13,1,1,1,有,有,o,8000,151,,0.0,0,,RPQNMLMLNHOFFCC28DC,基隆市,3,21.61,不动产租赁
安^,房地(土地+建物),基隆市安^基金一路121巷31~60,23.99,住,,,1080504,土地1建物1位0,一,5,公寓(5呛以下o梯),住家用,筋混凝土造,0850503,67.1,2,1,1,有,o,有,10000,149,,0.0,0,,RPRPMLNLNHOFFCC68DC,基隆市,3,21.61,不动产租赁
中正^,建物,基隆市中正^中正路451~480,0.0,其他,,,1080416,土地0建物1位0,一,2,Sk,其他登事,筋混凝土造,0630318,198.35,0,0,0,o,o,o,28000,141,,0.0,0,有民情L俗因素之交易。;承租说奈镒靼氩1欠课莺嫌面es60坪含使用空地s25坪,RPQNMLNLNHOFFBC18CC,基隆市,3,21.61,不动产租赁
中正^,建物,基隆市中正^{和街290巷31~60,0.0,住,,,1080503,土地0建物1位0,全,2,透天厝,住商用,加u造,0700904,130.41,0,0,0,o,o,o,11000,84,,0.0,0,,RPRNMLNLNHOFFBC28CC,基隆市,3,21.61,不动产租赁
中正^,建物,基隆市中正^新S街301~330,0.0,住,,,1080519,土地0建物1位0,十,14,住宅大(11雍以上有梯),住家用,筋混凝土造,0850309,140.28,5,1,2,有,有,有,20000,143,,0.0,0,含管理M、W路M,RPQNMLOLNHOFFBC28CC,基隆市,3,21.61,不动产租赁
中正^,建物,基隆市中正^新S街303巷23弄1~30,0.0,住,,,1080521,土地0建物1位0,四,5,公寓(5呛以下o梯),住家用,筋混凝土造,0851119,110.94,3,2,1,有,有,o,7000,63,,0.0,0,含管理M,RPSNMLOLNHOFFBC48CC,基隆市,3,21.61,不动产租赁
安^,房地(土地+建物),基隆市安^基金一路208巷31~60,90.81,住,,,1080507,土地1建物1位0,全,5,透天厝,其他登事,筋混凝土造,0950316,117.26,3,1,4,有,有,o,14500,124,,0.0,0,H出租:2~4,RPQNMLOLNHOFFCC48DC,基隆市,3,21.61,不动产租赁
中正^,房地(土地+建物),基隆市中正^信三路31~60,90.0,商,,,1080517,土地0建物1位0,三,6,k公商I大,住家用,筋混凝土造,0711012,118.31,0,0,0,o,o,o,14000,118,,0.0,0,,RPUNMLOLNHOFFBC78DC,基隆市,3,21.61,不动产租赁
安^,房地(土地+建物),基隆市安^安仿芬欢121~150,9.26,其他,,,1080511,土地1建物1位0,一,5,店面(店),住商用,筋混凝土造,0720704,74.42,0,0,1,有,o,o,20000,269,,0.0,0,5/11~6/10檠b潢期，不算租金租金於6/11_始算,RPXNMLTLNHOFFCC07DC,基隆市,3,21.61,不动产租赁
信x^,房地(土地+建物),基隆市信x^|光路1~30,30.2,住,,,1080227,土地1建物1位0,三,5,公寓(5呛以下o梯),住家用,筋混凝土造,0781108,105.63,3,2,2,有,o,有,10000,95,,0.0,0,,RPPOMLTLNHOFFBC78CC,基隆市,3,21.61,不动产租赁
