屏|,房地(土地+建物),屏|h屏|市博勐241~270,31.02,住,,,1011115,土地1建物1位0,一,8,AB(10雍以下有梯),住商用,筋混凝土造,0870219,161.6,3,1,3,有,o,有,13000,80,,0.0,0,,RPRNMLLJJIHFFAT48CC,屏东县,6,303.87,不动产租赁
屏|,建物,屏|h屏|市V|路1531~1560,76.0,其他,,,1011024,土地0建物1位0,全,3,透天厝,住商用,筋混凝土造,0911202,138.94,0,0,0,o,o,有,20000,144,,0.0,0,,RPVOMLLJJIHFFAT98CC,屏东县,6,303.87,不动产租赁
|港,建物,屏|h|港光吐芬欢61~90,124.71,住,,,1011101,土地0建物1位0,全,4,透天厝,住商用,筋混凝土造,0931227,181.47,4,2,5,有,o,有,30000,165,,0.0,0,,RPPNMLLJJIHFFDT58CC,屏东县,6,303.87,不动产租赁
屏|,土地,大埔段二小段151~180地,143.0,住,,,1011110,土地1建物0位0,,,其他,,,,0.0,0,0,0,o,o,有,10000,70,,0.0,0,,RPVNMLMJJIHFFAT09DC,屏东县,6,303.87,不动产租赁
屏|,房地(土地+建物),屏|h屏|市自由路西段121~150,70.0,住,,,1011015,土地1建物1位0,全,2,透天厝,住商用,筋混凝土加u造,0631220,63.75,1,1,1,有,o,o,5000,78,,0.0,0,,RPVOMLQJJIHFFAT96DC,屏东县,6,303.87,不动产租赁
屏|,建物,屏|h屏|市中山路121~150,62.75,商,,,1011028,土地0建物1位0,全,3,透天厝,住商用,筋混凝土造,0700728,188.25,3,1,2,有,o,o,15000,80,,0.0,0,,RPSOMLQJJIHFFAT56CC,屏东县,6,303.87,不动产租赁
屏|,房地(土地+建物),屏|h屏|市瑞光路三段241~270,72.0,住,,,1011019,土地1建物1位0,四,4,店面(店),住商用,筋混凝土造,0840412,210.48,4,2,4,有,o,o,20000,95,,0.0,0,,RPUNMLTJJIHFFAT96CC,屏东县,6,303.87,不动产租赁
f丹l,房地(土地+建物),屏|h屏|市成功路二段181~210,87.0,住,,,1011120,土地1建物1位0,全,3,透天厝,住商用,筋混凝土造,0700623,171.9,7,2,3,有,o,有,10000,58,,0.0,0,,RPSNMLKLJIHFFAT68CC,屏东县,6,303.87,不动产租赁
潮州,土地,s田段1321~1350地,2148.77,其他,,,1011201,土地2建物0位0,,,},,,,0.0,0,0,0,o,o,o,50000,,,0.0,0,,RPUNMLNLJIHFFCT76CC,屏东县,6,303.87,不动产租赁
绕亦l,房地(土地+建物),屏|h绕亦l昭俾181~210,95.08,商,,,1011122,土地2建物1位0,一,2,店面(店),住商用,加u造,0580130,179.36,2,0,0,有,o,o,15000,84,,0.0,0,,RPXNMLSLJIHFFCT57CC,屏东县,6,303.87,不动产租赁
|港,建物,屏|h|港船^里船^路1~30,61.4,住,,,1011201,土地0建物1位0,全,4,透天厝,其他登事,加u造,0651231,100.0,4,1,2,有,o,o,5000,50,,0.0,0,,RPPNMLKMJIHFFDT78CC,屏东县,6,303.87,不动产租赁
绕亦l,土地,S田段481~510地,175.44,住,,,1020101,土地1建物0位0,,,其他,,,,0.0,0,0,0,有,o,o,10000,57,,0.0,0,,RPTNMLRJKIHFFCT96CC,屏东县,6,303.87,不动产租赁
潮州,房地(土地+建物),屏|h潮州]山路1~30,239.28,商,,,1011127,土地1建物1位0,一,2,店面(店),住商用,其他登事,1010525,171.09,0,1,1,o,有,o,50000,292,,0.0,0,,RPXNMLKKKIHFFCT86DC,屏东县,6,303.87,不动产租赁
屏|,房地(土地+建物),屏|h屏|市中山路181~210,52.03,商,,,1011113,土地2建物1位0,一,12,k公商I大,其他登事,筋混凝土造,0830420,253.87,0,0,0,o,有,o,48000,189,,0.0,0,,RPQNMLLKKIHFFAT58CC,屏东县,6,303.87,不动产租赁
屏|,房地(土地+建物)+位,屏|h屏|市A盛街31~60,29.84,住,,,1020101,土地1建物1位1,一,14,住宅大(11雍以上有梯),其他登事,筋混凝土造,0930909,117.58,0,0,1,o,有,o,8000,68,坡道平面,0.0,0,,RPSNMLNKKIHFFAT09DC,屏东县,6,303.87,不动产租赁
新@l,土地,五族段61~90地,2319.21,r,一般rI^,r牧用地,1011202,土地1建物0位0,,,其他,,,,0.0,0,0,0,有,o,有,10000,4,,0.0,0,,RPRNMLRKKIHFFDT07DC,屏东县,6,303.87,不动产租赁
屏|,房地(土地+建物),屏|h屏|市香P巷1~30,81.0,住,,,1011214,土地1建物1位0,全,3,透天厝,住商用,筋混凝土造,0770307,162.64,4,2,3,有,o,o,8000,49,,0.0,0,,RPPOMLRKKIHFFAT56CC,屏东县,6,303.87,不动产租赁
屏|,房地(土地+建物),屏|h屏|市倮|路31~60,81.0,住,,,1011217,土地2建物1位0,全,3,透天厝,住商用,筋混凝土加u造,,115.6,3,2,2,有,o,有,16500,143,,0.0,0,,RPPOMLLLKIHFFAT78DC,屏东县,6,303.87,不动产租赁
潮州,建物,屏|h潮州太平路211~240,79.97,,,,1011225,土地0建物1位0,全,3,透天厝,住家用,筋混凝土造,0760706,156.72,4,3,1,有,o,有,11000,70,,0.0,0,,RPQNMLQLKIHFFCT76CC,屏东县,6,303.87,不动产租赁
潮州,土地,新生段1051~1080地,296.35,商,,,1020301,土地5建物0位0,,,其他,,,,0.0,0,0,0,有,o,o,55000,186,,0.0,0,,RPUNMLQLKIHFFCT17CC,屏东县,6,303.87,不动产租赁
屏|,房地(土地+建物),屏|h屏|市仁勐91~120,88.0,住,,,1011225,土地1建物1位0,一,4,店面(店),住商用,筋混凝土造,0770629,57.6,0,0,0,o,o,o,20000,347,,0.0,0,,RPPOMLQLKIHFFAT56CC,屏东县,6,303.87,不动产租赁
屏|,房地(土地+建物),屏|h屏|市民嗦60巷1~30,61.0,住,,,1011201,土地1建物1位0,全,3,透天厝,住商用,筋混凝土造,,107.07,4,2,2,有,o,有,8889,83,,0.0,0,,RPSOMLSLKIHFFAT07CC,屏东县,6,303.87,不动产租赁
屏|,房地(土地+建物),屏|h屏|市武街135巷43弄1~30,126.0,住,,,1020110,土地1建物1位0,全,3,透天厝,住家用,加u造,0790110,176.91,4,2,2,有,o,有,10000,57,,0.0,0,,RPUNMLMJJHIFFAT88CC,屏东县,6,303.87,不动产租赁
屏|,房地(土地+建物),屏|h屏|市中正路511~540,128.0,住,,,1011204,土地3建物1位0,三,3,店面(店),住商用,筋混凝土造,0580313,301.14,3,2,3,有,o,o,24000,80,,0.0,0,,RPOOMLNJJHIFFAT48CC,屏东县,6,303.87,不动产租赁
屏|,房地(土地+建物),屏|h屏|市V|南路91~120,76.0,商,,,1011227,土地1建物1位0,,4,店面(店),其他登事,筋混凝土造,0950407,221.33,4,2,4,有,o,o,18000,81,,0.0,0,,RPRNMLOJJHIFFAT88DC,屏东县,6,303.87,不动产租赁
屏|,房地(土地+建物),屏|h屏|市金城街61~90,427.81,,l村^,乙N建B用地,1020201,土地2建物1位0,全,2,透天厝,住家用,筋混凝土加u造,,119.04,3,2,2,有,o,o,9000,76,,0.0,0,,RPQPMLRJJHIFFAT66DC,屏东县,6,303.87,不动产租赁
潮州,建物,屏|h潮州潮N路151~180,100.48,住,,,1020101,土地0建物1位0,二,2,店面(店),住商用,加u造,0660624,137.46,2,2,2,有,o,有,10500,76,,0.0,0,,RPUNMLRJJHIFFCT96CC,屏东县,6,303.87,不动产租赁
屏|,房地(土地+建物),屏|h屏|市S年街53巷1~30,65.44,住,,,1020120,土地1建物1位0,全,2,透天厝,,加u造,0700409,92.4,3,2,2,有,o,o,8000,87,,0.0,0,,RPROMLSJJHIFFAT66CC,屏东县,6,303.87,不动产租赁
屏|,建物,屏|h屏|市棒球路160巷1~30,40.5,,,,1020111,土地0建物1位1,一,13,住宅大(11雍以上有梯),其他登事,筋混凝土造,0800812,127.81,5,2,4,有,o,o,9000,70,坡道平面,0.0,0,,RPPNMLQKJHIFFAT88CC,屏东县,6,303.87,不动产租赁
L治l,土地,LS段1081~1110地,2083.0,r,,,1020117,土地1建物0位0,,,其他,,,,0.0,0,0,0,有,o,有,20000,10,,0.0,0,,RPQNMLSKJHIFFAT56CC,屏东县,6,303.87,不动产租赁
屏|,房地(土地+建物),屏|h屏|市高原街1~30,130.0,其他,,,1020105,土地1建物1位0,全,2,透天厝,住商用,筋混凝土加u造,,248.68,4,1,3,有,o,o,12000,48,,0.0,0,,RPWOMLNLJHIFFAT86CC,屏东县,6,303.87,不动产租赁
屏|,房地(土地+建物),屏|h屏|市公安街61~90,47.0,住,,,1020201,土地1建物1位0,全,2,透天厝,住商用,筋混凝土加u造,0650709,81.0,3,1,2,有,o,o,7000,86,,0.0,0,,RPPOMLOLJHIFFAT88CC,屏东县,6,303.87,不动产租赁
屏|,建物,屏|h屏|市民生路31~60,110.0,,,,1020301,土地0建物1位0,全,5,透天厝,住商用,筋混凝土造,0721218,565.57,0,0,0,o,o,有,75000,133,,0.0,0,,RPQOMLOLJHIFFAT98CC,屏东县,6,303.87,不动产租赁
潮州,建物,屏|h潮州南京路91~120,79.61,住,,,1020201,土地0建物1位0,全,4,透天厝,住商用,筋混凝土造,0810630,180.96,4,2,3,有,o,有,10000,55,,0.0,0,,RPQOMLPLJHIFFCT66CC,屏东县,6,303.87,不动产租赁
L治l,房地(土地+建物),屏|hL治l潭^路61~90,80.02,住,,,1020220,土地1建物1位0,二,2,店面(店),住商用,加u造,0690327,107.2,3,2,2,有,o,o,12000,112,,0.0,0,,RPQOMLSLJHIFFAT76CC,屏东县,6,303.87,不动产租赁
屏|,房地(土地+建物),屏|h屏|市公@西路87巷1~30,54.38,住,,,1020201,土地2建物1位0,全,2,透天厝,住家用,筋混凝土加u造,,68.06,3,2,2,有,o,o,5000,73,,0.0,0,,RPPPMLKMJHIFFAT68CC,屏东县,6,303.87,不动产租赁
屏|,房地(土地+建物),屏|h屏|市大B路31~60,64.0,住,,,1020301,土地1建物1位0,二,2,店面(店),住商用,筋混凝土加u造,,107.1,2,2,2,有,o,o,12000,112,,0.0,0,,RPROMLLMJHIFFAT88CC,屏东县,6,303.87,不动产租赁
屏|,房地(土地+建物),屏|h屏|市南街1~30,83.0,住,,,1020129,土地2建物1位0,全,2,透天厝,住商用,筋混凝土加u造,,109.81,0,0,0,o,o,有,15000,137,,0.0,0,,RPRPMLLJKHIFFAT78CC,屏东县,6,303.87,不动产租赁
绕亦l,土地,忍锒31~60地,160.53,住,,,1020201,土地3建物0位0,全,,透天厝,,,,0.0,3,2,2,有,o,有,18000,112,,0.0,0,有民情L俗因素之交易。;含增建或未登建物。,RPPOMLLJKHIFFCT68CC,屏东县,6,303.87,不动产租赁
屏|,房地(土地+建物),屏|h屏|市中正路421~450,81.0,商,,,1020205,土地1建物1位0,全,4,透天厝,住商用,筋混凝土造,0731015,236.7,6,1,4,有,o,o,20000,84,,0.0,0,,RPSNMLPJKHIFFAT56DC,屏东县,6,303.87,不动产租赁
屏|,房地(土地+建物),屏|h屏|市V|路421~450,86.57,住,,,1020131,土地1建物1位0,一,3,店面(店),住家用,筋混凝土造,0680625,41.58,0,1,1,有,o,o,19000,457,,0.0,0,,RPWPMLPJKHIFFAT17DC,屏东县,6,303.87,不动产租赁
屏|,房地(土地+建物),屏|h屏|市公正一街91~120,163.0,住,,,1020118,土地1建物1位0,全,2,透天厝,住商用,加u造,0681029,217.8,4,2,2,有,o,o,10000,46,,0.0,0,,RPPOMLQJKHIFFAT98CC,屏东县,6,303.87,不动产租赁
潮州,土地,新光A段61~90地,139.46,其他,,,1020205,土地3建物0位0,,,其他,,,,0.0,0,0,0,有,o,o,8500,61,,0.0,0,本租U未k保存登,RPVOMLRJKHIFFCT37DC,屏东县,6,303.87,不动产租赁
南州l,土地,墼段361~390地,99.17,,一般rI^,r牧用地,1020301,土地1建物0位0,全,,透天厝,,,,0.0,0,0,0,o,o,有,34091,344,,0.0,0,,RPPNMLPKKHIFFDT56CC,屏东县,6,303.87,不动产租赁
九如l,建物,屏|h九如l九如路三段271~300,462.0,,特定rI^,甲N建B用地,1020320,土地0建物1位0,全,1,透天厝,住家用,加u造,0690806,43.25,0,0,0,o,o,有,39773,920,,0.0,0,,RPSNMLKLKHIFFAT78CC,屏东县,6,303.87,不动产租赁
屏|,土地,新街段一小段541~570地,165.0,商,,,1020216,土地1建物0位0,,,其他,,,,0.0,0,0,0,有,o,有,80000,485,,0.0,0,,RPWOMLNLKHIFFAT07DC,屏东县,6,303.87,不动产租赁
|港,建物,屏|h|港中正路一段91~120,0.0,住,,,1020219,土地0建物1位0,全,3,透天厝,住家用,筋混凝土造,0741004,21.91,0,0,0,o,o,o,17000,776,,0.0,0,只租1F,RPTNMLPLKHIFFDT07CC,屏东县,6,303.87,不动产租赁
屏|,房地(土地+建物),屏|h屏|市中正路421~450,81.0,商,,,1020205,土地1建物1位0,全,4,透天厝,住商用,筋混凝土造,0731015,239.94,6,2,4,有,o,o,20000,83,,0.0,0,,RPWOMLRLKHIFFAT47DC,屏东县,6,303.87,不动产租赁
屏|,房地(土地+建物)+位,屏|h屏|市A盛街1~30,45.6,住,,,1020302,土地1建物1位1,十四,14,住宅大(11雍以上有梯),其他登事,筋混凝土造,0930909,181.01,3,2,2,有,有,有,10000,55,坡道平面,0.0,0,,RPSNMLRJLHIFFAT86DC,屏东县,6,303.87,不动产租赁
屏|,房地(土地+建物),屏|h屏|市团d南路一段505巷1~30,1595.0,r,一般rI^,丁N建B用地,1020401,土地1建物1位0,,2,Sk,其他登事,筋混凝土加u造,,739.94,0,0,0,o,o,有,60000,81,,0.0,0,,RPROMLRJLHIFFAT76CC,屏东县,6,303.87,不动产租赁
屏|,房地(土地+建物),屏|h屏|市建A一街61~90,98.0,住,,,1020218,土地1建物1位0,全,4,透天厝,住商用,筋混凝土造,0951116,236.3,4,2,5,有,o,有,18000,76,,0.0,0,,RPSNMLSJLHIFFAT86CC,屏东县,6,303.87,不动产租赁
潮州,土地,永春段91~120地,79.29,其他,,,1020225,土地1建物0位0,,,其他,,,,0.0,0,0,0,有,o,o,8000,101,,0.0,0,房屋未保存登,RPTNMLSJLHIFFCT17CC,屏东县,6,303.87,不动产租赁
潮州,房地(土地+建物),屏|h潮州坌锹61~90,86.05,住,,,1020401,土地1建物1位0,全,4,透天厝,住商用,筋混凝土造,0840926,214.85,5,2,4,有,o,有,9000,42,,0.0,0,,RPUNMLSJLHIFFCT27CC,屏东县,6,303.87,不动产租赁
|港,房地(土地+建物),屏|h|港中路31~60,17.0,其他,,,1020401,土地1建物1位0,全,3,透天厝,,筋混凝土造,0710828,16.79,0,0,0,o,o,有,28500,1697,,0.0,0,,RPTNMLPKLHIFFDT07CC,屏东县,6,303.87,不动产租赁
潮州,房地(土地+建物),屏|h潮州坌锹1~30,15.54,住,,,1020301,土地1建物1位0,三,3,AB(10雍以下有梯),住家用,筋混凝土造,0840104,100.85,3,1,1,有,o,有,5000,50,,0.0,0,,RPTOMLKLLHIFFCT66CC,屏东县,6,303.87,不动产租赁
屏|,房地(土地+建物),屏|h屏|市德S街140巷1~30,23.37,住,,,1020401,土地1建物1位0,一,7,AB(10雍以下有梯),住家用,筋混凝土造,0791106,123.18,3,2,2,有,o,有,7800,63,,0.0,0,,RPWNMLKLLHIFFAT66CC,屏东县,6,303.87,不动产租赁
屏|,房地(土地+建物),屏|h屏|市德S街140巷1~30,28.21,其他,,,1020401,土地1建物1位0,四,7,AB(10雍以下有梯),住家用,筋混凝土造,0791106,142.12,3,2,2,有,有,有,9000,63,,0.0,0,,RPPOMLKLLHIFFAT68CC,屏东县,6,303.87,不动产租赁
屏|,房地(土地+建物),屏|h屏|市瑞光路二段241~270,89.03,住,,,1020401,土地1建物1位0,全,5,透天厝,住家用,筋混凝土造,0820121,89.03,0,0,0,o,o,o,25000,281,,0.0,0,,RPROMLKLLHIFFAT88CC,屏东县,6,303.87,不动产租赁
屏|,房地(土地+建物),屏|h屏|市建S路61~90,82.0,住,,,1020416,土地1建物1位0,一,3,店面(店),住商用,筋混凝土造,0690829,42.0,0,0,0,o,o,有,20000,476,,0.0,0,,RPUNMLQLLHIFFAT07CC,屏东县,6,303.87,不动产租赁
屏|,房地(土地+建物),屏|h屏|市永大路211~240,102.0,住,,,1020415,土地2建物1位0,一,5,店面(店),住商用,筋混凝土造,0820601,308.98,5,2,4,有,o,o,18000,58,,0.0,0,,RPTNMLRLLHIFFAT07CC,屏东县,6,303.87,不动产租赁
潮州,房地(土地+建物),屏|h潮州永德路61~90,38.26,住,,,1020401,土地1建物1位0,全,4,透天厝,住家用,筋混凝土造,0770319,174.53,5,2,3,有,o,o,12000,69,,0.0,0,,RPTNMLRLLHIFFCT27CC,屏东县,6,303.87,不动产租赁
屏|,房地(土地+建物),屏|h屏|市中正路631~660,100.0,住,,,1020401,土地1建物1位0,全,5,透天厝,住商用,筋混凝土造,0810812,289.08,8,2,4,有,o,o,20000,69,,0.0,0,,RPTOMLNJMHIFFAT66CC,屏东县,6,303.87,不动产租赁
|港,建物,屏|h|港沿海五路276巷1~30,66.24,住,,,1020408,土地0建物1位0,全,4,透天厝,其他登事,筋混凝土造,0930903,222.16,5,3,4,有,o,有,22000,99,,0.0,0,,RPRNMLSJMHIFFDT17CC,屏东县,6,303.87,不动产租赁
屏|,房地(土地+建物),屏|h屏|市自由路西段181~210,78.0,住,,,1020401,土地1建物1位0,一,3,店面(店),住商用,筋混凝土造,0691215,38.37,1,1,1,有,o,有,9500,248,,0.0,0,,RPUPMLQKMHIFFAT37DC,屏东县,6,303.87,不动产租赁
屏|,房地(土地+建物),屏|h屏|市德S街121~150,1230.0,住,,,1020415,土地1建物1位0,六,7,AB(10雍以下有梯),住家用,筋混凝土造,0791106,124.42,4,2,2,有,有,o,8500,68,,0.0,0,,RPTOMLRKMHIFFAT27DC,屏东县,6,303.87,不动产租赁
潮州,房地(土地+建物),屏|h潮州江山路1~30,65.48,住,l村^,乙N建B用地,1020501,土地1建物1位0,全,4,透天厝,住家用,筋混凝土造,0831013,156.95,4,1,4,有,o,o,9000,57,,0.0,0,,RPUOMLSKMHIFFCT57CC,屏东县,6,303.87,不动产租赁
潮州,房地(土地+建物),屏|h潮州永坤路1~30,100.58,住,,,1020501,土地1建物1位0,全,3,透天厝,住工用,u造,0610412,150.26,5,2,2,有,o,有,8000,53,,0.0,0,,RPRNMLOJNHIFFCT76CC,屏东县,6,303.87,不动产租赁
|港,建物,屏|h|港水源一街32巷31~60,0.0,住,,,1020408,土地0建物1位0,八,13,住宅大(11雍以上有梯),其他登事,筋混凝土造,0850918,99.38,3,2,2,有,有,有,10000,101,,0.0,0,s日102年05月06日租U期g102年5月13日起至103年5月月12日上,RPTNMLQJNHIFFDT27CC,屏东县,6,303.87,不动产租赁
屏|,房地(土地+建物),屏|h屏|市自由路451~480,227.33,住,,,1020417,土地1建物1位0,二,2,店面(店),住商用,其他登事,1020311,295.81,0,0,2,o,o,o,120000,406,,0.0,0,,RPVOMLQJNHIFFAT37DC,屏东县,6,303.87,不动产租赁
|港,土地,|港段91~120地,129.0,住,,,1020415,土地1建物0位0,全,,透天厝,,,,0.0,0,0,0,o,有,o,80000,620,,0.0,0,,RPUNMLRJNHIFFDT47CC,屏东县,6,303.87,不动产租赁
屏|,房地(土地+建物),屏|h屏|市民生|路1~30,399.0,r,一般rI^,甲N建B用地,1020615,土地2建物1位0,一,1,其他,工I用,u造,0650701,376.35,0,0,0,o,o,o,20000,53,,0.0,0,,RPPOMLKKNHIFFAT78CC,屏东县,6,303.87,不动产租赁
屏|,房地(土地+建物),屏|h屏|市团d路211~240,2106.0,住,,,1020520,土地1建物1位0,十,14,住宅大(11雍以上有梯),住家用,筋混凝土造,0871214,82.13,3,2,2,有,o,有,8000,97,,0.0,0,,RPROMLKKNHIFFAT98CC,屏东县,6,303.87,不动产租赁
屏|,房地(土地+建物),屏|h屏|市忠孝路211~240,80.0,其他,,,1020502,土地1建物1位0,一,4,店面(店),住商用,筋混凝土造,1000714,37.71,0,0,0,o,o,o,19000,504,,0.0,0,,RPOOMLNKNHIFFAT98CC,屏东县,6,303.87,不动产租赁
潮州,房地(土地+建物),屏|h潮州三M路164巷1~30,96.83,住,,,1020507,土地1建物1位0,全,3,透天厝,住商用,加u造,0701116,133.87,4,1,2,有,o,o,6000,45,,0.0,0,,RPUNMLNKNHIFFCT07CC,屏东县,6,303.87,不动产租赁
f丹l,房地(土地+建物),屏|hf丹l四S西路91~120,4433.0,r,特定rI^,r牧用地,1020525,土地1建物1位0,一,2,},r舍,加u造,0820104,133.5,0,0,0,o,o,o,88889,,,0.0,0,"F皮建B物s600坪,土地4433平方公尺",RPPNMLNKNHIFFAT09DC,屏东县,6,303.87,不动产租赁
新@l,建物,屏|h新@l}埔村?洲路361~390,104.31,住,,,1020408,土地0建物1位0,全,3,透天厝,其他登事,筋混凝土造,0830411,159.13,3,2,3,有,o,o,14286,90,,0.0,0,,RPPNMLOKNHIFFDT76CC,屏东县,6,303.87,不动产租赁
屏|,房地(土地+建物),屏|h屏|市博勐301~330,76.6,住,,,1020601,土地1建物1位0,全,5,透天厝,住商用,筋混凝土造,0830321,235.92,5,1,4,有,o,o,17000,72,,0.0,0,,RPVNMLOKNHIFFAT07CC,屏东县,6,303.87,不动产租赁
屏|,房地(土地+建物)+位,屏|h屏|市A盛街1~30,42.79,住,,,1020501,土地1建物1位1,五,14,住宅大(11雍以上有梯),其他登事,筋混凝土造,0930909,169.89,3,2,2,有,有,有,8500,50,坡道平面,0.0,0,,RPQPMLQKNHIFFAT07DC,屏东县,6,303.87,不动产租赁
|港,房地(土地+建物),屏|h|港大|路331巷17弄1~30,5.45,住,,,1020413,土地1建物1位0,十二,12,住宅大(11雍以上有梯),住家用,筋混凝土造,0830627,101.07,3,2,2,有,有,有,8000,79,,0.0,0,,RPQNMLOLNHIFFDT07DC,屏东县,6,303.87,不动产租赁
屏|,房地(土地+建物)+位,屏|h屏|市棒球路160巷1~30,40.45,住,,,1020601,土地1建物1位1,一,10,AB(10雍以下有梯),其他登事,筋混凝土造,0800812,172.3,5,2,4,有,有,o,9000,52,坡道平面,0.0,0,,RPVNMLSLNHIFFAT57CC,屏东县,6,303.87,不动产租赁
屏|,房地(土地+建物),屏|h屏|市自由路601~630,1292.0,其他,,,1020801,土地3建物1位0,一,1,店面(店),住商用,其他登事,0790726,388.8,0,0,0,o,o,o,50000,129,,0.0,0,1.租金(102.8/1~107.7/31)樾绿5f2.租金(107.8/1~112.7/31)樾绿6f,RPWOMLSLNHIFFAT77CC,屏东县,6,303.87,不动产租赁
潮州,房地(土地+建物),屏|h潮州南M路31~60,74.2,商,,,1020504,土地1建物1位0,一,1,店面(店),住商用,筋混凝土造,0740307,55.1,1,1,1,有,o,o,12000,218,,0.0,0,,RPVNMLTLNHIFFCT87CC,屏东县,6,303.87,不动产租赁
潮州,土地,Ad段541~570地,22.38,商,,,1020507,土地1建物0位0,,,其他,,,,0.0,0,0,0,有,o,o,11000,492,,0.0,0,,RPWNMLTLNHIFFCT97CC,屏东县,6,303.87,不动产租赁
潮州,建物,屏|h潮州s田路91~120,0.0,住,,,1020601,土地0建物1位0,二,4,套房(1房1d1l),住家用,筋混凝土造,0830609,42.23,2,1,1,有,o,有,5000,118,,0.0,0,,RPPOMLPJOHIFFCT86CC,屏东县,6,303.87,不动产租赁
屏|,房地(土地+建物),屏|h屏|市和平路482巷1~30,62.0,住,,,1020524,土地1建物1位0,全,2,透天厝,住家用,筋混凝土加u造,,80.24,2,2,2,有,o,o,6000,75,,0.0,0,,RPXOMLRJOHIFFAT67CC,屏东县,6,303.87,不动产租赁
绕亦l,房地(土地+建物),屏|h绕亦lW人路691~720,88.05,住,,,1020601,土地1建物1位0,三,3,店面(店),住商用,筋混凝土造,0781222,182.7,4,2,3,有,o,o,13000,71,,0.0,0,前6月每月13000元第7月每月15000元,RPWOMLOKOHIFFCT67DC,屏东县,6,303.87,不动产租赁
潮州,建物,屏|h潮州Ld路1~30,0.0,住,,,1020701,土地0建物1位0,二,5,套房(1房1d1l),住家用,筋混凝土造,0831215,111.03,2,1,1,有,o,有,6000,54,,0.0,0,,RPPNMLPKOHIFFCT86CC,屏东县,6,303.87,不动产租赁
潮州,建物,屏|h潮州朝N路206巷1~30,0.0,,,,1020710,土地0建物1位0,一,6,AB(10雍以下有梯),住家用,筋混凝土造,0811024,85.0,3,2,2,有,o,o,8000,94,,0.0,0,,RPUNMLMJPHIFFCT07CC,屏东县,6,303.87,不动产租赁
屏|,房地(土地+建物),屏|h屏|市民生|路11巷61~90,2158.78,工,一般rI^,丁N建B用地,1020701,土地1建物1位0,一,1,工S,其他登事,造,0741108,612.47,1,0,1,o,o,o,30000,,,0.0,0,,RPVOMLTJPHIFFAT87DC,屏东县,6,303.87,不动产租赁
屏|,土地,新生段241~270地,90.0,住,,,1020805,土地2建物0位0,全,,透天厝,,,,0.0,3,0,3,有,o,o,10000,111,,0.0,0,含未保登建物：屏|市团d南路一段27,RPVOMLPKPHIFFAT47CC,屏东县,6,303.87,不动产租赁
|港,建物,屏|h|港d|里d|路181~210,23.62,住,,,1020716,土地0建物1位0,一,7,AB(10雍以下有梯),住商用,筋混凝土造,0821120,112.35,3,2,2,有,o,有,10000,89,,0.0,0,,RPSNMLNLPHIFFDT27CC,屏东县,6,303.87,不动产租赁
屏|,房地(土地+建物),屏|h屏|市武劢151~180,7.81,住,,,1020630,土地1建物1位0,四,7,AB(10雍以下有梯),住家用,筋混凝土造,0830318,44.96,1,1,1,有,有,有,5000,111,,0.0,0,,RPPOMLKMPHIFFAT56CC,屏东县,6,303.87,不动产租赁
屏|,房地(土地+建物),屏|h屏|市建南路121~150,29.75,住,,,1020811,土地1建物1位0,一,5,公寓(5呛以下o梯),其他登事,筋混凝土造,0711003,99.9,2,1,2,有,o,o,8000,80,,0.0,0,,RPPNMLLMPHIFFAT56CC,屏东县,6,303.87,不动产租赁
潮州,房地(土地+建物),屏|h潮州北T路301~330,107.0,住,,,1020801,土地1建物1位0,全,4,透天厝,住商用,筋混凝土造,0790213,222.23,4,2,3,有,o,o,10000,45,,0.0,0,,RPQNMLPJQHIFFCT07CC,屏东县,6,303.87,不动产租赁
潮州,土地,中山段931~960地,661.0,,一般rI^,r牧用地,1020715,土地1建物0位0,,,其他,,,,0.0,0,0,0,有,o,o,15000,23,,0.0,0,含未k建物所有嗟谝淮蔚怯之F皮屋一,RPUNMLRJQHIFFCT67CC,屏东县,6,303.87,不动产租赁
屏|,房地(土地+建物),屏|h屏|市民生|路11巷61~90,455.29,,一般rI^,丁N建B用地,1020807,土地1建物1位0,一,1,},工I用,筋混凝土造,0741118,318.5,0,0,0,o,o,o,15000,,,0.0,0,,RPRPMLRJQHIFFAT47DC,屏东县,6,303.87,不动产租赁
潮州,房地(土地+建物),屏|h潮州中山路61~90,152.81,商,,,1020712,土地4建物1位0,其他登事,3,店面(店),住商用,筋混凝土造,0751004,415.68,0,0,0,o,o,o,45000,108,,0.0,0,,RPPOMLSJQHIFFCT47DC,屏东县,6,303.87,不动产租赁
潮州,房地(土地+建物),屏|h潮州中洲路151~180,84.74,其他,,,1020805,土地1建物1位0,全,4,透天厝,住家用,筋混凝土造,0820505,189.01,5,1,3,有,o,o,10000,53,,0.0,0,,RPPNMLKKQHIFFCT56CC,屏东县,6,303.87,不动产租赁
潮州,房地(土地+建物),屏|h潮州和平路1~30,29.58,其他,,,1020810,土地1建物1位0,十,1,住宅大(11雍以上有梯),住家用,筋混凝土造,0841110,40.58,4,1,2,有,o,o,7000,172,,0.0,0,,RPQNMLKKQHIFFCT66CC,屏东县,6,303.87,不动产租赁
屏|,房地(土地+建物),屏|h屏|市大同路31~60,130.0,住,,,1020805,土地1建物1位0,全,3,透天厝,其他登事,筋混凝土造,0740315,204.93,4,2,3,有,o,有,12000,59,,0.0,0,,RPXNMLOKQHIFFAT57CC,屏东县,6,303.87,不动产租赁
麟洛l,房地(土地+建物),屏|h麟洛l中A路1~30,62.4,其他,,,1020730,土地2建物1位0,全,3,透天厝,住商用,筋混凝土造,0701226,198.06,0,3,3,有,o,o,12000,61,,0.0,0,,RPXOMLKLQHIFFAT47DC,屏东县,6,303.87,不动产租赁
|港,房地(土地+建物),屏|h|港光吐范段61~90,165.0,住,,,1020731,土地2建物1位0,全,3,透天厝,住商用,筋混凝土造,0911209,372.69,0,0,0,o,o,o,82000,220,,0.0,0,,RPTNMLKLQHIFFDT17CC,屏东县,6,303.87,不动产租赁
屏|,房地(土地+建物),屏|h屏|市民生路331~360,74.0,住,,,1020823,土地1建物1位0,全,3,透天厝,住商用,u造,,180.6,3,2,3,有,o,o,30000,166,,0.0,0,,RPOPMLNLQHIFFAT86CC,屏东县,6,303.87,不动产租赁
屏|,房地(土地+建物),屏|h屏|市田中四M巷1~30,114.0,,一般rI^,甲N建B用地,1020822,土地1建物1位0,全,1,透天厝,住家用,u造,,58.63,5,1,1,有,o,有,8000,136,,0.0,0,,RPQPMLNLQHIFFAT07CC,屏东县,6,303.87,不动产租赁
潮州,房地(土地+建物),屏|h潮州北T路91~120,85.0,住,,,1020731,土地1建物1位0,全,4,透天厝,住商用,筋混凝土造,0790610,216.42,5,2,3,有,o,o,18000,83,,0.0,0,,RPQNMLMJRHIFFCT86CC,屏东县,6,303.87,不动产租赁
潮州,房地(土地+建物),屏|h潮州延平路151~180,167.61,住,,,1020731,土地2建物1位0,全,2,透天厝,住商用,筋混凝土造,0780505,204.24,1,0,0,o,o,o,17000,83,,0.0,0,,RPTNMLMJRHIFFCT17CC,屏东县,6,303.87,不动产租赁
屏|,房地(土地+建物),屏|h屏|市瑞光里田中四M巷1~30,122.0,,一般rI^,甲N建B用地,1020907,土地1建物1位0,全,1,透天厝,住家用,加u造,,72.42,3,1,1,有,o,有,6000,83,,0.0,0,,RPRNMLTJRHIFFAT57DC,屏东县,6,303.87,不动产租赁
屏|,房地(土地+建物),屏|h屏|市中正路601~630,64.85,住,,,1020910,土地1建物1位0,全,3,透天厝,住商用,筋混凝土造,0700727,99.6,3,2,2,有,o,o,11000,110,,0.0,0,租U哟1~2,RPUNMLMKRHIFFAT17CC,屏东县,6,303.87,不动产租赁
屏|,房地(土地+建物),屏|h屏|市清街151~180,86.0,住,,,1020820,土地1建物1位0,全,4,透天厝,住商用,筋混凝土造,0811111,220.81,5,2,4,有,o,有,15000,68,,0.0,0,,RPOPMLNKRHIFFAT86CC,屏东县,6,303.87,不动产租赁
|港,房地(土地+建物),屏|h|港大|路331巷17弄1~30,21.3,住,,,1020912,土地1建物1位0,九,12,住宅大(11雍以上有梯),住家用,筋混凝土造,0830627,144.61,3,2,2,有,有,有,21200,147,,0.0,0,,RPSNMLOKRHIFFDT47CC,屏东县,6,303.87,不动产租赁
屏|,房地(土地+建物),屏|h屏|市大d路31~60,72.0,住,,,1020906,土地2建物1位0,全,3,透天厝,住商用,筋混凝土造,0700604,146.07,3,2,3,有,o,有,13000,89,,0.0,0,,RPXNMLQKRHIFFAT87CC,屏东县,6,303.87,不动产租赁
屏|,房地(土地+建物),屏|h屏|市_封?1~30,30.6,住,,,1020829,土地1建物1位0,二,7,AB(10雍以下有梯),住商用,筋混凝土造,0831129,101.21,3,2,2,有,o,有,8000,79,,0.0,0,,RPOOMLQKRHIFFAT07CC,屏东县,6,303.87,不动产租赁
潮州,房地(土地+建物),屏|h潮州f年路181~210,101.58,住,,,1020917,土地1建物1位0,全,3,透天厝,住家用,筋混凝土造,0931213,155.52,4,2,3,有,o,o,11000,71,,0.0,0,租U期g:102年10月01日起至103年9月30日止自102.09.17-102.09.30止檠b潢期免收租金，期g所a生之水M由乙方自行,RPXNMLSKRHIFFCT28CC,屏东县,6,303.87,不动产租赁
新@l,房地(土地+建物),屏|h新@l五房路601~630,119.04,,l村^,乙N建B用地,1020909,土地1建物1位0,全,2,透天厝,其他登事,加u造,0701202,104.34,4,2,2,有,o,o,6000,58,,0.0,0,,RPSNMLSKRHIFFDT87CC,屏东县,6,303.87,不动产租赁
潮州,房地(土地+建物),屏|h潮州朝街151~180,51.52,住,,,1020920,土地1建物1位0,全,2,透天厝,住商用,其他登事,0580403,82.08,2,1,2,有,o,有,7000,85,,0.0,0,,RPPNMLKLRHIFFCT76CC,屏东县,6,303.87,不动产租赁
潮州,房地(土地+建物),屏|h潮州团d三巷1~30,197.22,,l村^,乙N建B用地,1021001,土地2建物1位0,全,2,透天厝,住家用,其他登事,0870311,259.32,6,2,6,有,o,o,7000,27,,0.0,0,,RPVNMLLJIIIFFCT09CC,屏东县,6,303.87,不动产租赁
九如l,房地(土地+建物),屏|h九如l洽和街26巷1~30,133.18,,l村^,乙N建B用地,1020810,土地2建物1位0,全,3,透天厝,住家用,筋混凝土造,0830518,219.22,3,3,3,有,o,o,5000,23,,0.0,0,,RPROMLLJIIIFFAT58CC,屏东县,6,303.87,不动产租赁
屏|,房地(土地+建物),屏|h屏|市南街1~30,27.55,住,,,1020930,土地3建物1位0,一,5,公寓(5呛以下o梯),商I用,筋混凝土造,0700420,71.18,0,0,0,o,o,o,15000,211,,0.0,0,,RPTNMLNJIIIFFAT88CC,屏东县,6,303.87,不动产租赁
屏|,房地(土地+建物),屏|h屏|市公@|路61~90,51.0,住,,,1021008,土地1建物1位0,全,2,透天厝,住商用,筋混凝土加u造,0630302,171.08,2,2,2,有,o,o,25000,146,,0.0,0,,RPROMLSJIIIFFAT66CC,屏东县,6,303.87,不动产租赁
|港,土地,新和段121~150地,512.45,住,,,1020923,土地3建物0位0,,,其他,,,,0.0,0,0,0,有,o,o,42000,82,,0.0,0,有民情L俗因素之交易。;含增建或未登建物。,RPWNMLTJIIIFFDT47CC,屏东县,6,303.87,不动产租赁
潮州,土地,s田段511~540地,624.07,住,,,1021001,土地1建物0位0,,,其他,,,,0.0,1,0,0,有,o,o,8500,14,,0.0,0,有民情L俗因素之交易。;土地之ㄧ部分未登建物(F皮屋)。,RPTNMLOKIIIFFCT66CC,屏东县,6,303.87,不动产租赁
潮州,房地(土地+建物),屏|h潮州光春里光春路1~30,89.72,商,,,1021009,土地1建物1位0,其他登事,3,店面(店),住商用,加u造,0540415,204.3,4,2,3,有,o,o,17000,83,,0.0,0,第一年租金17000元/月.第二年租金18000元/月.第三年租金20000元/月第四年至第五年租金22000元/月.租U期g承租人必善良管理之如有l生任何事故.出租人不任何r之.,RPVNMLPLIIIFFCT17DC,屏东县,6,303.87,不动产租赁
潮州,土地,d美段1531~1560地,4462.0,,特定rI^,r牧用地,1021028,土地2建物0位0,,,其他,,,,0.0,0,0,0,有,o,o,23000,5,,0.0,0,,RPQNMLKMIIIFFCT78CC,屏东县,6,303.87,不动产租赁
屏|,房地(土地+建物),屏|h屏|市和平路482巷1~30,62.0,住,,,1021031,土地1建物1位0,全,2,透天厝,住家用,筋混凝土加u造,,80.24,2,2,2,有,o,有,6000,75,,0.0,0,,RPOOMLLJJIIFFAT38CC,屏东县,6,303.87,不动产租赁
潮州,土地,建基段601~630地,175.1,商,,,1021101,土地1建物0位0,,,其他,,,,0.0,0,0,0,有,o,o,12000,69,,0.0,0,,RPVNMLLJJIIFFCT56CC,屏东县,6,303.87,不动产租赁
潮州,房地(土地+建物),屏|h潮州南京路61~90,80.44,住,,,1021101,土地1建物1位0,全,3,透天厝,住家用,筋混凝土造,0750401,138.0,4,2,3,有,o,o,8000,58,,0.0,0,,RPSOMLLJJIIFFCT98CC,屏东县,6,303.87,不动产租赁
屏|,房地(土地+建物),屏|h屏|市团d路1~30,56.0,商,,,1021102,土地2建物1位0,其他登事,2,店面(店),住商用,加u造,,97.18,0,0,0,o,o,o,23000,237,,0.0,0,,RPTNMLOJJIIFFAT09CC,屏东县,6,303.87,不动产租赁
屏|,房地(土地+建物),屏|h屏|市1~30,93.0,,l村^,乙N建B用地,1021024,土地1建物1位0,全,3,透天厝,住商用,筋混凝土造,0820111,138.46,5,2,3,有,o,有,6000,43,,0.0,0,,RPRQMLOJJIIFFAT56CC,屏东县,6,303.87,不动产租赁
屏|,房地(土地+建物),屏|h屏|市南街1~30,83.0,住,,,1021108,土地2建物1位0,二,2,店面(店),住商用,筋混凝土加u造,,109.81,0,1,1,有,o,有,20000,182,,0.0,0,,RPOOMLLKJIIFFAT58DC,屏东县,6,303.87,不动产租赁
屏|,房地(土地+建物),屏|h屏|市菸S|巷31~60,40.74,住,,,1021031,土地1建物1位0,一,1,公寓(5呛以下o梯),住家用,筋混凝土造,0731105,74.02,3,2,2,有,o,有,8000,108,,0.0,0,,RPTOMLMKJIIFFAT09CC,屏东县,6,303.87,不动产租赁
屏|,土地,新街段一小段541~570地,165.0,商,,,1021116,土地1建物0位0,,,其他,,,,0.0,0,0,0,有,o,o,60000,364,,0.0,0,有F皮屋,RPPNMLRKJIIFFAT56DC,屏东县,6,303.87,不动产租赁
潮州,建物,屏|h潮州海康街211~240,0.0,住,,,1021101,土地0建物1位0,一,1,套房(1房1d1l),住家用,筋混凝土造,0830407,126.44999999999999,1,1,1,有,o,有,6500,51,,0.0,0,,RPQNMLSKJIIFFCT86CC,屏东县,6,303.87,不动产租赁
绕亦l,土地,新北荻1111~1140地,3470.0,,工I^,丁N建B用地,1021031,土地3建物0位0,,,其他,,,,0.0,0,0,0,有,o,o,65000,19,,0.0,0,,RPPOMLSKJIIFFCT86CC,屏东县,6,303.87,不动产租赁
屏|,土地,f年段991~1020地,464.0,住,,,1021107,土地3建物0位0,,,其他,,,,0.0,0,0,0,有,o,o,30000,65,,0.0,0,有民情L俗因素之交易。;含增建或未登建物。,RPPOMLTKJIIFFAT76CC,屏东县,6,303.87,不动产租赁
屏|,房地(土地+建物),屏|h屏|市民W路120巷1~30,4839.0,住,,,1021105,土地1建物1位0,四,5,公寓(5呛以下o梯),民住宅,筋混凝土造,0710615,68.7,3,2,1,有,o,o,6000,87,,0.0,0,,RPRNMLTKJIIFFAT96DC,屏东县,6,303.87,不动产租赁
屏|,房地(土地+建物),屏|h屏|市V|路631~660,73.0,住,,,1021117,土地1建物1位0,一,2,店面(店),住商用,筋混凝土加u造,,39.13,0,0,0,o,o,o,6000,153,,0.0,0,,RPWNMLKLJIIFFAT56CC,屏东县,6,303.87,不动产租赁
屏|,房地(土地+建物),屏|h屏|市wY巷1~30,106.25,,l村^,乙N建B用地,1021124,土地1建物1位0,全,3,透天厝,住家用,筋混凝土造,0810311,174.78,7,2,5,有,o,有,11000,63,,0.0,0,,RPQNMLQLJIIFFAT56CC,屏东县,6,303.87,不动产租赁
屏|,土地,f年段331~360地,201.0,住,,,1021126,土地1建物0位0,,,其他,,,,0.0,0,0,0,有,o,有,13000,65,,0.0,0,,RPTPMLSLJIIFFAT37DC,屏东县,6,303.87,不动产租赁
屏|,房地(土地+建物),屏|h屏|市民生路30巷1~30,23.15,住,,,1021128,土地1建物1位0,三,5,公寓(5呛以下o梯),住家用,筋混凝土造,0740109,78.09,4,2,2,有,o,有,7500,96,,0.0,0,,RPQNMLKMJIIFFAT68CC,屏东县,6,303.87,不动产租赁
|港,土地,|港段1~30地,164.0,住,,,1021106,土地2建物0位0,,,其他,,,,0.0,0,0,0,有,o,o,20000,122,,0.0,0,有民情L俗因素之交易。;含增建或未登建物。,RPRNMLNJKIIFFDT56CC,屏东县,6,303.87,不动产租赁
屏|,房地(土地+建物),屏|h屏|市林森路31~60,85.0,住,,,1021112,土地1建物1位0,一,2,店面(店),住家用,筋混凝土加u造,,52.3,1,0,1,有,o,o,12000,229,,0.0,0,,RPPPMLOJKIIFFAT09DC,屏东县,6,303.87,不动产租赁
屏|,房地(土地+建物),屏|h屏|市_封街1~30,37.94,住,,,1021126,土地1建物1位0,,7,AB(10雍以下有梯),住商用,筋混凝土造,0831129,106.68,0,2,2,有,有,o,10000,94,,0.0,0,租一羌暗叵乱,RPWOMLOJKIIFFAT96CC,屏东县,6,303.87,不动产租赁
潮州,房地(土地+建物),屏|h潮州Ld路1~30,190.56,住,,,1021201,土地1建物1位0,一,5,店面(店),住家用,筋混凝土造,0831215,106.49,0,1,1,有,o,o,12000,113,,0.0,0,,RPRNMLOJKIIFFCT56CC,屏东县,6,303.87,不动产租赁
潮州,房地(土地+建物),屏|h潮州忠孝路61~90,66.74,商,,,1021201,土地1建物1位0,三,3,店面(店),住商用,筋混凝土加u造,0510820,151.0,3,1,2,有,o,o,10000,66,,0.0,0,,RPSNMLOJKIIFFCT66CC,屏东县,6,303.87,不动产租赁
潮州,房地(土地+建物),屏|h潮州永仿1~30,73.6,商,,,1021201,土地1建物1位0,三,3,店面(店),住商用,筋混凝土造,0711130,155.7,4,2,2,有,o,o,8000,51,,0.0,0,,RPTNMLOJKIIFFCT76CC,屏东县,6,303.87,不动产租赁
屏|,建物,屏|h屏|市忠孝路121~150,86.0,住,,,1021121,土地0建物1位0,一,4,店面(店),其他登事,筋混凝土造,1011203,55.04,0,0,0,o,o,o,16000,291,,0.0,0,,RPWOMLPJKIIFFAT07CC,屏东县,6,303.87,不动产租赁
屏|,房地(土地+建物),屏|h屏|市A盛二街31~60,84.0,住,,,1021201,土地1建物1位0,四,4,店面(店),其他登事,筋混凝土造,0940411,184.61,5,2,3,有,o,o,16000,87,,0.0,0,,RPPNMLPJKIIFFAT98DC,屏东县,6,303.87,不动产租赁
屏|,房地(土地+建物),屏|h屏|市公@西路121~150,77.0,住,,,1021201,土地1建物1位0,全,2,透天厝,住商用,加u造,0650507,109.89,3,2,2,有,o,有,10000,91,,0.0,0,,RPQNMLPJKIIFFAT09DC,屏东县,6,303.87,不动产租赁
屏|,土地,大埔段一小段391~420地,112.0,住,,,1021210,土地1建物0位0,,,其他,,,,0.0,0,0,0,有,o,有,7000,63,,0.0,0,有民情L俗因素之交易。;含增建或未登建物。,RPTNMLLKKIIFFAT98CC,屏东县,6,303.87,不动产租赁
屏|,房地(土地+建物)+位,屏|h屏|市f敬街一段151~180,26.53,住,,,1021211,土地1建物1位0,七,7,AB(10雍以下有梯),住家用,筋混凝土造,0860417,109.02,4,2,2,有,有,有,11500,105,坡道平面,49.7,0,,RPWOMLLKKIIFFAT76CC,屏东县,6,303.87,不动产租赁
屏|,土地,f年段991~1020地,731.0,住,,,1021216,土地2建物0位0,,,其他,,,,0.0,0,0,0,有,o,o,17000,23,,0.0,0,,RPTOMLSKKIIFFAT27DC,屏东县,6,303.87,不动产租赁
潮州,房地(土地+建物),屏|h潮州力行巷91~120,83.99,其他,,,1021220,土地1建物1位0,全,2,透天厝,住家用,加u造,0640226,127.68,3,1,2,有,o,o,7500,59,,0.0,0,,RPWOMLKLKIIFFCT96CC,屏东县,6,303.87,不动产租赁
潮州,房地(土地+建物)+位,屏|h潮州A安街1~30,19.2,住,,,1021220,土地1建物1位1,一,11,住宅大(11雍以上有梯),住家用,筋混凝土造,0830625,120.49,3,2,2,有,o,有,8000,66,坡道平面,0.0,0,,RPXOMLKLKIIFFCT07CC,屏东县,6,303.87,不动产租赁
潮州,建物,屏|h潮州瑞星街1~30,109.65,住,,,1021229,土地0建物1位0,其他登事,2,其他,住家用,筋混凝土造,0710227,111.9,4,2,2,有,o,o,7500,67,,0.0,0,,RPQNMLMJJHJFFCT78CC,屏东县,6,303.87,不动产租赁
屏|,房地(土地+建物),屏|h屏|市武街61~90,23.84,住,,,1030101,土地1建物1位0,二,6,AB(10雍以下有梯),其他登事,筋混凝土造,0870917,83.69,3,2,2,有,有,有,8000,96,,0.0,0,,RPQNMLMJJHJFFAT68DC,屏东县,6,303.87,不动产租赁
潮州,房地(土地+建物),屏|h潮州昌明路91~120,85.59,住,,,1030101,土地1建物1位0,全,3,透天厝,住商用,筋混凝土造,0760520,174.96,4,2,3,有,o,o,10000,57,,0.0,0,,RPTNMLNJJHJFFCT56CC,屏东县,6,303.87,不动产租赁
屏|,房地(土地+建物),屏|h屏|市公民街91~120,26.1,住,,,1030109,土地1建物1位0,三,5,公寓(5呛以下o梯),住家用,筋混凝土造,0710810,75.17,3,2,1,有,o,有,5000,67,,0.0,0,,RPROMLKKJHJFFAT68CC,屏东县,6,303.87,不动产租赁
f丹l,房地(土地+建物),屏|hf丹lf丹路三段332巷1~30,217.0,,特定rI^,丁N建B用地,1030101,土地1建物1位0,一,1,Sk,工I用,其他登事,0850812,158.34,0,0,0,o,o,o,13000,82,,0.0,0,,RPQNMLQKJHJFFAT56DC,屏东县,6,303.87,不动产租赁
潮州,土地,新s段1~30地,301.31,其他,,,1030106,土地1建物0位0,,,其他,,,,0.0,0,0,0,有,o,o,10000,33,,0.0,0,,RPTOMLRKJHJFFCT17CC,屏东县,6,303.87,不动产租赁
屏|,房地(土地+建物),屏|h屏|市_封街1~30,37.94,住,,,1030114,土地1建物1位0,一,7,AB(10雍以下有梯),住商用,筋混凝土造,0831129,106.68,0,0,0,o,有,有,12000,112,,0.0,0,,RPVPMLMLJHJFFAT86CC,屏东县,6,303.87,不动产租赁
屏|,房地(土地+建物),屏|h屏|市C霰甭541~570,22.54,住,,,1030121,土地1建物1位0,十二,13,住宅大(11雍以上有梯),其他登事,筋混凝土造,0881204,157.81,3,2,2,有,o,有,9000,57,,0.0,0,,RPPNMLPLJHJFFAT98CC,屏东县,6,303.87,不动产租赁
潮州,房地(土地+建物),屏|h潮州h路2巷1~30,77.63,,l村^,乙N建B用地,1030125,土地1建物1位0,全,2,透天厝,住商用,筋混凝土造,0710503,86.8,2,1,2,有,o,o,5000,58,,0.0,0,,RPPNMLPLJHJFFCT56CC,屏东县,6,303.87,不动产租赁
屏|,房地(土地+建物),屏|h屏|市建路91~120,96.0,住,,,1030120,土地1建物1位0,全,3,透天厝,住商用,筋混凝土加u造,0640726,233.1,1,0,0,o,o,有,6500,28,,0.0,0,,RPUOMLTLJHJFFAT47DC,屏东县,6,303.87,不动产租赁
潮州,房地(土地+建物),屏|h潮州同正街1~30,67.98,住,,,1030201,土地1建物1位0,全,4,透天厝,住家用,筋混凝土造,0810720,163.96,5,2,4,有,o,o,9000,55,,0.0,0,,RPSOMLQJKHJFFCT96CC,屏东县,6,303.87,不动产租赁
屏|,房地(土地+建物),屏|h屏|市中正路391~420,83.0,商,,,1030205,土地1建物1位0,全,4,透天厝,住商用,筋混凝土造,0681113,250.92,5,2,4,有,o,有,17000,68,,0.0,0,,RPPOMLRJKHJFFAT56CC,屏东县,6,303.87,不动产租赁
屏|,房地(土地+建物),屏|h屏|市崇勇街31巷1~30,74.0,住,,,1030108,土地1建物1位0,全,2,透天厝,住商用,筋混凝土造,0740125,97.09,3,2,2,有,o,o,6500,67,,0.0,0,,RPVOMLRJKHJFFAT27DC,屏东县,6,303.87,不动产租赁
屏|,建物,屏|h屏|市A山街31~60,349.0,住,,,1030117,土地0建物1位0,二,6,AB(10雍以下有梯),其他登事,筋混凝土造,0900803,287.09000000000003,4,2,2,有,o,o,20000,70,,0.0,0,,RPWOMLMKKHJFFAT86CC,屏东县,6,303.87,不动产租赁
屏|,房地(土地+建物),屏|h屏|市中正路151~180,114.0,住,,,1030214,土地1建物1位0,一,4,店面(店),住商用,筋混凝土造,0770702,59.1,0,0,0,o,o,o,15000,254,,0.0,0,,RPSOMLRKKHJFFAT07DC,屏东县,6,303.87,不动产租赁
|港,房地(土地+建物),屏|h|港大|路301~330,161.69,住,,,1030210,土地1建物1位0,全,3,透天厝,住商用,筋混凝土造,0830627,265.75,4,2,5,有,o,o,15000,56,,0.0,0,有民情L俗因素之交易。;含增建或未登建物。,RPRNMLKLKHJFFDT09CC,屏东县,6,303.87,不动产租赁
潮州,房地(土地+建物),屏|h潮州公@2巷31~60,77.67,其他,,,1030225,土地2建物1位0,全,2,透天厝,住家用,加u造,0720806,90.72,3,2,2,有,o,o,5000,55,,0.0,0,,RPTNMLPLKHJFFCT07CC,屏东县,6,303.87,不动产租赁
屏|,土地,林榷1381~1410地,854.0,住,,,1030226,土地1建物0位0,,,其他,,,,0.0,0,0,0,有,o,o,30000,35,,0.0,0,,RPPOMLRLKHJFFAT76CC,屏东县,6,303.87,不动产租赁
屏|,房地(土地+建物),屏|h屏|市忠孝路301~330,97.0,住,,,1030227,土地1建物1位0,其他登事,5,店面(店),住商用,筋混凝土造,0840627,310.96,7,2,5,有,o,o,15000,48,,0.0,0,,RPSNMLOJLHJFFAT56CC,屏东县,6,303.87,不动产租赁
绕亦l,房地(土地+建物),屏|h绕亦l新展路1~30,1450.0,,一般rI^,r牧用地,1030305,土地1建物1位0,全,2,透天厝,r舍,加u造,0840302,381.6,0,0,0,o,o,o,55000,144,,0.0,0,前5年 租金5.5f/年後5年租金6f/年,RPWOMLQJLHJFFCT47CC,屏东县,6,303.87,不动产租赁
潮州,房地(土地+建物),屏|h潮州天祥路61~90,84.39,住,,,1030301,土地2建物1位0,全,2,透天厝,住商用,加u造,0640913,94.8,3,2,1,有,o,o,8000,84,,0.0,0,,RPXOMLQJLHJFFCT57CC,屏东县,6,303.87,不动产租赁
屏|,房地(土地+建物),屏|h屏|市民族路121~150,220.0,商,,,1030301,土地1建物1位0,二,7,店面(店),其他登事,筋混凝土造,0871127,334.29,2,1,1,有,o,有,13500,40,,0.0,0,,RPTNMLOKLHJFFAT86DC,屏东县,6,303.87,不动产租赁
屏|,房地(土地+建物),屏|h屏|市L春街121~150,80.0,住,,,1030226,土地1建物1位0,二,4,店面(店),住家用,筋混凝土造,0740125,89.45,2,2,2,有,o,o,12000,134,,0.0,0,租1-2,RPXPMLRKLHJFFAT67CC,屏东县,6,303.87,不动产租赁
潮州,房地(土地+建物),屏|h潮州四S路301~330,109.92,住,,,1030311,土地1建物1位0,全,4,透天厝,住商用,筋混凝土造,0960403,197.48,4,2,3,有,o,o,15000,76,,0.0,0,,RPXNMLSKLHJFFCT77CC,屏东县,6,303.87,不动产租赁
潮州,房地(土地+建物),屏|h潮州朝N二巷31~60,95.12,其他,,,1030322,土地1建物1位0,全,3,透天厝,住家用,筋混凝土造,0731113,157.98,4,3,3,有,o,有,10000,63,,0.0,0,,RPVNMLOLLHJFFCT27CC,屏东县,6,303.87,不动产租赁
潮州,土地,中洲段1141~1170地,169.56,其他,,,1030309,土地1建物0位0,,,其他,,,,0.0,0,0,0,有,o,有,16000,94,,0.0,0,,RPWNMLQLLHJFFCT57CC,屏东县,6,303.87,不动产租赁
fnl,房地(土地+建物),屏|hfnlf全村平和路19巷1~30,111.6,其他,,,1030324,土地0建物1位0,其他登事,3,其他,住家用,筋混凝土造,0820308,146.07,4,1,3,有,o,有,9000,62,,0.0,0,,RPQNMLRLLHJFFCT07CC,屏东县,6,303.87,不动产租赁
屏|,土地,建段1471~1500地,103.0,住,,,1030311,土地1建物0位0,,,其他,,,,0.0,3,0,0,有,o,有,8000,78,,0.0,0,房子未保存登,RPPOMLSLLHJFFAT96CC,屏东县,6,303.87,不动产租赁
屏|,房地(土地+建物),屏|h屏|市棒球路121~150,109.0,住,,,1030305,土地1建物1位0,一,3,店面(店),住商用,筋混凝土造,0731009,52.91,0,0,0,o,o,o,16000,302,,0.0,0,,RPSNMLLJMHJFFAT98CC,屏东县,6,303.87,不动产租赁
屏|,房地(土地+建物),屏|h屏|市菸S|巷31~60,20.36,住,,,1030407,土地1建物1位0,一,5,公寓(5呛以下o梯),住家用,筋混凝土造,0731105,89.24,3,2,2,有,o,有,7000,78,,0.0,0,,RPVOMLSJMHJFFAT47CC,屏东县,6,303.87,不动产租赁
潮州,房地(土地+建物),屏|h潮州育英路99巷1~30,125.1,住,,,1030405,土地1建物1位0,全,1,透天厝,住家用,加u造,0530501,108.6,3,2,1,有,o,o,4500,41,,0.0,0,,RPVNMLKKMHJFFCT86CC,屏东县,6,303.87,不动产租赁
屏|,房地(土地+建物),屏|h屏|市建路91~120,114.0,住,,,1030401,土地1建物1位0,其他登事,2,店面(店),住商用,筋混凝土加u造,,143.13,3,2,1,有,o,o,18000,126,,0.0,0,,RPQOMLPKMHJFFAT86DC,屏东县,6,303.87,不动产租赁
绕亦l,房地(土地+建物),屏|h绕亦l南路61~90,125.0,住,,,1030329,土地2建物1位0,其他登事,1,店面(店),住商用,u造,0620427,89.28,0,0,0,o,o,o,15500,174,,0.0,0,,RPPOMLQKMHJFFCT96CC,屏东县,6,303.87,不动产租赁
潮州,房地(土地+建物),屏|h潮州光A路1巷31~60,77.1,住,,,1030405,土地1建物1位0,全,2,透天厝,住商用,加u造,0670620,101.4,6,2,2,有,o,o,6000,59,,0.0,0,,RPPOMLSKMHJFFCT17CC,屏东县,6,303.87,不动产租赁
屏|,房地(土地+建物),屏|h屏|市瑞光路二段二巷1~30,19.55,住,,,1030402,土地1建物1位0,六,7,AB(10雍以下有梯),住家用,筋混凝土造,0841111,85.98,3,2,2,有,o,o,6677,78,,0.0,0,,RPXOMLMLMHJFFAT37DC,屏东县,6,303.87,不动产租赁
屏|,房地(土地+建物),屏|h屏|市信x路61~90,85.0,商,,,1030422,土地2建物1位0,其他登事,3,店面(店),住商用,筋混凝土造,0660125,249.1,4,2,3,有,o,有,8000,32,,0.0,0,,RPPPMLMLMHJFFAT66DC,屏东县,6,303.87,不动产租赁
屏|,房地(土地+建物),屏|h屏|市倮路271~300,50.0,住,,,1030410,土地1建物1位0,全,2,透天厝,住家用,筋混凝土加u造,,86.48,0,0,0,o,o,o,28000,324,,0.0,0,,RPTPMLMLMHJFFAT07DC,屏东县,6,303.87,不动产租赁
|港,土地,新鄱211~240地,371.09,其他,,,1030325,土地3建物0位0,,,其他,,,,0.0,0,0,0,有,o,o,100000,269,,0.0,0,"土地出租,s五月底,T牌申完成。",RPQNMLNLMHJFFDT86CC,屏东县,6,303.87,不动产租赁
竹田l,土地,P明段781~810地,1690.0,,特定rI^,r牧用地,1030425,土地1建物0位0,,,其他,,,,0.0,0,0,0,有,o,o,5000,3,,0.0,0,,RPXNMLPLMHJFFCT67CC,屏东县,6,303.87,不动产租赁
潮州,房地(土地+建物),屏|h潮州f隆街106巷1~30,82.93,其他,,,1030228,土地1建物1位0,其他登事,3,其他,住家用,筋混凝土造,0950223,146.24,4,1,3,有,o,有,7000,48,,0.0,0,,RPUNMLMJNHJFFCT96CC,屏东县,6,303.87,不动产租赁
绕亦l,房地(土地+建物),屏|h绕亦l光明路,79.27,住,,,1030421,土地1建物1位0,一,1,店面(店),住商用,筋混凝土造,0730731,15.48,1,1,1,有,o,有,6000,388,,0.0,0,,RPSNMLSJNHJFFCT37CC,屏东县,6,303.87,不动产租赁
绕亦l,房地(土地+建物),屏|h绕亦l倮路,4.52,住,,,1030426,土地1建物1位0,全,3,透天厝,住商用,筋混凝土造,0790314,167.61,4,2,2,有,o,有,9000,54,,0.0,0,,RPUNMLMKNHJFFCT07CC,屏东县,6,303.87,不动产租赁
屏|,房地(土地+建物),屏|h屏|市民生路271~300,69.0,商,,,1030501,土地2建物1位0,其他登事,3,店面(店),住商用,筋混凝土加u造,,207.0,0,0,0,o,o,o,38000,184,,0.0,0,含IIO洹,RPTNMLTKNHJFFAT47CC,屏东县,6,303.87,不动产租赁
潮州,房地(土地+建物)+位,屏|h潮州朝N路206巷1~30,31.14,住,,,1030520,土地1建物1位1,六,6,AB(10雍以下有梯),住家用,筋混凝土造,0811024,115.75,3,2,2,有,o,o,8000,69,一瞧矫,0.0,0,,RPTNMLKLNHJFFCT86CC,屏东县,6,303.87,不动产租赁
屏|,房地(土地+建物),屏|h屏|市和平路541~570,113.0,住,,,1030524,土地1建物1位0,其他登事,3,k公商I大,住商用,筋混凝土造,0780125,227.62,5,2,3,有,o,o,25000,110,,0.0,0,,RPSNMLQLNHJFFAT17CC,屏东县,6,303.87,不动产租赁
屏|,房地(土地+建物),屏|h屏|市建S路2巷31~60,1698.0,住,,,1030601,土地1建物1位0,一,14,住宅大(11雍以上有梯),其他登事,筋混凝土造,0890721,76.88,5,2,3,有,有,有,15000,195,,0.0,0,,RPXNMLNJOHJFFAT27CC,屏东县,6,303.87,不动产租赁
屏|,房地(土地+建物),屏|h屏|市建S路195巷31~60,79.0,住,,,1030518,土地1建物1位0,全,3,透天厝,住商用,加u造,0670728,112.06,3,2,2,有,o,o,8000,71,,0.0,0,,RPSPMLOJOHJFFAT07CC,屏东县,6,303.87,不动产租赁
潮州,房地(土地+建物),屏|h潮州四S路301~330,109.92,住,,,1030601,土地1建物1位0,其他登事,4,店面(店),住商用,筋混凝土造,0960403,197.48,4,2,3,有,o,o,14000,71,,0.0,0,,RPQNMLOJOHJFFCT86CC,屏东县,6,303.87,不动产租赁
|港,房地(土地+建物),屏|h|港光吐芬欢151~180,95.07,住,,,1030605,土地1建物1位0,全,4,透天厝,店m、住宅,筋混凝土造,1020322,113.31,0,0,0,o,o,o,38000,335,,0.0,0,,RPUNMLNKOHJFFDT37CC,屏东县,6,303.87,不动产租赁
屏|,房地(土地+建物),屏|h屏|市C霰甭571~600,22.14,住,,,1030607,土地1建物1位0,一,14,住宅大(11雍以上有梯),商I用,筋混凝土造,0881204,153.62,0,0,0,o,o,o,12000,78,,0.0,0,,RPTNMLLJPHJFFAT76CC,屏东县,6,303.87,不动产租赁
潮州,房地(土地+建物),屏|h潮州四S路361~390,107.15,住,,,1030701,土地1建物1位0,其他登事,3,店面(店),住家用,筋混凝土造,0680108,207.24,3,2,3,有,o,o,8000,39,,0.0,0,,RPRNMLLJPHJFFCT76CC,屏东县,6,303.87,不动产租赁
潮州,房地(土地+建物),屏|h潮州振d路1~30,80.98,住,,,1030701,土地1建物1位0,全,2,透天厝,住商用,筋混凝土造,0710318,124.2,5,1,3,有,o,o,7500,60,,0.0,0,,RPSNMLLJPHJFFCT86CC,屏东县,6,303.87,不动产租赁
f丹l,土地,社上段241~270地,70164.38,,特定rI^,丁N建B用地,1030701,土地34建物0位0,,,其他,,,,0.0,0,0,0,有,o,o,840000,12,,0.0,0,,RPPOMLKKPHJFFAT09CC,屏东县,6,303.87,不动产租赁
绕亦l,房地(土地+建物),屏|h绕亦l建工路1~30,6220.0,,工I^,丁N建B用地,1030718,土地2建物1位0,一,1,工S,其他登事,使用陶,0820817,1105.79,0,0,0,o,o,o,120000,,,0.0,0,,RPPOMLOLPHJFFCT17CC,屏东县,6,303.87,不动产租赁
屏|,房地(土地+建物)+位,屏|h屏|市倮路326巷47弄31~60,82.0,其他,,,1030721,土地1建物1位1,全,4,透天厝,住家用,筋混凝土造,0821201,161.28,4,2,2,有,o,o,8000,50,一瞧矫,0.0,0,,RPOOMLTLPHJFFAT37CC,屏东县,6,303.87,不动产租赁
潮州,房地(土地+建物),屏|h潮州天文街18巷1~30,118.68,住,,,1030720,土地1建物1位0,全,3,透天厝,住家用,筋混凝土造,0780605,171.6,6,1,3,有,o,o,9000,52,,0.0,0,,RPOOMLRJQHJFFCT27CC,屏东县,6,303.87,不动产租赁
潮州,房地(土地+建物),屏|h潮州三林路91~120,87.17,住,,,1030725,土地1建物1位0,全,2,透天厝,住家用,加u造,0750510,101.99,3,2,2,有,o,o,7500,74,,0.0,0,,RPPOMLRJQHJFFCT37CC,屏东县,6,303.87,不动产租赁
屏|,房地(土地+建物),屏|h屏|市中山路121~150,91.66,商,,,1030801,土地2建物2位0,一,3,店面(店),住商用,筋混凝土造,0700728,91.66,0,1,1,有,o,o,15000,164,,0.0,0,,RPVNMLSJQHJFFAT87DC,屏东县,6,303.87,不动产租赁
潮州,房地(土地+建物),屏|h潮州d隆路151~180,115.45,住,,,1030715,土地1建物1位0,一,5,店面(店),其他登事,筋混凝土造,0840802,54.92,1,0,1,有,o,o,22000,401,,0.0,0,,RPQNMLOKQHJFFCT17CC,屏东县,6,303.87,不动产租赁
潮州,房地(土地+建物),屏|h潮州公@路1~30,194.67,商,,,1030715,土地1建物1位0,全,4,透天厝,使用陶,筋混凝土造,0960110,314.15,5,1,3,有,o,o,40000,127,,0.0,0,,RPPOMLOKQHJFFCT17CC,屏东县,6,303.87,不动产租赁
屏|,房地(土地+建物),屏|h屏|市民生路331~360,70.0,商,,,1030813,土地4建物1位0,全,3,透天厝,住商用,筋混凝土加u造,,129.5,0,0,0,o,o,有,30000,232,,0.0,0,,RPQQMLTKQHJFFAT77CC,屏东县,6,303.87,不动产租赁
屏|,房地(土地+建物),屏|h屏|市f敬街一段106巷17弄31~60,84.0,住,,,1030823,土地1建物1位0,全,3,透天厝,住家用,筋混凝土造,0811104,163.98,5,1,4,有,o,o,11000,67,,0.0,0,,RPTNMLQLQHJFFAT57CC,屏东县,6,303.87,不动产租赁
屏|,土地,灰隙2071~2100地,207.0,住,,,1030801,土地1建物0位0,,,其他,,,,0.0,0,0,0,有,o,o,18000,87,,0.0,0,建物未保存登,RPUOMLTLQHJFFAT08CC,屏东县,6,303.87,不动产租赁
屏|,房地(土地+建物),屏|h屏|市中山路361~390,85.0,其他,,,1030826,土地1建物1位0,其他登事,3,店面(店),住商用,筋混凝土造,0730302,151.2,5,1,3,有,o,有,11000,73,,0.0,0,,RPQOMLPJRHJFFAT17CC,屏东县,6,303.87,不动产租赁
潮州,房地(土地+建物),屏|h潮州四S路271~300,108.7,商,,,1030901,土地2建物1位0,其他登事,2,店面(店),住商用,加u造,0670126,133.2,5,1,2,有,o,o,9000,68,,0.0,0,,RPVNMLKKRHJFFCT37CC,屏东县,6,303.87,不动产租赁
屏|,房地(土地+建物),屏|h屏|市民生路331~360,93.0,商,,,1030902,土地2建物1位0,一,3,店面(店),住商用,筋混凝土加u造,,70.34,0,0,0,o,o,o,38000,540,,0.0,0,,RPSPMLMKRHJFFAT37DC,屏东县,6,303.87,不动产租赁
屏|,房地(土地+建物),屏|h屏|市信x路271~300,95.0,住,,,1030815,土地1建物1位0,其他登事,3,店面(店),住商用,筋混凝土造,0670905,191.76,0,0,0,o,o,o,15000,78,,0.0,0,,RPOOMLPKRHJFFAT07CC,屏东县,6,303.87,不动产租赁
潮州,房地(土地+建物),屏|h潮州路31~60,138.41,住,,,1030918,土地1建物1位0,其他登事,3,店面(店),住商用,筋混凝土造,0690822,201.63,4,2,3,有,o,o,20000,99,,0.0,0,,RPUOMLSKRHJFFCT18CC,屏东县,6,303.87,不动产租赁
屏|,房地(土地+建物),屏|h屏|市武立街31~60,30.12,住,,,1030917,土地1建物1位0,一,1,AB(10雍以下有梯),住家用,筋混凝土造,0840613,220.26,4,2,2,有,有,o,15000,68,,0.0,0,,RPTNMLTKRHJFFAT87CC,屏东县,6,303.87,不动产租赁
l,房地(土地+建物),屏|hl菖店路1~30,33.94,,一般rI^,甲N建B用地,1030825,土地1建物1位0,全,4,透天厝,住宅,筋混凝土造,0830104,184.03,4,2,3,有,o,有,7000,38,,0.0,0,,RPUNMLTKRHJFFDT28CC,屏东县,6,303.87,不动产租赁
屏|,房地(土地+建物),屏|h屏|市福建路1~30,92.0,商,,,1030920,土地1建物1位0,一,2,店面(店),商I用,木造,,141.85,0,0,0,o,o,o,28000,197,,0.0,0,,RPQOMLTLRHJFFAT87DC,屏东县,6,303.87,不动产租赁
潮州,房地(土地+建物),屏|h潮州]山路1~30,239.28,住,,,1030910,土地1建物1位0,其他登事,2,店面(店),住商用,其他登事,1010525,339.64,0,0,0,o,o,o,50000,147,,0.0,0,,RPQNMLKMRHJFFCT17DC,屏东县,6,303.87,不动产租赁
潮州,房地(土地+建物),屏|h潮州文化路211~240,140.0,住,,,1030912,土地1建物1位0,其他登事,4,店面(店),住商用,筋混凝土造,0790905,405.49,0,0,0,o,o,o,20000,49,,0.0,0,租金2f包含租U所得及二代a充保M,RPRNMLKMRHJFFCT27DC,屏东县,6,303.87,不动产租赁
屏|,房地(土地+建物),屏|h屏|市和生路三段756巷1~30,1048.0,工,,,1030930,土地2建物1位0,一,1,Sk,其他登事,其他登事,0960111,371.9,0,0,0,o,o,o,52000,140,,0.0,0,,RPRNMLSJIIJFFAT66CC,屏东县,6,303.87,不动产租赁
屏|,房地(土地+建物),屏|h屏|市自由路661~690,101.53,住,,,1031003,土地1建物1位0,二,7,AB(10雍以下有梯),住商用,筋混凝土造,0830427,112.19,0,0,0,o,o,o,14000,125,,0.0,0,,RPSNMLTJIIJFFAT86CC,屏东县,6,303.87,不动产租赁
屏|,房地(土地+建物),屏|h屏|市清M巷151~180,104.0,,l村^,乙N建B用地,1030929,土地1建物1位0,其他登事,2,店面(店),住商用,筋混凝土加u造,,107.64,3,1,2,有,o,有,19000,177,,0.0,0,租金第一年至第三年每月19000元整 .  第四年.第五年每月20000元整.租U期g5年半月,RPROMLQKIIJFFAT76DC,屏东县,6,303.87,不动产租赁
潮州,房地(土地+建物),屏|h潮州四S路361~390,107.15,住,,,1031016,土地1建物1位0,全,3,透天厝,住家用,筋混凝土造,0680108,207.24,3,2,3,有,o,o,8000,39,,0.0,0,,RPWNMLSLIIJFFCT57CC,屏东县,6,303.87,不动产租赁
屏|,房地(土地+建物),屏|h屏|市公@|路61~90,156.0,住,,,1031029,土地1建物1位0,全,2,透天厝,住商用,造,0850604,146.6,0,0,0,o,o,o,30000,205,,0.0,0,,RPRNMLKMIIJFFAT78CC,屏东县,6,303.87,不动产租赁
屏|,房地(土地+建物),屏|h屏|市自由路756及751~780,167.0,住,,,1031027,土地2建物2位0,一,1,店面(店),住商用,筋混凝土造,0740619,159.84,0,0,0,o,o,o,23000,144,,0.0,0,,RPXNMLKMIIJFFAT76CC,屏东县,6,303.87,不动产租赁
屏|,房地(土地+建物),屏|h屏|市民享路151~180,69.0,住,,,1031027,土地1建物1位0,全,2,透天厝,住商用,加u造,0680528,96.54,3,1,2,有,o,有,12000,124,,0.0,0,,RPOOMLKMIIJFFAT58CC,屏东县,6,303.87,不动产租赁
屏|,土地,楠淠_段一小段1~30地,71.0,商,,,1031030,土地4建物0位0,,,其他,,,,0.0,0,0,0,有,o,o,11000,155,,0.0,0,有民情L俗因素之交易。;含增建或未登建物。,RPPOMLKMIIJFFAT68CC,屏东县,6,303.87,不动产租赁
屏|,房地(土地+建物),屏|h屏|市A盛街1~30,42.23,住,,,1040205,土地1建物1位0,一,14,住宅大(11雍以上有梯),其他登事,筋混凝土造,0930909,166.16,0,0,0,o,o,有,26000,156,,0.0,0,,RPVOMLLKKHKFFAT76CC,屏东县,6,303.87,不动产租赁
屏|,房地(土地+建物),屏|h屏|市中正路751~780,813.0,住,,,1040128,土地2建物1位0,一,1,店面(店),,其他登事,0790825,490.26,0,0,0,o,o,o,40000,82,,0.0,0,,RPUOMLNKKHKFFAT86CC,屏东县,6,303.87,不动产租赁
屏|,土地,厦蓝1~30地,532.0,住,,,1040210,土地1建物0位0,,,其他,,,,0.0,0,0,0,有,o,o,85000,160,,0.0,0,,RPQNMLMJLHKFFAT88CC,屏东县,6,303.87,不动产租赁
|港,房地(土地+建物),屏|h|港光吐芬欢301~330,113.45,住,,,1040121,土地1建物1位0,全,4,透天厝,店m、住宅,筋混凝土造,0930706,218.14,4,2,3,有,o,o,40000,183,,0.0,0,每月租金40000元整(含)，第4年至第6年每月租金42000元整(含)，第7年至第9年每月租金44000元整(含)，第10年至第12年每月租金46000元整(含)。,RPQNMLTKLHKFFDT47DC,屏东县,6,303.87,不动产租赁
屏|,房地(土地+建物),屏|h屏|市民生路181~210,56.0,商,,,1040324,土地1建物1位0,全,4,透天厝,住商用,筋混凝土加u造,0550202,42.48,0,0,0,o,o,o,10000,235,,0.0,0,,RPWNMLOLLHKFFAT27CC,屏东县,6,303.87,不动产租赁
屏|,房地(土地+建物),屏|h屏|市建d南路1~30,15.75,住,,,1040318,土地1建物1位0,一,2,住宅大(11雍以上有梯),住商用,筋混凝土造,0830701,37.23,0,0,0,o,o,o,10000,269,,0.0,0,,RPXNMLOLLHKFFAT37CC,屏东县,6,303.87,不动产租赁
屏|,土地,斯文段151~180地,68.0,住,,,1040330,土地1建物0位0,,,其他,,,,0.0,0,0,0,有,o,有,15000,221,,0.0,0,含未保存登建物,RPQNMLOKMHKFFAT66CC,屏东县,6,303.87,不动产租赁
屏|,房地(土地+建物),屏|h屏|市公@路1~30,284.0,住,,,1040326,土地1建物1位0,四,5,k公商I大,其他登事,筋混凝土造,0780302,194.33,0,0,0,o,o,有,22000,113,,0.0,0,,RPRNMLOKMHKFFAT76CC,屏东县,6,303.87,不动产租赁
|港,建物,屏|h|港新W路181~210,87.65,住,,,1040424,土地0建物1位0,全,3,透天厝,其他登事,筋混凝土造,0780616,169.46,4,2,3,有,o,o,21000,124,,0.0,0,,RPXNMLRLMHKFFDT08CC,屏东县,6,303.87,不动产租赁
屏|,房地(土地+建物),屏|h屏|市和平路541~570,113.0,住,,,1031105,土地1建物1位0,其他登事,3,店面(店),住商用,筋混凝土造,0780125,227.62,5,2,3,有,o,o,25000,110,,0.0,0,,RPWNMLQJJIJFFAT07CC,屏东县,6,303.87,不动产租赁
屏|,土地,新街段一小段211~240地,216.0,商,,,1031013,土地1建物0位0,,,其他,,,,0.0,0,0,0,有,o,有,23000,106,,0.0,0,有民情L俗因素之交易。;含增建或未登建物。,RPXNMLKKJIJFFAT76DC,屏东县,6,303.87,不动产租赁
f丹l,土地,u寮段61~90地,922.0,,特定rI^,甲N建B用地,1031114,土地2建物0位0,,,其他,,,,0.0,0,0,0,有,o,o,20000,22,,0.0,0,,RPRNMLRKJIJFFAT76CC,屏东县,6,303.87,不动产租赁
屏|,房地(土地+建物),屏|h屏|市杭州街1~30,208.26,商,,,1031030,土地1建物1位0,一,2,店面(店),其他登事,其他登事,0891109,208.26,0,0,0,o,o,有,150000,720,,0.0,0,,RPXNMLOLJIJFFAT17CC,屏东县,6,303.87,不动产租赁
屏|,房地(土地+建物),屏|h屏|市团d路31~60,110.0,商,,,1031123,土地2建物1位0,全,2,透天厝,工I用,筋混凝土造,,86.59,0,0,0,o,o,有,40000,462,,0.0,0,,RPSNMLPLJIJFFAT76CC,屏东县,6,303.87,不动产租赁
潮州,房地(土地+建物),屏|h潮州潮州路1111~1140,4275.2,,一般rI^,r牧用地,1031201,土地1建物1位0,其他登事,2,r舍,r舍,加u造,0800323,490.5,0,0,0,o,o,o,45000,,,0.0,0,,RPVNMLNJKIJFFCT96CC,屏东县,6,303.87,不动产租赁
屏|,房地(土地+建物),屏|h屏|市建S路271~300,60.0,住,,,1031201,土地1建物1位0,三,3,店面(店),住商用,筋混凝土造,0830413,121.71,2,1,3,有,o,o,18000,148,,0.0,0,,RPXNMLOJKIJFFAT17DC,屏东县,6,303.87,不动产租赁
潮州,房地(土地+建物),屏|h潮州五福路1~30,100.94,住,,,1031130,土地1建物1位0,全,4,透天厝,使用陶,筋混凝土造,0941230,213.11,5,2,3,有,o,有,19000,89,,0.0,0,,RPRNMLMKKIJFFCT56CC,屏东县,6,303.87,不动产租赁
屏|,房地(土地+建物),屏|h屏|市民生路31~60,110.0,商,,,1031213,土地1建物1位0,全,5,透天厝,住商用,筋混凝土造,0721218,571.62,0,0,0,o,o,有,75000,131,,0.0,0,,RPUNMLPKKIJFFAT96CC,屏东县,6,303.87,不动产租赁
屏|,房地(土地+建物),屏|h屏|市自立路271~300,22.1,住,,,1031218,土地2建物1位0,其他登事,3,AB(10雍以下有梯),住商用,筋混凝土造,0831012,136.07,5,3,3,有,有,o,11000,81,,0.0,0,,RPTOMLSKKIJFFAT27CC,屏东县,6,303.87,不动产租赁
屏|,房地(土地+建物),屏|h屏|市民教路117巷1~30,47.0,住,,,1031126,土地1建物1位0,二,5,公寓(5呛以下o梯),住家用,其他登事,0710419,80.72,3,2,1,有,o,o,8500,105,,0.0,0,,RPPOMLPLKIJFFAT66CC,屏东县,6,303.87,不动产租赁
屏|,土地,楠淠_段一小段1~30地,101.0,商,,,1031226,土地2建物0位0,,,其他,,,,0.0,0,0,0,有,o,有,50000,495,,0.0,0,有民情L俗因素之交易。;含增建或未登建物。,RPWOMLQLKIJFFAT47CC,屏东县,6,303.87,不动产租赁
屏|,土地,信和段181~210地,440.1,,一般rI^,r牧用地,1031227,土地1建物0位0,,,其他,,,,0.0,0,0,0,有,o,o,22000,50,,0.0,0,,RPUOMLTLKIJFFAT57CC,屏东县,6,303.87,不动产租赁
fnl,土地,f和段61~90地,67.44,住,,,1031208,土地1建物0位0,,,其他,,,,0.0,0,0,0,有,o,o,13000,193,,0.0,0,有民情L俗因素之交易。;含未登建物,RPUNMLLMKIJFFCT96CC,屏东县,6,303.87,不动产租赁
屏|,房地(土地+建物),屏|h屏|市V|路1501~1530,39.0,住,,,1040101,土地1建物1位0,二,12,住宅大(11雍以上有梯),其他登事,筋混凝土造,0800901,202.44,0,0,0,o,有,o,10500,52,,0.0,0,,RPPNMLSJJHKFFAT56CC,屏东县,6,303.87,不动产租赁
屏|,房地(土地+建物),屏|h屏|市建S路271~300,63.0,住,,,1040101,土地1建物1位0,其他登事,3,店面(店),住商用,筋混凝土造,0910815,124.43,3,1,3,有,o,o,26000,209,,0.0,0,,RPRNMLTJJHKFFAT86CC,屏东县,6,303.87,不动产租赁
屏|,房地(土地+建物),屏|h屏|市中山路181~210,124.0,住,,,1040109,土地2建物1位0,全,4,透天厝,其他登事,筋混凝土造,0920704,405.25,6,2,4,有,o,有,40000,99,,0.0,0,,RPTOMLQKJHKFFAT96CC,屏东县,6,303.87,不动产租赁
|港,土地,新仁段661~690地,304.85,住,,,1040106,土地3建物0位0,,,其他,,,,0.0,0,0,0,有,o,有,35000,115,,0.0,0,前六年月租35000元。第七年月租40000元,RPPNMLQKJHKFFDT86DC,屏东县,6,303.87,不动产租赁
屏|,房地(土地+建物),屏|h屏|市重c路1~30,75.0,住,,,1040118,土地1建物1位0,全,2,透天厝,住商用,筋混凝土加u造,0550603,35.01,0,0,0,o,o,o,22000,628,,0.0,0,本案件自104年2月9日起_始租U，2月9日前檠b潢期不收租金，出租方提供位o承租羰褂谩,RPWNMLTKJHKFFAT47CC,屏东县,6,303.87,不动产租赁
f丹l,房地(土地+建物),屏|hf丹l丹s路931~960,94.0,住,,,1031223,土地1建物1位0,全,4,透天厝,住商用,筋混凝土造,0820217,232.18,4,2,3,有,o,有,7500,32,,0.0,0,,RPRNMLLLJHKFFAT98DC,屏东县,6,303.87,不动产租赁
屏|,土地,大B段331~360地,1407.0,工,,,1040124,土地1建物0位0,,,其他,,,,0.0,0,0,0,有,o,有,38000,27,,0.0,0,,RPOPMLRLJHKFFAT86DC,屏东县,6,303.87,不动产租赁
潮州,房地(土地+建物),屏|h潮州中正路1~30,106.0,商,,,1040406,土地1建物1位0,全,4,透天厝,住商用,筋混凝土造,0530321,100.2,0,0,0,o,o,o,20000,200,,0.0,0,,RPWNMLLJNHKFFCT17CC,屏东县,6,303.87,不动产租赁
屏|,土地,楠淠_段二小段1~30地,303.0,住,,,1040428,土地2建物0位0,,,其他,,,,0.0,0,0,0,有,o,有,23000,76,,0.0,0,含未保存登建物,RPUNMLRJNHKFFAT37CC,屏东县,6,303.87,不动产租赁
|港,土地,新鄱211~240地,285.01,其他,,,1040528,土地1建物0位0,,,其他,,,,0.0,0,0,0,有,o,有,60000,211,,0.0,0,建物o保存登有使用陶,RPSNMLNJOHKFFDT17CC,屏东县,6,303.87,不动产租赁
屏|,房地(土地+建物),屏|h屏|市f敬街二段23巷1~30,125.0,住,,,1040630,土地1建物1位0,全,2,透天厝,住家用,加u造,0771223,156.6,4,2,2,有,o,o,11000,70,,0.0,0,,RPUOMLLJPHKFFAT17DC,屏东县,6,303.87,不动产租赁
屏|,建物,屏|h屏|市中正路391~420,154.0,其他,,,1040630,土地0建物1位0,其他登事,3,店面(店),住商用,筋混凝土造,0671228,203.67,3,2,3,有,o,o,23000,113,,0.0,0,,RPVOMLLJPHKFFAT17CC,屏东县,6,303.87,不动产租赁
潮州,房地(土地+建物),屏|h潮州北T路1~30,110.0,其他,,,1040618,土地1建物1位0,其他登事,4,店面(店),住商用,筋混凝土造,0790605,216.21,6,2,4,有,o,o,17000,79,,0.0,0,,RPTNMLRJPHKFFCT67CC,屏东县,6,303.87,不动产租赁
潮州,房地(土地+建物),屏|h潮州延平路181~210,311.35,住,,,1040616,土地1建物1位0,三,6,k公商I大,住商用,筋混凝土造,0830715,217.24,0,0,0,o,o,o,28000,129,,0.0,0,H承租第三,RPRNMLNKPHKFFCT17CC,屏东县,6,303.87,不动产租赁
屏|,房地(土地+建物),屏|h屏|市c春里民生路241~270,57.0,商,,,1040615,土地1建物1位0,全,3,透天厝,商I用,筋混凝土加u造,,162.42,4,2,4,有,o,o,25000,154,,0.0,0,,RPOOMLOKPHKFFAT86CC,屏东县,6,303.87,不动产租赁
屏|,房地(土地+建物),屏|h屏|市德S街140巷1~30,28.21,其他,,,1040715,土地1建物1位0,四,7,AB(10雍以下有梯),住家用,筋混凝土造,0791106,142.12,3,2,2,有,o,有,10000,70,,0.0,0,,RPPNMLMLPHKFFAT76CC,屏东县,6,303.87,不动产租赁
潮州,建物,屏|h潮州光春路601~630,0.0,,特定rI^,甲N建B用地,1040720,土地0建物1位0,一,1,工S,工I用,造,0760612,229.9,0,0,0,o,o,o,20000,,,0.0,0,,RPRNMLRLPHKFFCT67CC,屏东县,6,303.87,不动产租赁
|港,土地,|港段31~60地,363.0,住,,,1040410,土地2建物0位0,,,其他,,,,0.0,0,0,0,有,o,o,60000,165,,0.0,0,"含未保存建物一,面es330.57平方公尺",RPVNMLNJQHKFFDT77DC,屏东县,6,303.87,不动产租赁
屏|,土地,楠淠_段二小段31~60地,346.0,住,,,1040807,土地3建物0位0,,,其他,,,,0.0,0,0,0,有,o,o,20000,58,,0.0,0,,RPOOMLLJRHKFFAT66CC,屏东县,6,303.87,不动产租赁
潮州,土地,建基段691~720地,440.94,住,,,1040825,土地1建物0位0,,,其他,,,,0.0,0,0,0,有,o,o,40000,91,,0.0,0,FrF皮屋.有房屋籍.未保存,RPQOMLRJRHKFFCT77DC,屏东县,6,303.87,不动产租赁
f丹l,土地,新安段931~960地,513.0,,特定rI^,r牧用地,1040815,土地1建物0位0,,,其他,,,,0.0,0,0,0,有,o,o,15000,29,,0.0,0,有一未保存登之建物,RPVNMLTJRHKFFAT08CC,屏东县,6,303.87,不动产租赁
屏|,房地(土地+建物),屏|h屏|市V|路631~660,86.0,住,,,1040814,土地1建物1位0,其他登事,3,店面(店),住商用,筋混凝土造,0660614,176.88,0,0,0,o,o,o,28000,158,,0.0,0,,RPXNMLOKRHKFFAT87CC,屏东县,6,303.87,不动产租赁
f丹l,土地,u寮段1~30地,5593.0,,一般rI^,r牧用地,1040825,土地2建物0位0,,,其他,,,,0.0,0,0,0,有,o,o,82000,15,,0.0,0,,RPOOMLOKRHKFFAT07CC,屏东县,6,303.87,不动产租赁
屏|,房地(土地+建物),屏|h屏|市公安街61~90,47.0,住,,,1040917,土地1建物1位0,全,2,透天厝,住商用,筋混凝土加u造,0650709,81.0,4,2,2,有,o,o,6300,78,,0.0,0,,RPWNMLSKRHKFFAT18CC,屏东县,6,303.87,不动产租赁
屏|,房地(土地+建物),屏|h屏|市团d北路1~30,90.0,住,,,1040929,土地2建物1位0,全,2,透天厝,住商用,u造,0590921,139.82,0,0,0,o,o,有,72727,520,,0.0,0,,RPXNMLOKIIKFFAT07CC,屏东县,6,303.87,不动产租赁
潮州,房地(土地+建物),屏|h潮州永坤路151~180,138.05,住,,,1040926,土地1建物1位0,一,3,店面(店),住商用,加u造,0651227,87.42,0,0,0,o,o,o,17000,194,,0.0,0,,RPTNMLLLIIKFFCT76DC,屏东县,6,303.87,不动产租赁
屏|,房地(土地+建物),屏|h屏|市公@路1~30,284.0,商,,,1041014,土地1建物1位0,一,5,k公商I大,其他登事,筋混凝土造,0780302,359.14,0,0,0,o,o,有,80000,223,,0.0,0,,RPPPMLMJJIKFFAT88CC,屏东县,6,303.87,不动产租赁
屏|,房地(土地+建物),屏|h屏|市民生路271~300,69.0,商,,,1041016,土地2建物1位0,一,3,店面(店),住商用,筋混凝土加u造,,207.0,4,0,2,有,o,o,32000,155,,0.0,0,,RPUPMLKKJIKFFAT66CC,屏东县,6,303.87,不动产租赁
潮州,房地(土地+建物),屏|h潮州四S路301~330,104.65,住,,,1041024,土地1建物1位0,其他登事,4,店面(店),住商用,筋混凝土造,0940222,200.79,3,2,3,有,o,o,16000,80,,0.0,0,,RPRNMLLKJIKFFCT09CC,屏东县,6,303.87,不动产租赁
潮州,土地,建基段691~720地,21.0,商,,,1041115,土地1建物0位0,,,其他,,,,0.0,0,0,0,有,o,o,8000,381,,0.0,0,,RPVNMLPLJIKFFCT47DC,屏东县,6,303.87,不动产租赁
潮州,土地,中洲段811~840地,215.0,住,,,1041027,土地1建物0位0,,,其他,,,,0.0,0,0,0,有,o,有,30000,140,,0.0,0,,RPWNMLPLJIKFFCT57DC,屏东县,6,303.87,不动产租赁
屏|,房地(土地+建物),屏|h屏|市信x路91~120,86.0,住,,,1041130,土地1建物1位0,全,2,透天厝,住商用,加u造,0960329,134.08,3,2,2,有,o,o,25000,186,,0.0,0,,RPQOMLTJKIKFFAT17DC,屏东县,6,303.87,不动产租赁
潮州,房地(土地+建物),屏|h潮州光吐151~180,3119.05,,l村^,乙N建B用地,1041118,土地3建物1位0,一,2,店面(店),其他登事,使用陶,0840221,3568.47,0,0,0,o,o,o,160000,45,,0.0,0,,RPSNMLSKKIKFFCT37CC,屏东县,6,303.87,不动产租赁
绕亦l,房地(土地+建物),屏|h绕亦l南路481~510,3682.0,,特定rI^,r牧用地,1041215,土地4建物1位0,其他登事,1,Sk,使用陶,使用陶,0991109,245.48,0,0,0,o,o,o,80000,326,,0.0,0,,RPSNMLNLKIKFFCT96CC,屏东县,6,303.87,不动产租赁
屏|,土地,街^段六小段91~120地,215.0,住,,,1041222,土地2建物0位0,,,其他,,,,0.0,0,0,0,有,o,o,50000,233,,0.0,0,,RPSOMLNLKIKFFAT86CC,屏东县,6,303.87,不动产租赁
屏|,土地,斯文段151~180地,304.0,住,,,1041201,土地4建物0位0,,,其他,,,,0.0,0,0,0,有,o,有,50000,164,,0.0,0,含未保存登建物,RPUNMLOLKIKFFAT07CC,屏东县,6,303.87,不动产租赁
|港,房地(土地+建物),屏|h|港光吐芬欢301~330,357.31,住,,,1041216,土地1建物1位0,全,3,透天厝,住家用,筋混凝土造,1010614,628.14,0,0,0,o,o,o,130000,207,,0.0,0,,RPWNMLKMKIKFFDT27CC,屏东县,6,303.87,不动产租赁
屏|,房地(土地+建物),屏|h屏|市自由路661~690,101.53,住,,,1041230,土地1建物1位0,全,3,透天厝,住商用,筋混凝土造,0830427,108.92,0,0,0,o,有,o,10000,92,,0.0,0,,RPWOMLOJJHLFFAT07CC,屏东县,6,303.87,不动产租赁
屏|,房地(土地+建物),屏|h屏|市重c路31~60,868.0,商,,,1050105,土地1建物1位0,全,2,透天厝,其他登事,加u造,0790713,1042.26,0,0,0,o,o,o,90000,86,,0.0,0,,RPVOMLQJJHLFFAT17CC,屏东县,6,303.87,不动产租赁
屏|,房地(土地+建物),屏|h屏|市A盛街31~60,324.89,住,,,1041229,土地1建物1位0,二,14,住宅大(11雍以上有梯),其他登事,筋混凝土造,0930909,1267.06,0,0,3,有,有,o,53000,42,,0.0,0,,RPTOMLQJJHLFFAT07DC,屏东县,6,303.87,不动产租赁
屏|,土地,柳段61~90地,2374.07,,一般rI^,r牧用地,1050115,土地1建物0位0,,,其他,,,,0.0,0,0,0,有,o,o,26000,11,,0.0,0,有民情L俗因素之交易。;含增建或未登建物。,RPRNMLTKJHLFFAT17DC,屏东县,6,303.87,不动产租赁
潮州,土地,新生段1141~1170地,539.54,工,,,1050101,土地1建物0位0,,,其他,,,,0.0,0,0,0,有,o,o,8000,15,,0.0,0,承租五分之一的土地(地坪107.908平方公尺),RPOOMLKLJHLFFCT88CC,屏东县,6,303.87,不动产租赁
屏|,房地(土地+建物),屏|h屏|市福建路31~60,5.96,住,,,1050213,土地1建物1位0,七,7,AB(10雍以下有梯),住家用,筋混凝土造,0821120,35.81,1,1,1,有,o,有,5000,140,,0.0,0,,RPSNMLPKKHLFFAT86CC,屏东县,6,303.87,不动产租赁
屏|,房地(土地+建物),屏|h屏|市信x路31~60,102.0,住,,,1050215,土地1建物1位0,全,3,透天厝,住商用,筋混凝土造,0701210,179.5,3,2,2,有,o,o,8000,45,,0.0,0,,RPPNMLQKKHLFFAT66CC,屏东县,6,303.87,不动产租赁
屏|,房地(土地+建物),屏|h屏|市A山街61~90,34.46,住,,,1050210,土地1建物1位0,五,5,公寓(5呛以下o梯),住家用,筋混凝土造,0730619,119.47,3,2,2,有,o,有,7500,63,,0.0,0,,RPOPMLTKKHLFFAT07CC,屏东县,6,303.87,不动产租赁
屏|,房地(土地+建物),屏|h屏|市公@路1~30,109.46,商,,,1050125,土地1建物1位0,三,15,k公商I大,商I用,筋混凝土造,1040617,396.2,0,0,0,o,有,o,100000,252,,0.0,0,,RPPNMLOLKHLFFAT56CC,屏东县,6,303.87,不动产租赁
屏|,土地,新屏段61~90地,600.0,其他,,,1050223,土地1建物0位0,,,其他,,,,0.0,0,0,0,有,o,有,75000,125,,0.0,0,,RPPOMLOLKHLFFAT76DC,屏东县,6,303.87,不动产租赁
屏|,房地(土地+建物),屏|h屏|市公民街1~30,20.14,住,,,1050215,土地1建物1位0,十,10,住宅大(11雍以上有梯),住家用,筋混凝土造,0830126,127.6,3,2,2,有,有,有,9000,71,,0.0,0,,RPXNMLOJLHLFFAT27CC,屏东县,6,303.87,不动产租赁
屏|,房地(土地+建物),屏|h屏|市崇朝路1~30,97.0,住,,,1050303,土地1建物1位0,全,4,透天厝,住商用,筋混凝土造,1030331,212.43,5,2,4,有,o,o,28000,132,,0.0,0,,RPPNMLPJLHLFFAT56CC,屏东县,6,303.87,不动产租赁
屏|,房地(土地+建物),屏|h屏|市林森路31~60,107.0,住,,,1050301,土地1建物1位0,全,4,透天厝,住商用,筋混凝土加u造,,320.72,4,2,3,有,o,有,20000,62,,0.0,0,,RPQNMLPJLHLFFAT66CC,屏东县,6,303.87,不动产租赁
屏|,房地(土地+建物),屏|h屏|市潭里大同北路121~150,20.56,住,,,1050304,土地1建物1位0,七,9,AB(10雍以下有梯),其他登事,筋混凝土造,0840613,108.05000000000001,3,2,2,有,o,有,7000,65,,0.0,0,含管理M,RPUNMLSJLHLFFAT37CC,屏东县,6,303.87,不动产租赁
新@l,房地(土地+建物),屏|h新@l五房村洲路101巷1~30,52.7,,l村^,乙N建B用地,1050222,土地1建物1位0,全,2,透天厝,住宅,加u造,0680206,70.99,3,2,2,有,o,有,6000,85,,0.0,0,,RPRNMLSJLHLFFDT47DC,屏东县,6,303.87,不动产租赁
屏|,土地,公@段三小段1~30地,149.73,商,,,1050301,土地1建物0位0,,,其他,,,,0.0,0,0,0,有,o,o,80000,534,,0.0,0,含未保存登建物,RPVNMLTJLHLFFAT57CC,屏东县,6,303.87,不动产租赁
屏|,房地(土地+建物),屏|h屏|市中正路451~480,158.0,住,,,1050310,土地5建物1位0,一,4,店面(店),住商用,筋混凝土造,0690512,98.13,6,2,4,有,o,o,45000,459,,0.0,0,,RPWNMLLKLHLFFAT96CC,屏东县,6,303.87,不动产租赁
屏|,土地,f年段1261~1290地,1237.0,住,,,1050219,土地1建物0位0,,,其他,,,,0.0,0,0,0,有,o,o,58000,47,,0.0,0,,RPWNMLLLLHLFFAT07CC,屏东县,6,303.87,不动产租赁
L治l,土地,潭^段1021~1050地,1144.16,住,,,1050301,土地1建物0位0,,,其他,,,,0.0,0,0,0,有,o,有,135000,118,,0.0,0,,RPOOMLOLLHLFFAT66CC,屏东县,6,303.87,不动产租赁
屏|,房地(土地+建物),屏|h屏|市公勤一街31~60,124.0,住,,,1050323,土地1建物1位0,全,2,透天厝,住商用,加u造,0660110,125.07,6,2,4,有,o,o,15000,120,,0.0,0,,RPRNMLPLLHLFFAT96CC,屏东县,6,303.87,不动产租赁
a春,建物,屏|ha春a南路194巷1~30,193.09,住,,,1050303,土地0建物1位0,全,3,透天厝,其他登事,筋混凝土造,1030626,267.3,4,1,5,有,o,o,34055,127,,0.0,0,,RPQNMLKMLHLFFET86CC,屏东县,6,303.87,不动产租赁
屏|,房地(土地+建物),屏|h屏|市民生路211~240,73.0,住,,,1050325,土地1建物1位0,全,3,透天厝,住商用,筋混凝土加u造,0650506,172.8,2,2,2,有,o,有,26300,152,,0.0,0,,RPROMLLJMHLFFAT56CC,屏东县,6,303.87,不动产租赁
屏|,房地(土地+建物),屏|h屏|市香P巷1~30,86.0,住,,,1050401,土地1建物1位0,全,2,透天厝,住家用,加u造,0700130,94.08,4,2,2,有,o,有,8000,85,,0.0,0,,RPSOMLLJMHLFFAT66CC,屏东县,6,303.87,不动产租赁
屏|,房地(土地+建物),屏|h屏|市c春里民生路211~240,78.0,商,,,1040331,土地3建物1位0,其他登事,3,店面(店),住商用,筋混凝土加u造,,205.35,4,2,3,有,o,o,22000,107,,0.0,0,,RPUNMLSJMHLFFAT57DC,屏东县,6,303.87,不动产租赁
屏|,房地(土地+建物),屏|h屏|市信x路211~240,79.0,住,,,1050402,土地1建物1位0,全,2,透天厝,住商用,筋混凝土造,0680313,50.74,0,0,0,o,o,o,15000,296,,0.0,0,,RPXNMLNKMHLFFAT47DC,屏东县,6,303.87,不动产租赁
屏|,房地(土地+建物),屏|h屏|市青u街151~180,66.0,住,,,1050331,土地1建物1位0,三,3,店面(店),其他登事,筋混凝土造,1001130,147.12,4,2,3,有,o,有,18000,122,,0.0,0,,RPTOMLSKMHLFFAT57CC,屏东县,6,303.87,不动产租赁
屏|,房地(土地+建物),屏|h屏|市公裕街508巷31~60,218.0,住,,,1050411,土地2建物1位0,全,2,透天厝,住家用,加u造,0681128,167.66,9,2,2,有,o,有,8000,48,,0.0,0,,RPPOMLLLMHLFFAT66DC,屏东县,6,303.87,不动产租赁
屏|,房地(土地+建物),屏|h屏|市公安街61~90,47.0,住,,,1050423,土地1建物1位0,全,2,透天厝,住商用,筋混凝土加u造,0650709,81.0,4,2,2,有,o,o,6300,78,,0.0,0,,RPTNMLPLMHLFFAT27CC,屏东县,6,303.87,不动产租赁
屏|,房地(土地+建物),屏|h屏|市中A路91~120,71.0,商,,,1050408,土地1建物1位0,全,3,透天厝,住商用,筋混凝土造,0960110,178.7,0,0,0,o,o,o,30000,168,,0.0,0,,RPPNMLRJNHLFFAT96CC,屏东县,6,303.87,不动产租赁
屏|,房地(土地+建物),屏|h屏|市C霰甭601~630,22.0,住,,,1050411,土地1建物1位0,十一,14,住宅大(11雍以上有梯),其他登事,筋混凝土造,0881204,122.11,3,2,2,有,o,有,11000,90,,0.0,0,,RPWNMLLKNHLFFAT27DC,屏东县,6,303.87,不动产租赁
屏|,房地(土地+建物),屏|h屏|市C霰甭541~570,22.0,住,,,1050501,土地1建物1位0,十二,14,住宅大(11雍以上有梯),其他登事,筋混凝土造,0881204,124.81,3,2,2,有,有,有,13200,106,,0.0,0,,RPXNMLLKNHLFFAT37DC,屏东县,6,303.87,不动产租赁
fnl,房地(土地+建物),屏|hfnl富d路31~60,79.48,,l村^,乙N建B用地,1050105,土地1建物1位0,全,3,透天厝,住家用,筋混凝土造,0830831,158.37,5,2,3,有,o,o,10000,63,,0.0,0,,RPXNMLTKNHLFFCT28CC,屏东县,6,303.87,不动产租赁
|港,房地(土地+建物),屏|h|港中正路一段61~90,115.35,住,,,1050601,土地1建物1位0,其他登事,3,店面(店),店m、住宅,筋混凝土造,0680512,200.19,4,2,3,有,o,o,10000,50,,0.0,0,,RPRNMLLJOHLFFDT07DC,屏东县,6,303.87,不动产租赁
屏|,房地(土地+建物),屏|h屏|市自由路661~690,101.53,住,,,1050526,土地1建物1位0,二,3,k公商I大,住商用,筋混凝土造,0830427,112.19,0,0,0,o,o,有,13000,116,,0.0,0,,RPUNMLQJOHLFFAT47CC,屏东县,6,303.87,不动产租赁
屏|,房地(土地+建物),屏|h屏|市民嗦31~60,259.0,住,,,1050527,土地2建物1位0,全,3,透天厝,其他登事,筋混凝土加u造,,325.15,0,0,0,o,o,o,15000,46,,0.0,0,,RPVPMLSJOHLFFAT97CC,屏东县,6,303.87,不动产租赁
绕亦l,房地(土地+建物),屏|h绕亦l南山路61~90,5.37,,l村^,乙N建B用地,1050511,土地1建物1位0,四,6,AB(10雍以下有梯),使用陶,筋混凝土造,0930712,18.87,1,1,1,有,有,有,3000,159,,0.0,0,,RPOOMLSJOHLFFCT37CC,屏东县,6,303.87,不动产租赁
屏|,房地(土地+建物),屏|h屏|市屏|市建南路121~150,106.0,住,,,1050603,土地1建物1位0,全,4,透天厝,住家用,筋混凝土造,0761203,215.82,2,1,2,有,o,o,16000,74,,0.0,0,建物清灾建物面e檎，此租U只承租1~2,RPVOMLNKOHLFFAT47CC,屏东县,6,303.87,不动产租赁
屏|,房地(土地+建物),屏|h屏|市屏|市大B路31~60,65.0,住,,,1050518,土地1建物1位0,全,3,透天厝,住商用,筋混凝土加u造,0580820,107.56,4,1,3,有,o,有,12000,112,,0.0,0,,RPWOMLNKOHLFFAT57CC,屏东县,6,303.87,不动产租赁
屏|,房地(土地+建物),屏|h屏|市大武路31~60,111.0,住,,,1050601,土地1建物1位0,其他登事,4,店面(店),住商用,筋混凝土造,0770326,336.18,7,2,3,有,o,o,22000,65,,0.0,0,,RPPOMLRKOHLFFAT37DC,屏东县,6,303.87,不动产租赁
屏|,房地(土地+建物),屏|h屏|市公勇路61~90,1742.0,住,,,1050620,土地4建物1位0,其他登事,2,店面(店),住商用,筋混凝土加u造,,621.69,0,0,0,o,o,有,350000,563,,0.0,0,,RPWNMLLLOHLFFAT37CC,屏东县,6,303.87,不动产租赁
屏|,房地(土地+建物),屏|h屏|市建路211~240,83.0,住,,,1050629,土地1建物1位0,全,4,透天厝,住商用,筋混凝土造,0780121,214.6,3,3,4,有,o,o,21000,98,,0.0,0,,RPQNMLNJPHLFFAT86CC,屏东县,6,303.87,不动产租赁
屏|,土地,柳段631~660地,5682.31,,一般rI^,r牧用地,1050712,土地1建物0位0,,,其他,,,,0.0,0,0,0,有,o,o,70000,12,,0.0,0,,RPPOMLPKPHLFFAT17CC,屏东县,6,303.87,不动产租赁
屏|,房地(土地+建物)+位,屏|h屏|市A盛街1~30,51.8,住,,,1050722,土地1建物1位1,五,14,住宅大(11雍以上有梯),其他登事,筋混凝土造,0930909,205.76999999999998,4,2,2,有,有,o,12000,58,坡道平面,0.0,0,,RPQOMLSLPHLFFAT67CC,屏东县,6,303.87,不动产租赁
潮州,房地(土地+建物),屏|h潮州四S路61~90,98.93,住,,,1050725,土地1建物1位0,其他登事,4,店面(店),住家用,筋混凝土加u造,0611130,144.68,0,0,0,o,o,o,13000,90,,0.0,0,,RPXNMLLJQHLFFCT67CC,屏东县,6,303.87,不动产租赁
屏|,房地(土地+建物)+位,屏|h屏|市A盛街31~60,45.6,住,,,1050801,土地1建物1位1,十四,14,住宅大(11雍以上有梯),其他登事,筋混凝土造,0930909,181.01,3,2,2,有,有,o,10000,55,坡道平面,0.0,0,,RPVNMLMJQHLFFAT37CC,屏东县,6,303.87,不动产租赁
潮州,土地,d段1021~1050地,4021.46,,一般rI^,r牧用地,1050801,土地1建物0位0,,,其他,,,,0.0,0,0,0,有,o,o,10000,2,,0.0,0,,RPQPMLTJQHLFFCT97CC,屏东县,6,303.87,不动产租赁
屏|,房地(土地+建物),屏|h屏|f敬街二段113巷1~30,58.42,住,,,1050801,土地1建物1位0,一,7,AB(10雍以下有梯),其他登事,筋混凝土造,0840303,25.0,0,0,0,o,o,o,4000,160,,0.0,0,部分承祖,RPUNMLTJQHLFFAT08DC,屏东县,6,303.87,不动产租赁
屏|,房地(土地+建物),屏|h屏|自由路西段121~150,275.0,住,,,1050801,土地3建物1位0,全,2,透天厝,住商用,筋混凝土加u造,0631220,63.75,2,1,2,有,o,o,45000,706,,0.0,0,,RPWNMLTJQHLFFAT28DC,屏东县,6,303.87,不动产租赁
潮州,房地(土地+建物),屏|h潮州民s街1~30,77.9,住,,,1050801,土地1建物1位0,三,6,AB(10雍以下有梯),住商用,筋混凝土造,0840428,217.1,3,2,3,有,o,o,11000,51,,0.0,0,,RPSNMLLKQHLFFCT27CC,屏东县,6,303.87,不动产租赁
屏|,房地(土地+建物),屏|h屏|A正路1~30,145.49,住,,,1050901,土地1建物1位0,一,5,店面(店),其他登事,筋混凝土造,0920423,145.49,0,0,0,o,o,o,55000,378,,0.0,0,,RPWNMLSJRHLFFAT28DC,屏东县,6,303.87,不动产租赁
屏|,房地(土地+建物),屏|h屏|市和平路181~210,182.0,住,,,1050918,土地2建物1位0,全,2,透天厝,住商用,筋混凝土加u造,0650323,219.42,5,2,3,有,o,o,35000,160,,0.0,0,,RPTNMLTKRHLFFAT18DC,屏东县,6,303.87,不动产租赁
屏|,房地(土地+建物),屏|h屏|市团d路121~150,63.0,住,,,1050904,土地1建物1位0,全,4,透天厝,住商用,筋混凝土造,0710226,268.76,4,2,4,有,o,有,17000,63,,0.0,0,,RPVNMLMLRHLFFAT77DC,屏东县,6,303.87,不动产租赁
屏|,土地,斯文段1561~1590地,89.0,住,,,1050913,土地1建物0位0,,,其他,,,,0.0,1,0,0,有,o,o,18000,202,,0.0,0,,RPQNMLNLRHLFFAT27CC,屏东县,6,303.87,不动产租赁
屏|,房地(土地+建物),屏|h屏|市天津街61~90,64.0,住,,,1051003,土地1建物1位0,全,2,透天厝,住商用,筋混凝土加u造,,91.26,3,2,2,有,o,o,9000,99,,0.0,0,,RPPOMLNJIILFFAT88CC,屏东县,6,303.87,不动产租赁
屏|,房地(土地+建物),屏|h屏|市中正路211~240,207.0,住,,,1051001,土地5建物1位0,其他登事,7,店面(店),其他登事,筋混凝土造,0831201,1004.78,7,0,3,有,o,o,80000,80,,0.0,0,,RPUNMLPLIILFFAT17DC,屏东县,6,303.87,不动产租赁
f丹l,房地(土地+建物),屏|hf丹lf丹路二段281巷1~30,429.0,,特定rI^,丁N建B用地,1051003,土地1建物1位0,一,1,工S,其他登事,其他登事,1050617,274.5,0,0,0,o,o,o,47000,,,0.0,0,,RPQNMLMJJILFFAT98DC,屏东县,6,303.87,不动产租赁
屏|,房地(土地+建物),屏|h屏|市自立路181~210,34.9,住,,,1051021,土地1建物1位0,四,5,公寓(5呛以下o梯),其他登事,,0701231,107.65,3,2,2,有,o,有,11000,102,,0.0,0,,RPWNMLNJJILFFAT07DC,屏东县,6,303.87,不动产租赁
屏|,房地(土地+建物),屏|h屏|市f和|路31~60,24.11,住,,,1051008,土地1建物1位0,八,13,住宅大(11雍以上有梯),其他登事,筋混凝土造,0870403,117.19,3,2,2,有,o,有,10000,85,,0.0,0,,RPRNMLNJJILFFAT09CC,屏东县,6,303.87,不动产租赁
屏|,土地,大同段751~780地,312.0,r,,,1051105,土地2建物0位0,,,其他,,,,0.0,0,0,0,有,o,o,12000,38,,0.0,0,,RPTNMLRJJILFFAT17DC,屏东县,6,303.87,不动产租赁
绕亦l,房地(土地+建物),屏|h绕亦l育文路1~30,117.96,,l村^,乙N建B用地,1051108,土地1建物1位0,全,3,透天厝,住家用,筋混凝土造,0810328,174.84,5,2,3,有,o,有,12000,69,,0.0,0,,RPQNMLPKJILFFCT86CC,屏东县,6,303.87,不动产租赁
屏|,房地(土地+建物),屏|h屏|市公@路1~30,284.0,商,,,1051101,土地1建物1位0,全,5,透天厝,其他登事,筋混凝土造,0780302,194.33,0,0,0,o,o,o,28000,144,,0.0,0,,RPUPMLQKJILFFAT37CC,屏东县,6,303.87,不动产租赁
屏|,房地(土地+建物),屏|h屏|市民生路181~210,56.0,商,,,1051108,土地1建物1位0,全,4,透天厝,店m、住宅,筋混凝土加u造,0550202,221.76,4,3,4,有,o,o,22500,101,,0.0,0,,RPPNMLRKJILFFAT76CC,屏东县,6,303.87,不动产租赁
L治l,土地,永d段691~720地,991.2,r,,,1051108,土地1建物0位0,,,其他,,,,0.0,0,0,0,有,o,o,28000,28,,0.0,0,含未保存登建物，合s於106年2月生效_始收租金。,RPQNMLRKJILFFAT86CC,屏东县,6,303.87,不动产租赁
屏|,房地(土地+建物),屏|h屏|市V|路631~660,86.0,住,,,1051121,土地1建物1位0,其他登事,3,店面(店),住商用,筋混凝土造,0660614,176.88,0,0,0,o,o,o,31000,175,,0.0,0,,RPOOMLMLJILFFAT98CC,屏东县,6,303.87,不动产租赁
屏|,房地(土地+建物),屏|h屏|市大B路1~30,31.0,其他,,,1051121,土地1建物1位0,全,4,透天厝,住商用,筋混凝土造,0810228,188.12,0,1,1,有,o,o,30000,159,,0.0,0,,RPQOMLMLJILFFAT66DC,屏东县,6,303.87,不动产租赁
L治l,房地(土地+建物),屏|hL治l瑞源路211~240,19.18,住,,,1051025,土地1建物1位0,七,11,住宅大(11雍以上有梯),民住宅,筋混凝土造,0850607,113.47999999999999,3,2,2,有,有,有,11000,97,,0.0,0,,RPVNMLNLJILFFAT07CC,屏东县,6,303.87,不动产租赁
屏|,房地(土地+建物),屏|h屏|市民生路61~90,107.0,住,,,1051028,土地2建物1位0,其他登事,2,店面(店),住商用,筋混凝土加u造,,203.84,0,0,0,o,o,o,20000,98,,0.0,0,,RPQOMLOLJILFFAT76CC,屏东县,6,303.87,不动产租赁
屏|,土地,建段1861~1890地,484.0,住,,,1051116,土地1建物0位0,,,其他,,,,0.0,0,0,0,有,o,o,22000,45,,0.0,0,"含未保登建物,建O期3月,租期自106年2月15日起。",RPVNMLKMJILFFAT86CC,屏东县,6,303.87,不动产租赁
屏|,房地(土地+建物),屏|h屏|市武街91~120,86.0,住,,,1051201,土地1建物1位0,全,3,透天厝,住家用,筋混凝土造,0750815,171.34,3,2,2,有,o,有,15000,88,,0.0,0,,RPUNMLLJKILFFAT66CC,屏东县,6,303.87,不动产租赁
潮州,土地,新五魁段421~450地,97.04,住,,,1050925,土地1建物0位0,,,其他,,,,0.0,0,0,0,有,o,o,12500,129,,0.0,0,,RPPNMLMJKILFFCT09CC,屏东县,6,303.87,不动产租赁
a春,土地,ǘ《1141~1170地,5360.48,,家公@^,,1051115,土地13建物0位0,,,其他,,,,0.0,0,0,0,有,o,o,105000,20,,0.0,0,含II,RPQNMLMJKILFFET76CC,屏东县,6,303.87,不动产租赁
屏|,房地(土地+建物),屏|h屏|市f和|路31~60,24.11,住,,,1051125,土地1建物1位0,八,13,住宅大(11雍以上有梯),其他登事,筋混凝土造,0870403,117.19,3,2,2,有,有,有,10200,87,,0.0,0,,RPPNMLKKKILFFAT78CC,屏东县,6,303.87,不动产租赁
屏|,房地(土地+建物),屏|h屏|市m州街31~60,9891.0,住,,,1051212,土地1建物1位0,一,12,住宅大(11雍以上有梯),商I用,筋混凝土造,1030505,209.45,1,0,1,有,有,o,16000,76,,0.0,0,,RPQOMLOKKILFFAT76CC,屏东县,6,303.87,不动产租赁
屏|,房地(土地+建物),屏|h屏|市V|路1531~1560,14.76,住,,,1051210,土地1建物1位0,全,5,透天厝,住商用,筋混凝土造,0841201,52.4,0,0,0,o,o,o,10000,191,,0.0,0,,RPXNMLKMKILFFAT17CC,屏东县,6,303.87,不动产租赁
屏|,房地(土地+建物),屏|h屏|市V|路1531~1560,32.62,住,,,1051210,土地1建物1位0,全,5,透天厝,住商用,筋混凝土造,0841201,115.84,4,0,2,有,o,o,12000,104,,0.0,0,,RPPOMLKMKILFFAT09CC,屏东县,6,303.87,不动产租赁
f丹l,土地,社安段361~390地,355.0,,特定rI^,丁N建B用地,1051206,土地1建物0位0,,,其他,,,,0.0,0,0,0,有,o,o,43000,121,,0.0,0,建物o保存登86.21坪,RPRNMLPJJHMFFAT66CC,屏东县,6,303.87,不动产租赁
屏|,房地(土地+建物),屏|h屏|市CS北路721~750,17.39,住,,,1060110,土地1建物1位0,七,14,住宅大(11雍以上有梯),其他登事,筋混凝土造,0881204,121.75,3,2,2,有,有,有,12500,103,,0.0,0,,RPXNMLTKJHMFFAT87DC,屏东县,6,303.87,不动产租赁
|港,房地(土地+建物),屏|h|港光吐芬欢391~420,570.03,住,,,1060101,土地1建物1位0,一,1,店面(店),住宅,骨造,1030314,90.73,0,0,0,o,o,o,90000,992,,0.0,0,,RPUNMLOLJHMFFDT47DC,屏东县,6,303.87,不动产租赁
屏|,房地(土地+建物),屏|h屏|市团d南路二段31~60,292.9,,一般rI^,r牧用地,1060204,土地1建物1位0,全,3,透天厝,r舍,筋混凝土造,0850406,130.0,0,0,0,o,o,o,15000,115,,0.0,0,,RPUNMLRJKHMFFAT27CC,屏东县,6,303.87,不动产租赁
屏|,房地(土地+建物),屏|h屏|市公安街61~90,47.0,住,,,1060123,土地1建物1位0,全,2,透天厝,住商用,筋混凝土加u造,0650709,81.0,3,1,2,有,o,o,6500,80,,0.0,0,,RPWNMLRJKHMFFAT47CC,屏东县,6,303.87,不动产租赁
屏|,房地(土地+建物),屏|h屏|市信x路271~300,95.0,住,,,1060203,土地3建物1位0,其他登事,3,店面(店),住商用,筋混凝土造,0670905,191.76,0,0,0,o,o,o,15000,78,,0.0,0,,RPWNMLRKKHMFFAT57CC,屏东县,6,303.87,不动产租赁
潮州,土地,新光A段361~390地,238.53,其他,,,1060103,土地1建物0位0,,,其他,,,,0.0,0,0,0,有,o,o,15000,63,,0.0,0,,RPRNMLLLKHMFFCT76CC,屏东县,6,303.87,不动产租赁
屏|,土地,楠淠_段二小段1~30地,297.0,其他,,,1060210,土地4建物0位0,,,其他,,,,0.0,0,0,0,有,o,o,20000,67,,0.0,0,,RPUOMLOLKHMFFAT37DC,屏东县,6,303.87,不动产租赁
潮州,房地(土地+建物),屏|h潮州四S路301~330,109.92,其他,,,1060302,土地1建物1位0,二,4,店面(店),住商用,筋混凝土造,0960403,111.96,5,1,3,有,o,o,13000,116,,0.0,0,,RPRNMLMJLHMFFCT76CC,屏东县,6,303.87,不动产租赁
屏|,房地(土地+建物),屏|h屏|市永福路31~60,76.0,商,,,1060216,土地1建物1位0,全,4,透天厝,住商用,筋混凝土造,0800608,99.68,0,0,0,o,o,o,60000,602,,0.0,0,租U哟1+2,RPUPMLNJLHMFFAT17CC,屏东县,6,303.87,不动产租赁
屏|,土地,楠淠_段二小段1~30地,261.0,住,,,1060205,土地1建物0位0,,,其他,,,,0.0,0,0,0,有,o,o,28000,107,,0.0,0,含未保登建物,RPURMLNJLHMFFAT37CC,屏东县,6,303.87,不动产租赁
屏|,房地(土地+建物),屏|h屏|市A正路211~240,79.0,住,,,1060309,土地1建物1位0,其他登事,2,店面(店),住商用,加u造,0670712,108.0,0,0,0,o,o,o,13000,120,,0.0,0,,RPXNMLOKLHMFFAT47CC,屏东县,6,303.87,不动产租赁
屏|,房地(土地+建物),屏|h屏|市仁勐61~90,147.0,商,,,1060307,土地1建物1位0,全,2,透天厝,商I用,筋混凝土造,0840601,265.15,0,0,0,o,o,o,68182,257,,0.0,0,,RPVNMLQKLHMFFAT47CC,屏东县,6,303.87,不动产租赁
屏|,房地(土地+建物),屏|h屏|市公@路31~60,121.0,住,,,1060317,土地2建物1位0,一,1,店面(店),其他登事,其他登事,0850703,107.61,0,0,0,o,o,有,75000,697,,0.0,0,,RPSOMLRLLHMFFAT47CC,屏东县,6,303.87,不动产租赁
屏|,房地(土地+建物),屏|h屏|市民生路61~90,84.0,住,,,1060302,土地1建物1位0,一,3,店面(店),住商用,筋混凝土造,0650515,39.57,0,0,0,o,o,o,13000,329,,0.0,0,,RPSNMLSLLHMFFAT47CC,屏东县,6,303.87,不动产租赁
屏|,房地(土地+建物),屏|h屏|市民生路271~300,69.0,商,,,1060317,土地2建物1位0,一,3,店面(店),住商用,筋混凝土加u造,,51.06,0,0,0,o,o,o,32000,627,,0.0,0,,RPTNMLSLLHMFFAT57CC,屏东县,6,303.87,不动产租赁
屏|,房地(土地+建物),屏|h屏|市潭里C霰甭691~720,22.54,住,,,1060401,土地1建物1位0,九,13,住宅大(11雍以上有梯),其他登事,筋混凝土造,0881204,158.89,3,2,2,有,有,有,12500,79,,0.0,0,,RPUNMLKKMHMFFAT86CC,屏东县,6,303.87,不动产租赁
屏|,房地(土地+建物)+位,屏|h屏|市C霰甭601~630,17.4,住,,,1060410,土地1建物1位1,其他登事,14,住宅大(11雍以上有梯),其他登事,筋混凝土造,0881204,122.11,3,2,2,有,o,有,16000,131,一瞧矫,7.26,0,,RPWNMLLKMHMFFAT17CC,屏东县,6,303.87,不动产租赁
屏|,建物,屏|h屏|市中正路31~60,0.0,商,,,1060411,土地0建物1位0,全,3,透天厝,住商用,筋混凝土加u造,,571.34,0,0,0,o,o,o,120000,210,,0.0,0,,RPPOMLRKMHMFFAT17CC,屏东县,6,303.87,不动产租赁
麟洛l,房地(土地+建物),屏|h麟洛l中山路301~330,184.98,住,,,1060415,土地3建物1位0,一,2,店面(店),住商用,筋混凝土加u造,0570308,72.0,1,1,1,有,o,o,11500,160,,0.0,0,,RPSNMLOLMHMFFAT27DC,屏东县,6,303.87,不动产租赁
屏|,房地(土地+建物),屏|h屏|市C霰甭691~720,8.69,住,,,1060415,土地1建物1位0,八,13,住宅大(11雍以上有梯),其他登事,筋混凝土造,0881204,61.54,2,1,1,有,有,o,5500,89,,0.0,0,,RPPNMLTLMHMFFAT37CC,屏东县,6,303.87,不动产租赁
潮州,土地,中洲段1141~1170地,169.56,其他,,,1060428,土地1建物0位0,,,其他,,,,0.0,0,0,0,有,o,o,20000,118,,0.0,0,,RPTOMLLJNHMFFCT17CC,屏东县,6,303.87,不动产租赁
潮州,土地,新生段1141~1170地,539.54,工,,,1060427,土地1建物0位0,,,其他,,,,0.0,0,0,0,有,o,o,14000,26,,0.0,0,,RPSNMLNJNHMFFCT17CC,屏东县,6,303.87,不动产租赁
潮州,土地,新生段1141~1170地,539.54,工,,,1060503,土地1建物0位0,,,其他,,,,0.0,0,0,0,有,o,o,8000,15,,0.0,0,,RPQNMLOJNHMFFCT07CC,屏东县,6,303.87,不动产租赁
屏|,房地(土地+建物),屏|h屏|市和生路二段241~270,29.42,其他,,,1060504,土地1建物1位0,二,5,店面(店),其他登事,筋混凝土造,0720315,87.8,2,2,2,有,o,有,9000,103,,0.0,0,,RPPNMLQJNHMFFAT96CC,屏东县,6,303.87,不动产租赁
九如l,房地(土地+建物),屏|h九如l三民路211~240,4830.0,,l村^,丁N建B用地,1060411,土地1建物1位0,其他登事,2,Sk,其他登事,筋混凝土加u造,,1207.34,0,0,0,o,o,o,40000,33,,0.0,0,,RPOOMLSJNHMFFAT17CC,屏东县,6,303.87,不动产租赁
屏|,房地(土地+建物),屏|h屏|市民生路181~210,56.0,商,,,1060508,土地1建物1位0,其他登事,4,店面(店),住商用,筋混凝土加u造,0550202,221.76,4,3,4,有,o,有,22000,99,,0.0,0,,RPTNMLTJNHMFFAT67CC,屏东县,6,303.87,不动产租赁
屏|,房地(土地+建物),屏|h屏|市_糖ㄧ街22巷1~30,36.0,住,,,1060422,土地1建物1位0,四,5,公寓(5呛以下o梯),住家用,筋混凝土造,0731210,75.1,3,2,1,有,o,o,6500,87,,0.0,0,,RPXOMLTJNHMFFAT28DC,屏东县,6,303.87,不动产租赁
屏|,房地(土地+建物),屏|h屏|市V|路421~450,86.57,住,,,1060527,土地1建物1位0,全,3,透天厝,住家用,筋混凝土造,0680625,170.1,3,1,2,有,o,o,21000,123,,0.0,0,,RPPNMLNJOHMFFAT86DC,屏东县,6,303.87,不动产租赁
|港,土地,新孝段961~990地,419.42,住,,,1060602,土地1建物0位0,,,其他,,,,0.0,0,0,0,有,o,o,70000,167,,0.0,0,含未保登建物一,RPPNMLQJOHMFFDT37CC,屏东县,6,303.87,不动产租赁
潮州,房地(土地+建物),屏|h潮州介勐1~30,265.24,住,,,1060607,土地2建物2位0,其他登事,3,店面(店),住家用,筋混凝土造,0930923,485.27,0,0,0,o,o,o,66000,136,,0.0,0,,RPWNMLRJOHMFFCT08CC,屏东县,6,303.87,不动产租赁
f丹l,房地(土地+建物),屏|hf丹lf丹路二段281巷1~30,416.0,,特定rI^,丁N建B用地,1060524,土地1建物1位0,其他登事,1,工S,其他登事,其他登事,1050617,274.5,0,0,1,有,o,o,40000,,,0.0,0,,RPWNMLMLOHMFFAT57CC,屏东县,6,303.87,不动产租赁
屏|,房地(土地+建物),屏|h屏|市V|路61~90,168.0,住,,,1060623,土地2建物1位0,其他登事,4,店面(店),住商用,筋混凝土造,0721214,434.36,0,0,0,o,o,有,40000,92,,0.0,0,,RPPOMLQLOHMFFAT37CC,屏东县,6,303.87,不动产租赁
屏|,房地(土地+建物),屏|h屏|市中正路451~480,158.0,住,,,1060605,土地5建物1位0,一,4,店面(店),住商用,筋混凝土造,0690512,109.93,0,0,1,有,o,o,45000,409,,0.0,0,,RPQOMLSLOHMFFAT77DC,屏东县,6,303.87,不动产租赁
屏|,房地(土地+建物),屏|h屏|市蚰侠锕I三路1~30,1493.0,工,,,1060619,土地1建物1位0,其他登事,1,工S,其他登事,加u造,0690915,377.9,0,0,0,o,o,o,78000,,,0.0,0,有民情L俗因素之交易。;含增建或未登建物。,RPWNMLSKPHMFFAT18CC,屏东县,6,303.87,不动产租赁
屏|,房地(土地+建物),屏|h屏|市V|路721~750,76.8,住,,,1060721,土地2建物1位0,全,2,透天厝,住商用,加u造,0670916,126.4,6,1,3,有,o,o,22000,174,,0.0,0,,RPRNMLPLPHMFFAT47CC,屏东县,6,303.87,不动产租赁
潮州,房地(土地+建物),屏|h潮州L安路121~150,70.87,住,,,1060722,土地1建物1位0,全,2,透天厝,住家用,筋混凝土造,0740817,82.06,5,2,2,有,o,o,13000,158,,0.0,0,,RPUNMLQLPHMFFCT18DC,屏东县,6,303.87,不动产租赁
屏|,房地(土地+建物),屏|h屏|市武昌街61~90,39.24,住,,,1060706,土地1建物1位0,四,5,公寓(5呛以下o梯),民住宅,筋混凝土造,0831219,121.49,3,2,2,有,o,o,6000,49,,0.0,0,,RPSOMLOJQHMFFAT57DC,屏东县,6,303.87,不动产租赁
潮州,土地,新生段1141~1170地,539.54,工,,,1060728,土地1建物0位0,,,其他,,,,0.0,0,0,0,有,o,o,8000,15,,0.0,0,承租五分之一的土地(地坪107.908平方公尺),RPQNMLPKQHMFFCT57CC,屏东县,6,303.87,不动产租赁
屏|,房地(土地+建物),屏|h屏|市民W路31~60,71.0,住,,,1060811,土地1建物1位0,全,3,透天厝,住家用,筋混凝土造,0750523,32.55,1,1,1,有,o,o,8000,246,,0.0,0,,RPUOMLSKQHMFFAT18CC,屏东县,6,303.87,不动产租赁
潮州,房地(土地+建物),屏|h潮州新生路1~30,860.1,住,,,1060801,土地1建物1位0,全,3,透天厝,住商用,加u造,0611003,518.75,0,0,0,o,o,有,100000,193,,0.0,0,,RPXNMLNLQHMFFCT18CC,屏东县,6,303.87,不动产租赁
屏|,房地(土地+建物),屏|h屏|市自由路451~480,341.0,住,,,1060801,土地1建物1位0,全,3,透天厝,住家用,其他登事,1020311,327.88,1,0,0,o,o,o,19000,58,,0.0,0,,RPVNMLPLQHMFFAT08DC,屏东县,6,303.87,不动产租赁
屏|,房地(土地+建物),屏|h屏|市建南路91~120,30.53,住,,,1060817,土地1建物1位0,五,5,公寓(5呛以下o梯),民住宅,筋混凝土造,0711030,81.88,3,2,2,有,o,有,8500,104,,0.0,0,,RPTNMLSJRHMFFAT97CC,屏东县,6,303.87,不动产租赁
L治l,房地(土地+建物),屏|hL治l中d路541~570,90.42,,l村^,乙N建B用地,1060901,土地2建物1位0,全,4,透天厝,住商用,筋混凝土造,1010727,264.62,5,2,5,有,o,有,28000,106,,0.0,0,,RPXNMLMKRHMFFAT87CC,屏东县,6,303.87,不动产租赁
屏|,房地(土地+建物)+位,屏|h屏|市博勐241~270,18.54,住,,,1060901,土地1建物1位1,四,8,AB(10雍以下有梯),住家用,筋混凝土造,0870219,105.44,2,2,2,有,o,有,7000,66,坡道平面,9.9,0,,RPWOMLMKRHMFFAT87CC,屏东县,6,303.87,不动产租赁
屏|,房地(土地+建物),屏|h屏|市武劢151~180,23.0,住,,,1060901,土地1建物1位0,其他登事,7,AB(10雍以下有梯),住商用,筋混凝土造,0830318,90.32,2,2,2,有,o,o,9000,100,,0.0,0,,RPVOMLMKRHMFFAT87DC,屏东县,6,303.87,不动产租赁
潮州,建物,屏|h潮州永定路31~60,0.0,住,,,1060826,土地0建物1位0,三,5,公寓(5呛以下o梯),其他登事,其他登事,1030117,108.05,0,0,0,o,o,有,13000,120,,0.0,0,,RPWNMLMKRHMFFCT97CC,屏东县,6,303.87,不动产租赁
潮州,建物,屏|h潮州Ar街61~90,0.0,住,,,1060915,土地0建物1位0,二,4,其他,住商用,其他登事,1040520,40.39,1,1,1,有,o,o,7000,173,,0.0,0,,RPTNMLTKRHMFFCT38CC,屏东县,6,303.87,不动产租赁
潮州,房地(土地+建物),屏|h潮州昌明路61~90,71.31,商,,,1060901,土地1建物1位0,全,3,透天厝,住商用,筋混凝土造,0760520,174.96,5,2,3,有,o,有,12000,69,,0.0,0,,RPSNMLKLRHMFFCT47CC,屏东县,6,303.87,不动产租赁
屏|,房地(土地+建物),屏|h屏|市团d路31~60,110.0,商,,,1060923,土地2建物1位0,全,2,透天厝,工I用,筋混凝土造,,43.0,0,0,0,o,o,o,10000,233,,0.0,0,租1乔鞍氩,RPPPMLRLRHMFFAT87CC,屏东县,6,303.87,不动产租赁
屏|,房地(土地+建物),屏|h屏|市柳州街1~30,77.0,住,,,1060930,土地1建物1位0,一,4,店面(店),住商用,筋混凝土造,0671213,67.9,0,0,0,o,o,o,16500,243,,0.0,0,,RPSPMLMJIIMFFAT66CC,屏东县,6,303.87,不动产租赁
屏|,房地(土地+建物),屏|h屏|市建路91~120,114.0,住,,,1060901,土地1建物1位0,其他登事,2,店面(店),住商用,筋混凝土加u造,,143.13,0,0,0,o,o,o,22000,154,,0.0,0,,RPPNMLKKIIMFFAT68CC,屏东县,6,303.87,不动产租赁
绕亦l,房地(土地+建物),屏|h绕亦l建工路1~30,1798.74,,工I^,丁N建B用地,1060927,土地1建物1位0,一,1,工S,使用陶,使用陶,0770511,690.69,0,0,0,o,o,o,115000,,,0.0,0,,RPTNMLNKIIMFFCT96CC,屏东县,6,303.87,不动产租赁
屏|,房地(土地+建物),屏|h屏|市柳州街1~30,77.0,住,,,1061007,土地1建物1位0,二,4,店面(店),住商用,筋混凝土造,0671213,44.8,0,0,0,o,o,o,4500,100,,0.0,0,,RPVNMLQKIIMFFAT27CC,屏东县,6,303.87,不动产租赁
新@l,房地(土地+建物),屏|h新@l}埔村}洲路41巷31~60,63.42,住,,,1061026,土地1建物1位0,全,2,透天厝,住家用,加u造,0650828,94.02,3,2,2,有,o,o,10000,106,,0.0,0,,RPPNMLNKJIMFFDT76CC,屏东县,6,303.87,不动产租赁
屏|,房地(土地+建物),屏|h屏|市建民路61~90,72.4,住,,,1061115,土地1建物1位0,全,3,透天厝,住商用,筋混凝土造,0830104,42.13,1,0,1,有,o,o,10000,237,,0.0,0,,RPQPMLOLJIMFFAT07DC,屏东县,6,303.87,不动产租赁
屏|,房地(土地+建物),屏|h屏|市V|路744巷91~120,18.9,住,,,1061116,土地1建物1位0,五,8,AB(10雍以下有梯),其他登事,筋混凝土造,0871022,118.21000000000001,3,2,2,有,有,有,10000,85,,0.0,0,,RPRPMLOLJIMFFAT17DC,屏东县,6,303.87,不动产租赁
屏|,房地(土地+建物),屏|h屏|市民享路121~150,133.0,住,,,1050619,土地1建物1位0,其他登事,4,店面(店),住商用,筋混凝土造,1040119,265.1,3,2,3,有,o,o,35000,132,,0.0,0,,RPUNMLRLJIMFFAT57DC,屏东县,6,303.87,不动产租赁
屏|,房地(土地+建物),屏|h屏|市V|路931~960,101.0,商,,,1060920,土地1建物1位0,全,3,透天厝,住商用,筋混凝土造,0690212,203.28,3,2,2,有,o,有,13500,66,,0.0,0,,RPXNMLRLJIMFFAT87DC,屏东县,6,303.87,不动产租赁
屏|,土地,中柳段1081~1110地,2986.63,,一般rI^,r牧用地,1061117,土地2建物0位0,,,其他,,,,0.0,0,0,0,有,o,o,130000,44,,0.0,0,含增建或未登建物。,RPSNMLSLJIMFFAT37CC,屏东县,6,303.87,不动产租赁
屏|,房地(土地+建物),屏|h屏|市团d南路一段一巷15弄1~30,68.0,住,,,1061205,土地1建物1位0,全,2,透天厝,住商用,加u造,0671116,76.6,3,2,2,有,o,有,7000,91,,0.0,0,,RPOOMLPJKIMFFAT66CC,屏东县,6,303.87,不动产租赁
|港,房地(土地+建物),屏|h|港中正路一段31~60,582.84,住,,,1061202,土地2建物1位0,其他登事,1,店面(店),商I用,其他登事,0951212,239.83,0,0,0,o,o,有,85000,354,,0.0,0,,RPQNMLQJKIMFFDT17CC,屏东县,6,303.87,不动产租赁
f丹l,房地(土地+建物),屏|hf丹lf勐芬欢151~180,1572.75,,特定rI^,r牧用地,1061122,土地1建物1位0,其他登事,1,r舍,其他登事,其他登事,1010321,389.66,0,0,0,o,o,o,42000,,,0.0,0,建物o保存登27.13坪,RPVNMLKLKIMFFAT96CC,屏东县,6,303.87,不动产租赁
九如l,房地(土地+建物),屏|h九如l後庄路15巷1~30,3414.0,,特定rI^,r牧用地,1061201,土地1建物1位0,其他登事,3,r舍,r舍,筋混凝土造,0840429,300.0,7,2,3,有,o,有,25000,,,0.0,0,,RPRNMLLLKIMFFAT76DC,屏东县,6,303.87,不动产租赁
屏|,房地(土地+建物),屏|h屏|市团d南路一段448巷61~90,61.14,,l村^,乙N建B用地,1061208,土地1建物1位0,全,3,透天厝,住家用,筋混凝土造,0700304,97.6,4,2,2,有,o,有,7500,77,,0.0,0,,RPQNMLMLKIMFFAT66CC,屏东县,6,303.87,不动产租赁
屏|,房地(土地+建物),屏|h屏|市清溪里清M巷151~180,104.0,,l村^,乙N建B用地,1061226,土地1建物1位0,其他登事,2,店面(店),住商用,筋混凝土加u造,,107.64,3,3,2,有,o,o,15000,139,,0.0,0,,RPOOMLRLKIMFFAT07CC,屏东县,6,303.87,不动产租赁
屏|,房地(土地+建物),屏|h屏|市建路271~300,92.0,住,,,1061219,土地1建物1位0,其他登事,3,店面(店),住商用,筋混凝土造,0691127,165.96,0,0,0,o,o,o,18000,108,,0.0,0,,RPWOMLRLKIMFFAT87CC,屏东县,6,303.87,不动产租赁
屏|,房地(土地+建物),屏|h屏|市大武路391~420,81.0,住,,,1061201,土地1建物1位0,全,4,透天厝,住家用,筋混凝土造,1030414,143.54,4,2,3,有,o,o,17000,118,,0.0,0,第二硬怀鲎猓屋主自行使用,RPUOMLRLKIMFFAT77DC,屏东县,6,303.87,不动产租赁
L治l,房地(土地+建物),屏|hL治l永d路1~30,297.9,住,,,1070101,土地3建物1位0,一,2,店面(店),住商用,其他登事,1051201,181.03,0,0,0,o,o,o,40000,221,,0.0,0,,RPVNMLNLJHNFFAT17CC,屏东县,6,303.87,不动产租赁
屏|,房地(土地+建物),屏|h屏|市公@路1~30,284.0,商,,,1070104,土地1建物1位0,一,5,店面(店),其他登事,筋混凝土造,0780302,393.93,0,0,0,o,o,o,60000,152,,0.0,0,,RPOOMLNLJHNFFAT56CC,屏东县,6,303.87,不动产租赁
潮州,房地(土地+建物),屏|h潮州新生路31~60,114.06,商,,,1070108,土地3建物1位0,其他登事,2,店面(店),住商用,筋混凝土加u造,0540420,174.62,0,0,0,o,o,o,25000,143,,0.0,0,,RPVNMLLMJHNFFCT37DC,屏东县,6,303.87,不动产租赁
屏|,房地(土地+建物),屏|h屏|市建S路61~90,76.0,住,,,1070124,土地1建物1位0,四,4,店面(店),住商用,筋混凝土造,0850201,172.58,5,2,3,有,o,o,25000,145,,0.0,0,,RPROMLQJKHNFFAT07CC,屏东县,6,303.87,不动产租赁
屏|,房地(土地+建物),屏|h屏|市和平路61~90,140.0,住,,,1070110,土地1建物1位0,一,3,店面(店),住商用,筋混凝土造,0660209,55.2,1,1,1,有,o,o,10000,181,,0.0,0,,RPROMLTJKHNFFAT47DC,屏东县,6,303.87,不动产租赁
屏|,房地(土地+建物),屏|h屏|市中A路121~150,35.93,住,,,1070119,土地1建物1位0,二,7,AB(10雍以下有梯),店m、住宅,筋混凝土造,0831129,188.87,0,0,0,o,o,o,25000,132,,0.0,0,,RPUNMLNKKHNFFAT07CC,屏东县,6,303.87,不动产租赁
南州l,土地,墼段991~1020地,309.07,,一般rI^,r牧用地,1070308,土地1建物0位0,,,其他,,,,0.0,0,0,0,有,o,o,18000,58,,0.0,0,,RPTNMLTJLHNFFDT97DC,屏东县,6,303.87,不动产租赁
屏|,房地(土地+建物),屏|h屏|市公@|路91~120,91.0,住,,,1070312,土地1建物1位0,其他登事,4,店面(店),住商用,筋混凝土造,0671208,246.3,4,2,3,有,o,o,23000,93,,0.0,0,,RPUNMLQKLHNFFAT47CC,屏东县,6,303.87,不动产租赁
屏|,房地(土地+建物),屏|h屏|市C霰甭721~750,17.79,住,,,1070301,土地1建物1位0,十二,14,住宅大(11雍以上有梯),其他登事,筋混凝土造,0881204,94.41,3,2,2,有,有,有,12500,132,,0.0,0,,RPSOMLQKLHNFFAT37CC,屏东县,6,303.87,不动产租赁
屏|,房地(土地+建物),屏|h屏|市青u街1~30,132.0,其他,,,1070315,土地1建物1位0,全,3,透天厝,住家用,木造,,24.44,8,0,8,有,o,有,44000,1800,,0.0,0,,RPPNMLRKLHNFFAT17DC,屏东县,6,303.87,不动产租赁
|港,建物,屏|h|港新生三路31~60,0.0,住,,,1070302,土地0建物0位0,全,3,透天厝,住家用,筋混凝土造,0660324,128.14,5,0,5,有,o,有,35000,273,,0.0,0,租U哟2印3,RPPOMLKLLHNFFDT86CC,屏东县,6,303.87,不动产租赁
潮州,房地(土地+建物),屏|h潮州f隆街1~30,82.29,住,,,1070226,土地1建物1位0,全,4,透天厝,住家用,筋混凝土造,0830620,190.13,3,3,3,有,o,o,8000,42,,0.0,0,,RPVNMLQLLHNFFCT97DC,屏东县,6,303.87,不动产租赁
a春,房地(土地+建物)+位,屏|ha春a南路194巷1~30,193.09,住,,,1070222,土地1建物1位1,全,3,透天厝,其他登事,筋混凝土造,1030626,286.42,4,1,5,有,o,o,30650,107,一瞧矫,0.0,0,,RPQNMLRLLHNFFET67CC,屏东县,6,303.87,不动产租赁
屏|,房地(土地+建物),屏|h屏|市A盛街1~30,51.8,住,,,1070326,土地1建物1位0,五,14,住宅大(11雍以上有梯),其他登事,筋混凝土造,0930909,205.76999999999998,4,2,2,有,有,o,13000,63,,0.0,0,,RPRNMLRLLHNFFAT47DC,屏东县,6,303.87,不动产租赁
屏|,房地(土地+建物),屏|h屏|市m州街31~60,70.12,住,,,1070323,土地1建物1位0,一,12,住宅大(11雍以上有梯),商I用,筋混凝土造,1030505,209.44,0,1,1,有,有,o,28000,134,,0.0,0,,RPUNMLRLLHNFFAT77DC,屏东县,6,303.87,不动产租赁
屏|,房地(土地+建物)+位,屏|h屏|市中正路601~630,1861.0,住,,,1070328,土地5建物1位6,其他登事,7,店面(店),其他登事,筋混凝土造,0850821,1092.88,10,0,2,有,o,有,250000,229,一瞧矫,82.5,0,,RPVOMLKMLHNFFAT27CC,屏东县,6,303.87,不动产租赁
L治l,房地(土地+建物),屏|hL治l水源路61~90,92.56,,l村^,乙N建B用地,1070312,土地1建物1位0,全,2,透天厝,住家用,加u造,0741226,132.81,2,2,2,有,o,o,15000,113,,0.0,0,,RPPNMLQJMHNFFAT96CC,屏东县,6,303.87,不动产租赁
屏|,房地(土地+建物),屏|h屏|市博勐241~270,76.0,住,,,1070330,土地1建物1位0,全,4,透天厝,住商用,筋混凝土造,0950828,197.24,4,2,3,有,o,o,20000,101,,0.0,0,,RPQNMLQJMHNFFAT07CC,屏东县,6,303.87,不动产租赁
屏|,房地(土地+建物),屏|h屏|市公@西路61~90,115.0,住,,,1070406,土地1建物1位0,其他登事,3,店面(店),住商用,筋混凝土造,0660423,275.79,0,0,0,o,o,o,25000,91,,0.0,0,,RPUNMLTJMHNFFAT77CC,屏东县,6,303.87,不动产租赁
|港,房地(土地+建物),屏|h|港明智路1~30,145.52,住,,,1070408,土地1建物1位0,全,4,透天厝,住商用,,1050204,211.72,5,2,5,有,o,o,32000,151,,0.0,0,,RPSNMLNKMHNFFDT47DC,屏东县,6,303.87,不动产租赁
屏|,房地(土地+建物),屏|h屏|市忠孝路211~240,54.0,住,,,1070414,土地2建物1位0,二,2,店面(店),住商用,u造,0550909,63.02,5,2,2,有,o,有,16000,254,,0.0,0,,RPVOMLRKMHNFFAT87CC,屏东县,6,303.87,不动产租赁
屏|,房地(土地+建物),屏|h屏|市自由路421~450,10.3,住,,,1070403,土地1建物1位0,六,13,k公商I大,商I用,筋混凝土造,0860226,78.48,0,0,0,o,有,o,8000,102,,0.0,0,,RPUNMLTKMHNFFAT87CC,屏东县,6,303.87,不动产租赁
潮州,房地(土地+建物),屏|h潮州公@路211~240,83.29,住,,,1070331,土地1建物1位0,全,4,透天厝,住商用,筋混凝土造,0841229,249.84,5,2,4,有,o,o,15000,60,,0.0,0,,RPOOMLNLMHNFFCT07CC,屏东县,6,303.87,不动产租赁
潮州,房地(土地+建物),屏|h潮州南京路8巷1~30,90.0,住,,,1070401,土地2建物1位0,全,4,透天厝,住商用,筋混凝土造,0820130,135.19,4,2,3,有,o,o,10000,74,,0.0,0,,RPOOMLPLMHNFFCT27CC,屏东县,6,303.87,不动产租赁
屏|,房地(土地+建物),屏|h屏|市青u街91~120,221.0,住,,,1070426,土地1建物1位0,一,1,店面(店),住家用,木造,,55.37,0,0,0,o,o,o,18000,325,,0.0,0,,RPQOMLQLMHNFFAT37CC,屏东县,6,303.87,不动产租赁
屏|,房地(土地+建物),屏|h屏|市中正路391~420,108.0,住,,,1070501,土地1建物1位0,其他登事,3,店面(店),住商用,筋混凝土造,0671228,237.35,0,0,0,o,o,o,20000,84,,0.0,0,,RPVNMLLJNHNFFAT17CC,屏东县,6,303.87,不动产租赁
绕亦l,建物,屏|h绕亦lW人路241~270,150.0,,l村^,乙N建B用地,1070412,土地0建物1位0,全,2,透天厝,住商用,加u造,0771008,116.24,2,2,2,有,o,o,14000,120,,0.0,0,,RPVOMLSJNHNFFCT18CC,屏东县,6,303.87,不动产租赁
屏|,房地(土地+建物),屏|h屏|市V|路1021~1050,468.0,住,,,1070504,土地2建物1位0,其他登事,2,店面(店),住商用,其他登事,1051013,348.79,0,0,0,o,o,有,80000,229,,0.0,0,,RPPOMLPKNHNFFAT17CC,屏东县,6,303.87,不动产租赁
屏|,房地(土地+建物),屏|h屏|市林森路91~120,155.0,住,,,1070503,土地1建物1位0,二,4,店面(店),住商用,筋混凝土造,0870605,146.65,0,0,0,o,o,o,18000,123,,0.0,0,,RPXNMLSKNHNFFAT18CC,屏东县,6,303.87,不动产租赁
屏|,土地,清溪段1531~1560地,1965.0,,特定rI^,r牧用地,1070516,土地1建物0位0,,,其他,,,,0.0,0,0,0,有,o,o,15000,8,,0.0,0,,RPUNMLSJOHNFFAT87CC,屏东县,6,303.87,不动产租赁
屏|,房地(土地+建物),屏|h屏|市民生路181~210,56.0,商,,,1070611,土地1建物1位0,全,4,透天厝,住商用,筋混凝土加u造,0550202,221.76,4,2,4,有,o,o,23000,104,,0.0,0,,RPQNMLMKOHNFFAT96CC,屏东县,6,303.87,不动产租赁
绕亦l,房地(土地+建物),屏|h绕亦l中A三街61~90,134.65,住,,,1070615,土地1建物1位0,全,4,透天厝,其他登事,其他登事,1010807,217.05,5,2,3,有,o,有,17000,78,,0.0,0,,RPTNMLPLOHNFFCT87CC,屏东县,6,303.87,不动产租赁
潮州,土地,段841~870地,69.28,住,,,1070622,土地3建物0位0,,,其他,,,,0.0,0,0,0,有,o,有,6000,87,,0.0,0,有民情L俗因素之交易。;扔形幢４娴怯房屋,RPUNMLOJPHNFFCT77CC,屏东县,6,303.87,不动产租赁
屏|,房地(土地+建物),屏|h屏|市民生路61~90,94.0,住,,,1070611,土地1建物1位0,一,3,店面(店),住商用,加u造,,64.22,0,0,1,有,o,o,13000,202,,0.0,0,,RPTOMLOJPHNFFAT57CC,屏东县,6,303.87,不动产租赁
屏|,房地(土地+建物),屏|h屏|市建路121~150,76.0,住,,,1070618,土地1建物1位0,一,4,店面(店),其他登事,筋混凝土造,0940601,49.6,0,0,1,有,o,o,14200,286,,0.0,0,,RPVOMLOJPHNFFAT77CC,屏东县,6,303.87,不动产租赁
屏|,房地(土地+建物),屏|h屏|市公正四街211~240,20.3,住,,,1070711,土地1建物1位0,其他登事,2,公寓(5呛以下o梯),民住宅,筋混凝土造,0711015,37.61,2,1,1,有,o,有,12000,319,,0.0,0,,RPUNMLLKPHNFFAT37CC,屏东县,6,303.87,不动产租赁
屏|,房地(土地+建物),屏|h屏|市自由路3631~3660,84.0,住,,,1070716,土地1建物1位0,全,4,透天厝,住商用,筋混凝土造,0700617,193.5,3,2,3,有,o,o,25000,129,,0.0,0,,RPXNMLQKPHNFFAT18CC,屏东县,6,303.87,不动产租赁
潮州,房地(土地+建物),屏|h潮州北T路151~180,129.02,住,,,1070622,土地1建物1位0,其他登事,3,店面(店),其他登事,其他登事,1021108,216.37,5,2,4,有,o,o,22000,102,,0.0,0,,RPUNMLSKPHNFFCT28CC,屏东县,6,303.87,不动产租赁
屏|,房地(土地+建物),屏|h屏|市工I一路1~30,671.0,工,,,1070703,土地1建物1位0,其他登事,2,工S,其他登事,其他登事,0660228,373.08,0,0,0,o,o,o,42000,,,0.0,0,,RPUNMLQLPHNFFAT97CC,屏东县,6,303.87,不动产租赁
屏|,房地(土地+建物),屏|h屏|市A盛街1~30,45.6,住,,,1070727,土地1建物1位0,九,14,住宅大(11雍以上有梯),其他登事,筋混凝土造,0930909,181.01,3,2,2,有,有,o,12000,66,,0.0,0,,RPVNMLSJQHNFFAT18CC,屏东县,6,303.87,不动产租赁
潮州,房地(土地+建物)+位,屏|h潮州建基路42巷1~30,82.82,住,,,1070816,土地1建物1位1,全,3,透天厝,使用陶,筋混凝土造,0931028,144.0,5,2,3,有,o,有,12000,83,一瞧矫,15.12,0,,RPSNMLQKQHNFFCT97CC,屏东县,6,303.87,不动产租赁
屏|,房地(土地+建物),屏|h屏|市和生路三段991~1020,2513.0,工,,,1070806,土地1建物1位0,一,1,Sk,其他登事,其他登事,1020911,499.68,0,0,0,o,o,有,250000,500,,0.0,0,,RPVNMLMLQHNFFAT77CC,屏东县,6,303.87,不动产租赁
屏|,房地(土地+建物),屏|h屏|市C霰甭751~780,17.4,住,,,1070809,土地1建物1位0,六,14,住宅大(11雍以上有梯),其他登事,筋混凝土造,0881204,121.2,3,2,2,有,有,有,12500,103,,0.0,0,售r包含b潢或家。;,RPXNMLMLQHNFFAT97CC,屏东县,6,303.87,不动产租赁
屏|,建物,屏|h屏|市团d路181~210,0.0,商,,,1070904,土地0建物1位0,全,4,透天厝,住商用,筋混凝土造,1051202,290.99,3,0,3,有,o,o,38000,131,,0.0,0,,RPSNMLRJRHNFFAT97DC,屏东县,6,303.87,不动产租赁
屏|,房地(土地+建物)+位,屏|h屏|市博勐241~270,18.54,住,,,1070910,土地1建物1位0,四,8,AB(10雍以下有梯),住家用,筋混凝土造,0870219,80.46,2,2,2,有,有,有,8000,99,升降C械,34.88,0,,RPRPMLKKRHNFFAT37CC,屏东县,6,303.87,不动产租赁
屏|,房地(土地+建物),屏|h屏|市崇朝路1~30,97.0,住,,,1070919,土地1建物1位0,其他登事,4,店面(店),住商用,筋混凝土造,1030331,212.43,5,2,5,有,o,o,32000,151,,0.0,0,,RPTPMLTKRHNFFAT48CC,屏东县,6,303.87,不动产租赁
屏|,房地(土地+建物),屏|h屏|市建S路61~90,76.0,住,,,1070925,土地1建物1位0,其他登事,4,店面(店),住商用,筋混凝土造,0850201,172.58,5,1,3,有,o,o,24000,139,,0.0,0,,RPXNMLQLRHNFFAT48CC,屏东县,6,303.87,不动产租赁
屏|,房地(土地+建物),屏|h屏|市V|路781~810,54.0,住,,,1070901,土地1建物1位0,全,3,透天厝,住家用,筋混凝土造,0751027,141.1,3,1,3,有,o,有,15000,106,,0.0,0,售r包含b潢或家。;,RPXNMLRLRHNFFAT58CC,屏东县,6,303.87,不动产租赁
潮州,建物,屏|h潮州永定路31~60,0.0,住,,,1070831,土地0建物1位0,三,5,AB(10雍以下有梯),其他登事,其他登事,1030117,96.83,0,0,0,o,有,有,14000,145,,0.0,0,,RPQOMLSLRHNFFCT28CC,屏东县,6,303.87,不动产租赁
潮州,土地,中山段841~870地,3106.83,,一般rI^,r牧用地,1071002,土地4建物0位0,,,其他,,,,0.0,0,0,0,有,o,o,25000,8,,0.0,0,,RPRNMLMJIINFFCT66CC,屏东县,6,303.87,不动产租赁
屏|,房地(土地+建物)+位,屏|h屏|市中正路601~630,1861.0,住,,,1071004,土地5建物1位10,其他登事,7,店面(店),其他登事,筋混凝土造,0850821,1746.24,0,0,0,o,o,o,225000,129,坡道平面,132.5,0,,RPOOMLNLIINFFAT56CC,屏东县,6,303.87,不动产租赁
屏|,房地(土地+建物),屏|h屏|市公@路1~30,284.0,商,,,1071002,土地1建物1位0,三,5,k公商I大,其他登事,筋混凝土造,0780302,97.16,0,0,0,o,o,o,18000,185,,0.0,0,,RPSOMLLMIINFFAT86CC,屏东县,6,303.87,不动产租赁
屏|,房地(土地+建物),屏|h屏|市公@路1~30,284.0,商,,,1071002,土地1建物1位0,三,5,k公商I大,其他登事,筋混凝土造,0780302,97.16,0,0,0,o,o,o,18000,185,,0.0,0,,RPTOMLLMIINFFAT96CC,屏东县,6,303.87,不动产租赁
f丹l,房地(土地+建物),屏|hf丹l大昌路1021~1050,84.0,,特定rI^,甲N建B用地,1071102,土地1建物1位0,全,4,透天厝,住商用,筋混凝土造,0820722,205.6,4,1,4,有,o,o,9000,44,,0.0,0,,RPUNMLMJJINFFAT96DC,屏东县,6,303.87,不动产租赁
屏|,房地(土地+建物),屏|h屏|市信x路181~210,192.0,住,,,1071110,土地1建物1位0,五,5,AB(10雍以下有梯),住家用,筋混凝土造,0870519,35.26,2,1,1,有,o,有,9500,269,,0.0,0,租金含第四台及W路M月,RPSNMLPKJINFFAT17DC,屏东县,6,303.87,不动产租赁
潮州,房地(土地+建物),屏|h潮州新生里忠孝路31~60,95.08,商,,,1071121,土地1建物1位0,全,4,透天厝,住商用,筋混凝土造,0840524,40.62,5,2,4,有,o,o,16000,394,,0.0,0,,RPOOMLNLJINFFCT86CC,屏东县,6,303.87,不动产租赁
屏|,房地(土地+建物)+位,屏|h屏|市民嗦91~120,7.42,商,,,1071105,土地1建物1位1,三,15,住宅大(11雍以上有梯),其他登事,筋混凝土造,1040617,194.1,2,2,2,有,有,有,23770,122,坡道平面,21.03,0,,RPQOMLTLJINFFAT47CC,屏东县,6,303.87,不动产租赁
屏|,房地(土地+建物),屏|h屏|市林森路1~30,115.0,商,,,1071118,土地1建物1位0,其他登事,2,店面(店),住家用,加u造,0640707,196.1,0,0,0,o,o,有,22000,112,,0.0,0,,RPSOMLTLJINFFAT67CC,屏东县,6,303.87,不动产租赁
屏|,房地(土地+建物)+位,屏|h屏|市A盛街31~60,45.6,住,,,1071205,土地1建物1位1,十四,14,住宅大(11雍以上有梯),其他登事,筋混凝土造,0930909,181.01,3,2,2,有,有,o,13500,75,坡道平面,0.0,0,,RPOOMLPJKINFFAT76CC,屏东县,6,303.87,不动产租赁
潮州,土地,光春段91~120地,2045.6,,一般rI^,r牧用地,1071201,土地1建物0位0,,,其他,,,,0.0,0,0,0,有,o,o,25000,12,,0.0,0,有民情L俗因素之交易。;,RPQNMLOKKINFFCT07CC,屏东县,6,303.87,不动产租赁
屏|,房地(土地+建物),屏|h屏|市自由路211~240,82.0,商,,,1071203,土地1建物1位0,一,4,店面(店),住家用,筋混凝土造,0790722,82.0,0,1,1,有,o,o,25000,305,,0.0,0,,RPROMLSKKINFFAT57DC,屏东县,6,303.87,不动产租赁
潮州,土地,光春段91~120地,1331.54,,一般rI^,r牧用地,1071215,土地1建物0位0,,,其他,,,,0.0,0,0,0,有,o,o,15000,11,,0.0,0,,RPRNMLKLKINFFCT86CC,屏东县,6,303.87,不动产租赁
屏|,房地(土地+建物),屏|h屏|市和平路181~210,182.0,住,,,1071122,土地2建物1位0,全,2,透天厝,住商用,筋混凝土加u造,0650323,219.42,5,2,3,有,o,o,35000,160,,0.0,0,,RPUNMLLLKINFFAT17DC,屏东县,6,303.87,不动产租赁
屏|,房地(土地+建物)+位,屏|h屏|市大武路301~330,17.17,住,,,1071218,土地1建物1位1,七,7,AB(10雍以下有梯),住家用,筋混凝土造,0831006,116.93,3,2,2,有,有,有,13000,111,升降C械,0.0,0,,RPOOMLQLKINFFAT17DC,屏东县,6,303.87,不动产租赁
屏|,房地(土地+建物),屏|h屏|市自立路181~210,69.0,住,,,1071215,土地1建物2位0,一,5,公寓(5呛以下o梯),其他登事,筋混凝土造,0701231,186.96,2,1,1,有,o,o,17000,91,,0.0,0,有民情L俗因素之交易。;,RPOPMLSLKINFFAT47DC,屏东县,6,303.87,不动产租赁
屏|,房地(土地+建物)+位,屏|h屏|市博勐391~420,19.54,住,,,1071224,土地1建物1位1,六,7,AB(10雍以下有梯),住家用,筋混凝土造,0850315,117.74000000000001,3,2,2,有,o,有,13000,110,升降C械,0.0,0,租金含管理M2120元/月,RPPNMLMJJHOFFAT98CC,屏东县,6,303.87,不动产租赁
屏|,房地(土地+建物),屏|h屏|市建S路271~300,60.0,住,,,1080101,土地1建物1位0,其他登事,3,店面(店),住商用,筋混凝土造,0830413,117.15,2,2,3,有,o,o,14000,120,,0.0,0,,RPSNMLMJJHOFFAT66CC,屏东县,6,303.87,不动产租赁
潮州,房地(土地+建物),屏|h潮州北T路91~120,85.0,住,,,1071227,土地1建物1位0,全,4,透天厝,住商用,筋混凝土造,0790610,212.48,6,3,4,有,o,o,15000,71,,0.0,0,,RPVNMLNJJHOFFCT27CC,屏东县,6,303.87,不动产租赁
屏|,房地(土地+建物),屏|h屏|市建路211~240,77.0,住,,,1080103,土地1建物1位0,其他登事,5,店面(店),住商用,筋混凝土造,0841020,236.73,0,0,0,o,o,o,20000,84,,0.0,0,,RPQOMLTKJHOFFAT37CC,屏东县,6,303.87,不动产租赁
屏|,房地(土地+建物),屏|h屏|市V|路721~750,119.0,住,,,1080124,土地2建物1位0,其他登事,2,店面(店),住商用,加u造,0670916,126.4,5,2,3,有,o,o,21000,166,,0.0,0,,RPWNMLPLJHOFFAT57CC,屏东县,6,303.87,不动产租赁
绕亦l,土地,昭俣1171~1200地,1162.89,商,,,1080510,土地6建物0位0,,,其他,,,,0.0,0,0,0,有,o,o,150000,129,,0.0,0,,RPPNMLKLNHOFFCT96CC,屏东县,6,303.87,不动产租赁
|港,建物,屏|h|港L春一路91~120,378.31,住,,,1080522,土地0建物1位0,全,3,透天厝,其他登事,骨混凝土造,0901107,732.71,3,3,6,有,o,o,150000,205,,0.0,0,,RPSNMLNLNHOFFDT67CC,屏东县,6,303.87,不动产租赁
