苗栗市,房地(土地+建物),苗栗h苗栗市北苗里39香格61~90,287.0,住,,,1011005,土地3建物1位0,全,3,透天厝,其他登事,筋混凝土造,0830520,118.11,4,2,3,有,有,o,11000,93,,0.0,0,,RPPNMLMJJIHFFBK57CC,苗栗县,4,88.83,不动产租赁
竹南,房地(土地+建物),苗栗h竹南仁勐1171~1200,119.0,其他,l村^,乙N建B用地,1011005,土地4建物1位0,全,3,透天厝,住家用,加u造,0690108,121.1,3,2,3,有,o,o,12000,99,,0.0,0,,RPTNMLMJJIHFFDK28DC,苗栗县,4,88.83,不动产租赁
苗栗市,房地(土地+建物),苗栗h苗栗市中山路481~510,60.0,住,,,1011101,土地1建物1位0,二,2,店面(店),住家用,加u造,0480620,108.7,2,1,2,有,o,有,10000,92,,0.0,0,,RPPNMLNJJIHFFBK67CC,苗栗县,4,88.83,不动产租赁
^份,房地(土地+建物),苗栗h^份|民三街1~30,167.0,工,,,1011015,土地2建物1位0,一,3,套房(1房1d1l),其他登事,其他登事,1000323,279.63,1,0,1,有,o,有,5500,20,,0.0,0,,RPSNMLRJJIHFFFK78CC,苗栗县,4,88.83,不动产租赁
^份,房地(土地+建物),苗栗h^份尖S路751~780,114.53,住,山坡地保育^,丙N建B用地,1011026,土地2建物1位0,全,3,透天厝,住家用,筋混凝土造,0850418,224.95,4,2,2,有,o,o,7000,31,,0.0,0,,RPQNMLMKJIHFFFK18CC,苗栗县,4,88.83,不动产租赁
竹南,房地(土地+建物)+位,苗栗h竹南光吐511~540,24.63,住,,,1011015,土地1建物1位1,七,7,AB(10雍以下有梯),住家用,筋混凝土造,0821118,136.59,3,2,2,有,o,o,7500,55,升降C械,0.0,0,,RPSNMLMKJIHFFDK18CC,苗栗县,4,88.83,不动产租赁
^份,房地(土地+建物),苗栗h^份建路二段301~330,862.82,住,,,1011016,土地1建物2位0,二,2,店面(店),商I用,其他登事,1010629,452.27,0,0,0,o,o,o,120000,265,,0.0,0,,RPOOMLMKJIHFFFK18DC,苗栗县,4,88.83,不动产租赁
苗栗市,房地(土地+建物),苗栗h苗栗市玉A里3翠@1~30,41.33,住,l村^,乙N建B用地,1011201,土地1建物1位0,一,1,公寓(5呛以下o梯),住家用,筋混凝土造,0750808,107.77,3,1,2,有,o,有,7000,65,,0.0,0,,RPTNMLMKJIHFFBK08CC,苗栗县,4,88.83,不动产租赁
苗栗市,房地(土地+建物)+位,苗栗h苗栗市中A|街391~420,28.92,住,,,1011110,土地1建物1位1,一,1,AB(10雍以下有梯),民住宅,筋混凝土造,0881123,162.58,3,2,2,有,o,有,12000,74,坡道平面,0.0,0,,RPUNMLMKJIHFFBK18CC,苗栗县,4,88.83,不动产租赁
苗栗市,房地(土地+建物),苗栗h苗栗市中正路691~720,4.29,住,,,1011105,土地1建物1位0,一,1,AB(10雍以下有梯),住家用,筋混凝土造,0881210,41.35,1,0,1,有,o,有,6300,152,,0.0,0,,RPVNMLMKJIHFFBK28CC,苗栗县,4,88.83,不动产租赁
苗栗市,房地(土地+建物),苗栗h苗栗市恭敬里9|海街1~30,13.32,住,,,1011115,土地1建物1位0,一,5,公寓(5呛以下o梯),商I用,筋混凝土造,0980501,132.35,0,0,0,o,o,o,10000,76,,0.0,0,,RPSNMLNKJIHFFBK08CC,苗栗县,4,88.83,不动产租赁
^份,建物,苗栗h^份信一街31~60,4.0,住,,,1011112,土地0建物0位0,三,5,AB(10雍以下有梯),住商用,其他登事,1010406,19.83,1,0,1,有,o,有,6200,313,,0.0,0,,RPRNMLOKJIHFFFK48CC,苗栗县,4,88.83,不动产租赁
竹南,房地(土地+建物),苗栗h竹南山路一段121~150,880.0,工,,,1011108,土地1建物1位0,一,7,AB(10雍以下有梯),住家用,筋混凝土造,0840421,79.57,3,2,2,有,o,有,12000,151,,0.0,0,,RPQNMLQKJIHFFDK38CC,苗栗县,4,88.83,不动产租赁
苗栗市,房地(土地+建物),苗栗h苗栗市建功里33大埔街1~30,5.41,住,,,1011101,土地1建物1位0,三,5,套房(1房1d1l),住家用,筋混凝土造,0850520,14.85,1,0,1,有,有,有,5000,337,,0.0,0,,RPTNMLMLJIHFFBK18CC,苗栗县,4,88.83,不动产租赁
苗栗市,房地(土地+建物),苗栗h苗栗市建功里33大埔街1~30,5.41,住,,,1011101,土地1建物1位0,四,5,套房(1房1d1l),住家用,筋混凝土造,0850520,14.85,1,0,1,有,有,有,5000,337,,0.0,0,,RPWOMLMLJIHFFBK58CC,苗栗县,4,88.83,不动产租赁
苗栗市,房地(土地+建物),苗栗h苗栗市玉S路61~90,161.0,住,特定rI^,甲N建B用地,1011116,土地1建物1位0,全,2,透天厝,住家用,加u造,,191.2,0,0,0,o,有,o,10000,52,,0.0,0,,RPQNMLNLJIHFFBK97CC,苗栗县,4,88.83,不动产租赁
苗栗市,建物,苗栗h苗栗市玉苗里光吐168巷1~30,31.87,住,,,1011110,土地0建物1位0,三,5,公寓(5呛以下o梯),住家用,筋混凝土造,0710715,86.48,3,1,1,有,o,有,7500,87,,0.0,0,,RPSNMLNLJIHFFBK18CC,苗栗县,4,88.83,不动产租赁
苗栗市,房地(土地+建物),苗栗h苗栗市建功里33大埔街1~30,5.41,住,,,1011105,土地1建物1位0,五,5,套房(1房1d1l),住家用,筋混凝土造,0850520,14.85,1,0,1,有,有,有,3500,236,,0.0,0,,RPPNMLQLJIHFFBK18CC,苗栗县,4,88.83,不动产租赁
竹南,房地(土地+建物),苗栗h竹南光吐391~420,99.0,住,,,1011201,土地1建物1位0,三,3,店面(店),住家用,其他登事,0630531,176.0,4,2,2,有,o,o,15000,85,,0.0,0,,RPSOMLRLJIHFFDK88CC,苗栗县,4,88.83,不动产租赁
^份,房地(土地+建物),苗栗h^份尚路31~60,119.0,住,,,1011201,土地0建物1位0,三,3,店面(店),其他登事,其他登事,0991112,277.95,2,2,4,有,o,o,2,0,,0.0,0,,RPXNMLSLJIHFFFK96CC,苗栗县,4,88.83,不动产租赁
竹南,房地(土地+建物),苗栗h竹南南平路72巷1~30,74.58,住,,,1011205,土地1建物1位0,全,3,透天厝,住家用,筋混凝土造,0941123,180.71,4,3,4,有,o,有,10000,55,,0.0,0,,RPQNMLQJKIHFFDK38CC,苗栗县,4,88.83,不动产租赁
^份,房地(土地+建物),苗栗h^份|庄里4忠孝一路31~60,103.0,住,,,1011220,土地1建物1位0,一,4,店面(店),住家用,筋混凝土造,0680223,49.71,1,1,1,有,o,o,12000,241,,0.0,0,,RPPNMLSJKIHFFFK68CC,苗栗县,4,88.83,不动产租赁
苗栗市,房地(土地+建物),苗栗h苗栗市文山里16文苑31~60,79.0,住,,,1011205,土地1建物1位0,全,1,透天厝,住家用,u造,0590101,42.41,2,1,1,有,o,有,4000,94,,0.0,0,,RPUNMLLKKIHFFBK18CC,苗栗县,4,88.83,不动产租赁
苗栗市,建物,苗栗h苗栗市清A里12L安街1~30,26.38,住,,,1011121,土地0建物1位0,三,6,AB(10雍以下有梯),住家用,筋混凝土造,0810401,116.86,3,2,1,有,有,有,9000,77,,0.0,0,,RPPNMLPKKIHFFBK08CC,苗栗县,4,88.83,不动产租赁
苗栗市,房地(土地+建物),苗栗h苗栗市建功里23忠孝1~30,26.19,住,,,1020101,土地1建物1位0,一,1,店面(店),其他登事,筋混凝土造,0850610,124.1,0,0,0,o,o,o,18000,145,,0.0,0,,RPVNMLRKKIHFFBK88CC,苗栗县,4,88.83,不动产租赁
^份,房地(土地+建物),苗栗h^份自立街31巷31~60,15.57,住,,,1011122,土地1建物1位0,三,10,AB(10雍以下有梯),其他登事,其他登事,1000728,65.78,2,1,1,有,o,有,14000,213,,0.0,0,,RPTOMLSKKIHFFFK76DC,苗栗县,4,88.83,不动产租赁
苗栗市,房地(土地+建物),苗栗h苗栗市6中山路601~630,125.0,商,,,1011215,土地2建物1位0,二,2,店面(店),住商用,加u造,0650921,190.22,0,0,2,有,o,o,15000,79,,0.0,0,,RPWNMLLLKIHFFBK48CC,苗栗县,4,88.83,不动产租赁
竹南,建物,苗栗h竹南山路一段163巷1~30,18.12,住,,,1011209,土地0建物1位0,五,7,AB(10雍以下有梯),住家用,筋混凝土造,0830202,71.96,3,2,1,有,有,o,7000,97,,0.0,0,,RPQNMLMLKIHFFDK28DC,苗栗县,4,88.83,不动产租赁
大湖l,房地(土地+建物),苗栗h大湖l团d路福1~30,111.37,住,山坡地保育^,丙N建B用地,1020101,土地1建物1位0,全,4,透天厝,住家用,筋混凝土造,0890106,177.52,3,1,3,有,有,有,8000,45,,0.0,0,,RPQNMLOJJHIFFAK77CC,苗栗县,4,88.83,不动产租赁
大湖l,房地(土地+建物),苗栗h大湖l团d路福1~30,39.99,住,山坡地保育^,丙N建B用地,1020101,土地1建物1位0,一,5,AB(10雍以下有梯),住家用,筋混凝土造,0890106,73.83,3,1,2,有,有,有,7000,95,,0.0,0,,RPRNMLOJJHIFFAK87CC,苗栗县,4,88.83,不动产租赁
苗栗市,房地(土地+建物),苗栗h苗栗市建功里h府路91~120,20.0,住,,,1011216,土地1建物1位0,十二,13,住宅大(11雍以上有梯),住家用,筋混凝土造,0881206,115.0,3,2,2,有,有,有,9000,78,,0.0,0,,RPSNMLOJJHIFFBK18DC,苗栗县,4,88.83,不动产租赁
苗栗市,房地(土地+建物),苗栗h苗栗市槊窠91~120,25.0,住,,,1020101,土地1建物1位0,五,6,AB(10雍以下有梯),住家用,筋混凝土造,0830223,150.0,4,2,2,有,有,o,12000,80,,0.0,0,,RPUNMLOJJHIFFBK38DC,苗栗县,4,88.83,不动产租赁
竹南,房地(土地+建物),苗栗h竹南新南街20巷1~30,521.0,住,,,1011221,土地1建物1位0,全,4,透天厝,住家用,筋混凝土造,0861027,173.84,4,1,3,有,o,有,17250,99,,0.0,0,,RPVNMLOJJHIFFDK58CC,苗栗县,4,88.83,不动产租赁
^份,建物,苗栗h^份忠孝一路181~210,0.0,住,,,1011229,土地0建物1位0,全,2,透天厝,住家用,筋混凝土造,0651110,132.38,2,2,2,有,o,有,18000,136,,0.0,0,全租U。,RPPNMLPJJHIFFFK28CC,苗栗县,4,88.83,不动产租赁
苗栗市,房地(土地+建物),苗栗h苗栗市精武街17巷1~30,82.0,住,,,1020105,土地2建物1位0,全,3,透天厝,住家用,加u造,0671213,99.02,1,0,1,有,o,有,6500,66,,0.0,0,透天分映鲎,RPTNMLSJJHIFFBK58CC,苗栗县,4,88.83,不动产租赁
苗栗市,建物,苗栗h苗栗市中山路121~150,94.0,住,,,1020101,土地0建物1位0,全,2,透天厝,住家用,筋混凝土造,0840715,137.6,3,1,2,有,o,有,10000,73,,0.0,0,,RPPOMLOKJHIFFBK97CC,苗栗县,4,88.83,不动产租赁
^份,建物,苗栗h^份建路二段300巷1~30,20.86,住,,,1020118,土地0建物1位0,二,14,住宅大(11雍以上有梯),住家用,其他登事,0950503,123.8,3,2,2,有,有,o,14500,117,,0.0,0,,RPVNMLKMJHIFFFK68CC,苗栗县,4,88.83,不动产租赁
苗栗市,房地(土地+建物),苗栗h苗栗市清A里23A路61~90,12.72,住,,,1020201,土地1建物1位0,十三,13,住宅大(11雍以上有梯),住家用,筋混凝土造,0840502,72.71,3,2,2,有,有,有,10000,138,,0.0,0,,RPQNMLLJKHIFFBK67CC,苗栗县,4,88.83,不动产租赁
^份,房地(土地+建物),苗栗h^份八德一路181~210,90.0,住,,,1020131,土地1建物1位0,全,4,透天厝,住家用,筋混凝土造,0870922,242.05,5,2,2,有,o,o,21000,87,,0.0,0,,RPTOMLOJKHIFFFK78CC,苗栗县,4,88.83,不动产租赁
苗栗市,房地(土地+建物),苗栗h苗栗市蕉X街31~60,19.82,住,,,1020115,土地2建物1位0,四,7,AB(10雍以下有梯),住家用,筋混凝土造,0871120,85.0,3,2,2,有,有,有,8100,95,,0.0,0,,RPSNMLOJKHIFFBK28DC,苗栗县,4,88.83,不动产租赁
^份,房地(土地+建物)+位,苗栗h^份自立街31巷31~60,16.24,住,,,1020215,土地2建物1位1,六,6,AB(10雍以下有梯),其他登事,其他登事,1000728,44.81,2,1,1,有,有,有,15000,335,升降C械,0.0,0,,RPOOMLPJKHIFFFK38CC,苗栗县,4,88.83,不动产租赁
苗栗市,房地(土地+建物),苗栗h苗栗市博勐31~60,31.0,住,,,1020110,土地1建物1位0,全,2,透天厝,住家用,u造,0450101,49.1,0,0,0,o,o,o,12000,244,,0.0,0,,RPPOMLQLKHIFFBK38CC,苗栗县,4,88.83,不动产租赁
苗栗市,房地(土地+建物),苗栗h苗栗市至公路1~30,116.0,商,,,1020401,土地1建物1位0,一,1,店面(店),住商用,其他登事,,72.85,0,0,0,o,o,o,20000,275,,0.0,0,,RPQOMLQLKHIFFBK48CC,苗栗县,4,88.83,不动产租赁
苗栗市,房地(土地+建物),苗栗h苗栗市h府路91~120,20.0,住,,,1020226,土地1建物1位0,十二,13,住宅大(11雍以上有梯),住家用,筋混凝土造,0881206,115.0,3,2,2,有,有,o,9000,78,,0.0,0,,RPXOMLQLKHIFFBK66DC,苗栗县,4,88.83,不动产租赁
苗栗市,房地(土地+建物),苗栗h苗栗市文昌街1~30,244.0,商,,,1020401,土地1建物1位0,一,1,店面(店),住家用,筋混凝土造,0801109,137.95,1,1,1,有,o,有,13000,94,,0.0,0,,RPRNMLLJLHIFFBK87CC,苗栗县,4,88.83,不动产租赁
^份,房地(土地+建物),苗栗h^份忠孝里1建路61~90,240.0,住,,,1020401,土地1建物1位0,二,2,店面(店),住商用,其他登事,0840714,239.34,4,1,2,o,o,o,34000,142,,0.0,0,,RPUNMLPJLHIFFFK98CC,苗栗县,4,88.83,不动产租赁
^份,房地(土地+建物)+位,苗栗h^份尚路31~60,393.0,住,,,1020501,土地1建物1位1,三,3,店面(店),其他登事,其他登事,0991206,618.94,6,3,5,有,o,o,40000,65,其他,0.0,0,,RPQNMLTJLHIFFFK98CC,苗栗县,4,88.83,不动产租赁
^份,建物,苗栗h^份忠孝里建路31~60,0.0,住,,,1020228,土地0建物1位0,全,2,透天厝,住商用,筋混凝土造,0820719,127.17,1,1,1,有,o,o,28000,220,,0.0,0,,RPRNMLLLLHIFFFK48CC,苗栗县,4,88.83,不动产租赁
^份,房地(土地+建物),苗栗h^份信x里中正路91~120,243.0,住,,,1020327,土地1建物3位0,五,4,其他,住商用,筋混凝土造,0780705,876.93,1,0,0,有,o,有,3000,3,,0.0,0,,RPUOMLRLLHIFFFK86CC,苗栗县,4,88.83,不动产租赁
苗栗市,房地(土地+建物),苗栗h苗栗市清A里26源林街61~90,42.04,住,,,1020401,土地1建物1位0,一,10,AB(10雍以下有梯),住商用,筋混凝土造,0831130,182.63,0,0,1,有,有,o,9000,49,,0.0,0,,RPRNMLLJMHIFFBK97CC,苗栗县,4,88.83,不动产租赁
^份,房地(土地+建物)+位,苗栗h^份|庄里18尚路31~60,350.0,其他,,,1020501,土地1建物1位1,三,3,店面(店),其他登事,其他登事,1000131,559.54,6,3,5,o,o,有,30000,54,其他,0.0,0,,RPWNMLSJMHIFFFK96CC,苗栗县,4,88.83,不动产租赁
^份,房地(土地+建物),苗栗h^份建路122巷31~60,16.71,住,,,1020415,土地1建物1位0,六,7,AB(10雍以下有梯),住家用,筋混凝土造,0830609,117.57,3,2,2,有,o,有,9500,81,,0.0,0,,RPTNMLTJMHIFFFK76CC,苗栗县,4,88.83,不动产租赁
竹南,土地,中d段中d小段151~180地,329.0,住,,,1020309,土地2建物0位0,,,其他,,,,0.0,0,0,0,有,o,有,36000,109,,0.0,0,,RPROMLTJMHIFFDK09CC,苗栗县,4,88.83,不动产租赁
竹南,土地,中d段中d小段151~180地,339.0,住,,,1020309,土地2建物0位0,,,其他,,,,0.0,0,0,0,有,o,有,30000,88,,0.0,0,,RPSOMLTJMHIFFDK56CC,苗栗县,4,88.83,不动产租赁
竹南,土地,海口段海口小段661~690地,1659.0,r,,,1020325,土地1建物0位0,,,其他,,,,0.0,0,0,0,有,o,有,12000,7,,0.0,0,,RPXNMLKKMHIFFDK78CC,苗栗县,4,88.83,不动产租赁
苗栗市,房地(土地+建物),苗栗h苗栗市G苗里17博劢91~120,22.06,住,,,1020410,土地1建物1位0,六,10,AB(10雍以下有梯),住家用,筋混凝土造,0830601,131.91,3,2,2,有,有,有,12300,93,,0.0,0,,RPWNMLSKMHIFFBK66CC,苗栗县,4,88.83,不动产租赁
^份,土地,田寮段二小段361~390地,154.0,商,,,1020409,土地1建物0位0,,,店面(店),,,,0.0,0,0,0,o,o,o,20000,130,,0.0,0,,RPPNMLKLMHIFFFK28CC,苗栗县,4,88.83,不动产租赁
^份,房地(土地+建物),苗栗h^份上d里12永泰街8巷31~60,82.8,住,山坡地保育^,丙N建B用地,1020420,土地2建物1位0,全,3,透天厝,住家用,筋混凝土造,0860827,143.53,4,2,3,有,o,o,8500,59,,0.0,0,,RPQNMLKLMHIFFFK38CC,苗栗县,4,88.83,不动产租赁
苗栗市,房地(土地+建物),苗栗h苗栗市G苗里17博劢91~120,21.51,住,,,1020410,土地1建物1位0,六,10,AB(10雍以下有梯),住家用,筋混凝土造,0830601,140.38,3,2,2,有,有,有,12500,89,,0.0,0,含位,RPUNMLMLMHIFFBK58CC,苗栗县,4,88.83,不动产租赁
苗栗市,房地(土地+建物),苗栗h苗栗市G苗里17博劢91~120,21.51,住,,,1020410,土地1建物1位0,六,10,AB(10雍以下有梯),住家用,筋混凝土造,0830601,140.38,3,2,2,有,有,有,12500,89,,0.0,0,含位,RPPNMLNLMHIFFBK18CC,苗栗县,4,88.83,不动产租赁
竹南,房地(土地+建物),苗栗h竹南大厝里9真如路241~270,2903.0,工,,,1020410,土地2建物1位0,一,1,Sk,其他登事,其他登事,0870622,1612.0,1,1,2,有,o,o,140000,87,,0.0,0,,RPVNMLNLMHIFFDK09DC,苗栗县,4,88.83,不动产租赁
苗栗市,房地(土地+建物),苗栗h苗栗市福里1f敬街121~150,19.66,住,,,1020425,土地1建物1位0,五,5,AB(10雍以下有梯),住家用,筋混凝土造,1020109,53.33,1,0,1,有,o,有,8500,159,,0.0,0,,RPTNMLPLMHIFFBK78CC,苗栗县,4,88.83,不动产租赁
竹南,土地,中d段241~270地,806.0,其他,,,1020701,土地1建物0位0,,,其他,,,,0.0,0,0,0,有,o,o,20000,25,,0.0,0,,RPVNMLTLMHIFFDK96CC,苗栗县,4,88.83,不动产租赁
苗栗市,建物,苗栗h苗栗市青苗里11中正路571~600,87.0,,,,1020601,土地0建物1位0,一,3,店面(店),住商用,筋混凝土造,,145.56,0,0,0,o,o,o,15000,103,,0.0,0,,RPWNMLMJNHIFFBK78DC,苗栗县,4,88.83,不动产租赁
^份,房地(土地+建物),苗栗h^份五福街1~30,22.16,住,,,1020401,土地1建物1位0,其他登事,7,AB(10雍以下有梯),住家用,筋混凝土造,0821116,121.39,2,2,2,有,有,o,8500,70,,0.0,0,,RPVOMLNJNHIFFFK56CC,苗栗县,4,88.83,不动产租赁
^份,建物,苗栗h^份|民一街1~30,160.0,,,,1020801,土地0建物1位0,一,3,店面(店),其他登事,其他登事,0991206,94.34,0,0,0,o,o,o,10000,106,,0.0,0,,RPUOMLQJNHIFFFK86DC,苗栗县,4,88.83,不动产租赁
竹南,房地(土地+建物),苗栗h竹南博劢140巷1~30,59.0,住,,,1020501,土地1建物1位0,全,3,透天厝,住家用,筋混凝土造,0690811,144.44,4,2,2,有,o,有,15000,104,,0.0,0,,RPSNMLPKNHIFFDK88CC,苗栗县,4,88.83,不动产租赁
竹南,房地(土地+建物)+位,苗栗h竹南S路31巷11弄1~30,87.0,工,,,1020601,土地1建物1位1,全,3,透天厝,使用陶,筋混凝土造,1010706,148.65,4,2,3,有,o,o,15000,101,其他,0.0,0,,RPVNMLRKNHIFFDK76CC,苗栗县,4,88.83,不动产租赁
^份,建物,苗栗h^份山下里信|路二段61~90,0.0,住,,,1020506,土地0建物1位0,一,4,店面(店),住商用,其他登事,0970408,45.12,0,0,1,有,o,o,10000,222,,0.0,0,,RPPNMLNLNHIFFFK68CC,苗栗县,4,88.83,不动产租赁
^份,房地(土地+建物),苗栗h^份|民三街1~30,153.0,住,,,1020601,土地1建物1位0,三,3,店面(店),其他登事,其他登事,1000323,265.09,0,1,1,有,o,o,22500,85,,0.0,0,,RPTNMLSLNHIFFFK96CC,苗栗县,4,88.83,不动产租赁
~l,房地(土地+建物),苗栗h~l中平村中d一街31~60,117.02,,工I^,丁N建B用地,1020502,土地1建物1位0,全,3,透天厝,住家用,筋混凝土造,0830416,213.3,4,1,3,有,o,有,14000,66,,0.0,0,,RPPNMLSLNHIFFEK09CC,苗栗县,4,88.83,不动产租赁
^份,房地(土地+建物),苗栗h^份|民路151~180,434.0,工,,,1020610,土地1建物1位0,全,2,透天厝,其他登事,其他登事,1000119,693.76,0,0,0,o,o,o,90000,130,,0.0,0,,RPOPMLNJOHIFFFK68CC,苗栗县,4,88.83,不动产租赁
苗栗市,房地(土地+建物),苗栗h苗栗市自治路331~360,260.32,住,,,1020601,土地1建物1位0,一,1,店面(店),住商用,筋混凝土造,0960307,260.32,3,1,1,有,o,o,20000,77,,0.0,0,,RPVNMLPJOHIFFBK98CC,苗栗县,4,88.83,不动产租赁
苗栗市,土地,社寮段211~240地,1243.0,商,,,1020601,土地1建物0位0,,,其他,,,,0.0,0,0,0,有,o,o,55000,44,,0.0,0,,RPXNMLPJOHIFFBK56CC,苗栗县,4,88.83,不动产租赁
苗栗市,房地(土地+建物),苗栗h苗栗市自治路451~480,178.06,住,,,1020601,土地1建物1位0,全,4,透天厝,住商用,筋混凝土造,0831118,201.65,4,2,2,有,有,o,13000,64,,0.0,0,,RPTNMLQJOHIFFBK88CC,苗栗县,4,88.83,不动产租赁
苗栗市,房地(土地+建物),苗栗h苗栗市福星里2中A路241~270,17.38,住,,,1020601,土地1建物1位0,三,5,公寓(5呛以下o梯),住家用,筋混凝土造,0840826,72.63,3,1,1,有,o,o,7000,96,,0.0,0,,RPUNMLQJOHIFFBK98CC,苗栗县,4,88.83,不动产租赁
竹南,房地(土地+建物),苗栗h竹南{山61~90,2965.0,工,,,1020601,土地3建物1位0,其他登事,2,工S,工I用,造,,2066.58,0,0,0,o,o,o,105000,,,0.0,0,,RPXNMLLLOHIFFDK56CC,苗栗县,4,88.83,不动产租赁
^份,房地(土地+建物),苗栗h^份大同街,308.99,其他,,,1020710,土地1建物1位0,一,1,Sk,住家用,其他登事,0800625,185.12,0,0,0,o,o,o,25000,135,,0.0,0,,RPVNMLMLOHIFFFK66CC,苗栗县,4,88.83,不动产租赁
苗栗市,房地(土地+建物),苗栗h苗栗市新苗里2中正路781~810,234.0,商,,,1020701,土地4建物2位0,一,5,店面(店),住商用,筋混凝土造,0800913,151.59,0,0,0,o,o,o,40000,264,,0.0,0,,RPQNMLMJPHIFFBK28CC,苗栗县,4,88.83,不动产租赁
苗栗市,建物,苗栗h苗栗市新英里新英151~180,0.0,,山坡地保育^,r牧用地,1020701,土地0建物1位0,一,1,r舍,r舍,u造,0750224,122.25,5,1,1,有,o,有,3000,,,0.0,0,,RPWNMLKKPHIFFBK78CC,苗栗县,4,88.83,不动产租赁
^份,房地(土地+建物),苗栗h^份中A路1111~1140,381.0,商,,,1021001,土地2建物1位0,二,2,其他,商I用,u造,0341001,372.11,0,0,0,o,o,o,30000,81,,0.0,0,,RPSNMLLKPHIFFFK98DC,苗栗县,4,88.83,不动产租赁
苑e,房地(土地+建物),苗栗h苑e中正里13中正88支1~30,81.8,住,,,1020710,土地1建物1位0,全,3,透天厝,住商用,筋混凝土造,0930908,125.07,3,2,3,有,o,有,8000,64,,0.0,0,,RPQNMLTLPHIFFCK66CC,苗栗县,4,88.83,不动产租赁
苗栗市,房地(土地+建物),苗栗h苗栗市北苗里30自治路62巷1~30,13.09,住,,,1020801,土地1建物1位0,五,6,AB(10雍以下有梯),住家用,筋混凝土造,0820330,69.9,2,1,1,有,有,有,7500,107,,0.0,0,,RPQNMLLJQHIFFBK28CC,苗栗县,4,88.83,不动产租赁
苗栗市,房地(土地+建物),苗栗h苗栗市文}里10文l路301~330,98.0,住,,,1020805,土地1建物1位0,全,3,透天厝,住家用,筋混凝土造,0821224,192.35,5,2,5,有,o,o,9000,47,,0.0,0,,RPUNMLQJQHIFFBK56CC,苗栗县,4,88.83,不动产租赁
^份,土地,蟠桃段山下小段601~630地,1583.0,住,,,1020801,土地1建物0位0,,,其他,,,,0.0,0,0,0,有,o,有,75000,47,,0.0,0,,RPVNMLQJQHIFFFK07CC,苗栗县,4,88.83,不动产租赁
苗栗市,房地(土地+建物),苗栗h苗栗市福星里2中A路241~270,20.86,住,,,1020806,土地1建物1位0,二,5,公寓(5呛以下o梯),住家用,筋混凝土造,0840826,92.33,2,1,1,有,o,o,7000,76,,0.0,0,,RPQNMLRJQHIFFBK88CC,苗栗县,4,88.83,不动产租赁
苗栗市,建物,苗栗h苗栗市福安里4福星121~150,101.27,住,,,1020727,土地0建物1位0,全,3,透天厝,住家用,筋混凝土造,0800503,137.34,4,2,2,有,o,o,9000,66,,0.0,0,,RPOOMLNKQHIFFBK48CC,苗栗县,4,88.83,不动产租赁
^份,建物,苗栗h^份和平路241~270,176.0,,,,1020817,土地0建物1位0,全,3,透天厝,其他登事,其他登事,0991206,301.53,0,0,0,o,o,有,28000,93,,0.0,0,,RPPNMLTKQHIFFFK96DC,苗栗县,4,88.83,不动产租赁
苗栗市,房地(土地+建物),苗栗h苗栗市精武街17巷1~30,82.0,住,,,1020825,土地1建物1位0,一,3,套房(1房1d1l),住家用,加u造,0671213,34.27,1,0,1,有,o,有,6500,190,,0.0,0,3油柑熵瘸凶1,RPSNMLSLQHIFFBK76CC,苗栗县,4,88.83,不动产租赁
苗栗市,房地(土地+建物),苗栗h苗栗市水源里23育民街1~30,169.0,住,,,1020826,土地1建物1位0,全,3,透天厝,住家用,筋混凝土造,0690908,63.48,0,0,0,o,o,o,10000,158,,0.0,0,,RPVNMLNJRHIFFBK09CC,苗栗县,4,88.83,不动产租赁
^份,房地(土地+建物),苗栗h^份|庄里18|民路151~180,175.0,住,,,1020830,土地1建物1位0,全,3,透天厝,其他登事,其他登事,0991206,304.41,2,2,3,有,o,有,32500,107,,0.0,0,,RPTNMLPJRHIFFFK86CC,苗栗县,4,88.83,不动产租赁
苗栗市,房地(土地+建物),苗栗h苗栗市大埔街1~30,113.0,住,,,1020909,土地1建物1位0,全,5,透天厝,住家用,筋混凝土造,0820610,140.32,0,0,0,o,o,o,18000,128,,0.0,0,,RPWNMLTJRHIFFBK17CC,苗栗县,4,88.83,不动产租赁
竹南,房地(土地+建物),苗栗h竹南天文里16富街15巷1~30,221.66,住,,,1020925,土地2建物1位0,全,5,透天厝,住家用,筋混凝土造,0900724,80.23,3,2,2,有,o,有,15000,187,,0.0,0,,RPVNMLPLRHIFFDK07CC,苗栗县,4,88.83,不动产租赁
竹南,建物,苗栗h竹南新生路46巷1~30,295.1,住,,,1020909,土地0建物1位0,一,5,公寓(5呛以下o梯),住家用,筋混凝土造,1010119,98.24,3,1,3,有,有,有,15000,153,,0.0,0,,RPTNMLKMRHIFFDK56DC,苗栗县,4,88.83,不动产租赁
苗栗市,房地(土地+建物),苗栗h苗栗市大埔街1~30,5.41,住,,,1021001,土地1建物1位0,三,5,套房(1房1d1l),住家用,筋混凝土造,0850520,13.36,1,0,1,有,o,有,4500,337,,0.0,0,,RPPNMLNJIIIFFBK67CC,苗栗县,4,88.83,不动产租赁
苗栗市,房地(土地+建物),苗栗h苗栗市大埔街1~30,5.41,住,,,1021001,土地1建物1位0,四,5,套房(1房1d1l),住家用,筋混凝土造,0850520,13.27,1,0,1,有,有,有,4500,339,,0.0,0,,RPUNMLNJIIIFFBK18CC,苗栗县,4,88.83,不动产租赁
竹南,房地(土地+建物),苗栗h竹南和仁街61~90,2808.0,住,,,1020924,土地1建物1位0,其他登事,16,店面(店),住商用,筋混凝土造,0841108,216.71,0,0,0,o,o,o,20000,92,,0.0,0,,RPTOMLOJIIIFFDK48CC,苗栗县,4,88.83,不动产租赁
竹南,房地(土地+建物),苗栗h竹南中美里保安林31~60,3053.0,,特定rI^,r牧用地,1020821,土地1建物1位0,一,1,Sk,r舍,造,0840916,154.43,0,0,0,o,o,o,30000,194,,0.0,0,,RPSOMLRJIIIFFDK68CC,苗栗县,4,88.83,不动产租赁
^份,房地(土地+建物)+位,苗栗h^份中A路953巷1~30,18.08,住,,,1020921,土地0建物1位0,七,13,住宅大(11雍以上有梯),住家用,筋混凝土造,0840331,98.62,3,2,2,有,有,有,13500,137,坡道平面,13.18,0,,RPRNMLSJIIIFFFK78CC,苗栗县,4,88.83,不动产租赁
苗栗市,建物,苗栗h苗栗市清A里26源林街61~90,0.0,住,,,1020924,土地0建物0位0,全,4,透天厝,住家用,筋混凝土加u造,,63.04,6,4,4,有,o,有,4000,63,,0.0,0,,RPVNMLSJIIIFFBK78CC,苗栗县,4,88.83,不动产租赁
^份,建物,苗栗h^份|民六街31~60,128.0,,,,1021008,土地0建物1位0,一,3,店面(店),其他登事,其他登事,1000503,83.52,3,2,2,有,o,有,10000,120,,0.0,0,,RPPNMLTJIIIFFFK78DC,苗栗县,4,88.83,不动产租赁
^份,建物,苗栗h^份|民六街1~30,152.0,,,,1021009,土地0建物1位0,,3,店面(店),其他登事,其他登事,1000418,279.63,0,0,0,o,o,有,28000,100,,0.0,0,,RPTNMLLKIIIFFFK48DC,苗栗县,4,88.83,不动产租赁
苗栗市,房地(土地+建物),苗栗h苗栗市福里_街61~90,149.0,,l村^,乙N建B用地,1021012,土地1建物1位0,全,2,透天厝,住家用,加u造,,157.62,5,2,2,有,o,o,10000,63,,0.0,0,,RPPNMLPKIIIFFBK97CC,苗栗县,4,88.83,不动产租赁
竹南,房地(土地+建物),苗栗h竹南建智街31~60,112.0,住,,,1020925,土地1建物1位0,一,1,店面(店),商I用,筋混凝土造,0820713,106.05,0,0,0,o,o,有,15000,141,,0.0,0,,RPRNMLQKIIIFFDK48CC,苗栗县,4,88.83,不动产租赁
竹南,房地(土地+建物),苗栗h竹南五福街65巷3弄1~30,56.29,,山坡地保育^,丙N建B用地,1020927,土地1建物1位0,全,4,透天厝,住家用,筋混凝土造,0830607,164.19,4,3,2,有,o,有,15000,91,,0.0,0,,RPSNMLQKIIIFFDK58CC,苗栗县,4,88.83,不动产租赁
公^l,土地,五谷段1141~1170地,610.0,工,,,1021016,土地1建物0位0,,,其他,,,,0.0,0,0,0,有,o,o,20000,33,,0.0,0,,RPWNMLRKIIIFFBK88CC,苗栗县,4,88.83,不动产租赁
苗栗市,房地(土地+建物),苗栗h苗栗市福星里中A|街151~180,100.0,住,,,1021019,土地1建物1位0,全,2,透天厝,住家用,筋混凝土造,0811210,150.0,3,2,2,有,o,o,13000,87,,0.0,0,,RPRNMLLLIIIFFBK97DC,苗栗县,4,88.83,不动产租赁
苗栗市,房地(土地+建物),苗栗h苗栗市建功里26f敬街31~60,1365.0,住,,,1021015,土地1建物1位0,二,4,公寓(5呛以下o梯),住家用,筋混凝土造,0701020,76.04,3,2,2,有,o,有,6500,85,,0.0,0,,RPPOMLOJJIIFFBK97CC,苗栗县,4,88.83,不动产租赁
苗栗市,建物,苗栗h苗栗市文山里13A路901~930,44.33,住,,,1021013,土地0建物1位0,全,3,透天厝,住商用,筋混凝土造,1020522,78.59,0,1,1,有,o,o,8000,102,,0.0,0,,RPWNMLSJJIIFFBK98CC,苗栗县,4,88.83,不动产租赁
苗栗市,建物,苗栗h苗栗市文山里13A路901~930,88.66,住,,,1021013,土地0建物1位0,全,3,透天厝,住商用,筋混凝土造,1020522,128.21,4,0,3,有,o,o,15000,117,,0.0,0,,RPOOMLSJJIIFFBK28CC,苗栗县,4,88.83,不动产租赁
^份,房地(土地+建物),苗栗h^份|民路151~180,433.0,住,,,1021101,土地1建物1位0,全,3,透天厝,其他登事,其他登事,0991206,444.77,0,0,0,o,o,o,75000,169,,0.0,0,,RPRNMLLKJIIFFFK28CC,苗栗县,4,88.83,不动产租赁
^份,房地(土地+建物),苗栗h^份成功里1忠孝一路301~330,13.79,其他,,,1021014,土地1建物1位0,三,7,AB(10雍以下有梯),住家用,筋混凝土造,0820922,88.26,3,2,2,有,o,o,10000,113,,0.0,0,,RPQNMLNKJIIFFFK38CC,苗栗县,4,88.83,不动产租赁
公^l,房地(土地+建物),苗栗h公^l五谷村1231~60,35.0,住,,,1021115,土地2建物1位0,其他登事,3,店面(店),住商用,筋混凝土造,0710620,99.0,3,2,2,有,o,o,8300,84,,0.0,0,,RPTNMLPKJIIFFBK48CC,苗栗县,4,88.83,不动产租赁
竹南,房地(土地+建物),苗栗h竹南五福街65巷3弄1~30,56.29,,山坡地保育^,丙N建B用地,1021125,土地1建物1位0,全,4,透天厝,住家用,筋混凝土造,0830607,164.19,4,3,2,有,o,有,14000,85,,0.0,0,,RPUNMLTLJIIFFDK66CC,苗栗县,4,88.83,不动产租赁
苗栗市,房地(土地+建物),苗栗h苗栗市建功里29L春路31~60,136.0,商,,,1021201,土地1建物1位0,一,5,店面(店),住家用,筋混凝土造,0831219,192.54,0,0,1,有,o,o,16000,83,,0.0,0,,RPVNMLNJKIIFFBK48CC,苗栗县,4,88.83,不动产租赁
苗栗市,房地(土地+建物),苗栗h苗栗市福安里19中A|街451~480,4590.68,住,,,1021201,土地1建物1位0,六,9,AB(10雍以下有梯),住家用,筋混凝土造,0881123,73.08,3,2,2,有,有,o,9000,123,,0.0,0,,RPQOMLNJKIIFFBK08CC,苗栗县,4,88.83,不动产租赁
^份,土地,蟠桃段山下小段421~450地,1696.0,r,,,1021201,土地1建物0位0,,,其他,,,,0.0,0,0,0,有,o,o,50000,29,,0.0,0,,RPSOMLMKKIIFFFK78DC,苗栗县,4,88.83,不动产租赁
苗栗市,房地(土地+建物),苗栗h苗栗市清A里23A路61~90,699.0,住,,,1021215,土地1建物1位0,十三,14,住宅大(11雍以上有梯),住家用,筋混凝土造,0840502,72.71,3,2,2,有,有,o,10000,138,,0.0,0,,RPPOMLQKKIIFFBK38CC,苗栗县,4,88.83,不动产租赁
竹南,房地(土地+建物),苗栗h竹南有a街31~60,165.29,住,,,1020905,土地1建物1位0,全,3,透天厝,住家用,筋混凝土造,0850923,226.55,5,5,2,有,o,o,15000,66,,0.0,0,,RPTOMLPLKIIFFDK98CC,苗栗县,4,88.83,不动产租赁
竹南,房地(土地+建物),苗栗h竹南港里港仔1~30,91.27,r,,,1021016,土地1建物1位0,全,4,透天厝,住家用,筋混凝土造,0910130,160.56,6,3,4,有,o,o,10000,62,,0.0,0,,RPUOMLPLKIIFFDK09CC,苗栗县,4,88.83,不动产租赁
^份,房地(土地+建物),苗栗h^份信x路91~120,99.0,其他,,,1021115,土地1建物1位0,一,3,店面(店),住商用,筋混凝土加u造,0590427,277.8,0,0,0,o,o,有,35000,126,,0.0,0,,RPTNMLPLKIIFFFK09CC,苗栗县,4,88.83,不动产租赁
竹南,房地(土地+建物),苗栗h竹南新生路106巷16弄1~30,1261.42,住,,,1021216,土地1建物1位0,一,4,套房(1房1d1l),住家用,筋混凝土造,0930812,19.5,1,1,1,有,o,有,7500,385,,0.0,0,租U不含位，且o法^分位面e。,RPQOMLRLKIIFFDK88CC,苗栗县,4,88.83,不动产租赁
苗栗市,房地(土地+建物),苗栗h苗栗市h府路91~120,20.0,住,,,1030102,土地1建物1位0,十二,13,住宅大(11雍以上有梯),住家用,筋混凝土造,0881206,115.0,3,2,2,有,有,有,9000,78,,0.0,0,,RPRNMLNJJHJFFBK08DC,苗栗县,4,88.83,不动产租赁
竹南,土地,成功段391~420地,286.71,r,,,1021230,土地1建物0位0,,,其他,,,,0.0,0,0,0,有,o,o,8000,28,,0.0,0,,RPQOMLNJJHJFFDK28DC,苗栗县,4,88.83,不动产租赁
苗栗市,建物,苗栗h苗栗市北苗里15中A路31~60,0.0,商,,,1021214,土地0建物1位0,五,5,公寓(5呛以下o梯),住家用,筋混凝土造,0840923,111.04,3,2,1,有,o,有,6500,59,,0.0,0,,RPSNMLSJJHJFFBK58CC,苗栗县,4,88.83,不动产租赁
竹南,房地(土地+建物)+位,苗栗h竹南f大街61~90,570.0,住,,,1030112,土地1建物1位1,二,7,AB(10雍以下有梯),住家用,筋混凝土造,0820618,105.25,3,2,2,有,o,o,12000,114,坡道平面,0.0,0,,RPQNMLOKJHJFFDK28CC,苗栗县,4,88.83,不动产租赁
^份,房地(土地+建物)+位,苗栗h^份s街91~120,1189.0,其他,,,1030106,土地1建物1位1,八,9,AB(10雍以下有梯),住家用,筋混凝土造,0850214,74.54,3,2,2,有,o,有,12000,161,升降C械,0.0,0,,RPQOMLOKJHJFFFK58CC,苗栗县,4,88.83,不动产租赁
苗栗市,房地(土地+建物),苗栗h苗栗市26民族路101巷53弄1~30,32.52,住,,,1030116,土地1建物1位0,三,7,AB(10雍以下有梯),住家用,筋混凝土造,0810928,128.26,4,2,2,有,有,有,9500,74,,0.0,0,含管理M、金或水等M用。,RPVOMLKLJHJFFBK38CC,苗栗县,4,88.83,不动产租赁
^份,房地(土地+建物),苗栗h^份建路二段121~150,30.0,住,,,1030120,土地1建物1位0,一,1,店面(店),住家用,加u造,0670715,18.0,0,0,0,o,o,o,13000,722,,0.0,0,,RPQOMLOKKHJFFFK78DC,苗栗县,4,88.83,不动产租赁
苗栗市,房地(土地+建物),苗栗h苗栗市自治路451~480,172.57,住,,,1030301,土地1建物1位0,全,4,透天厝,住商用,筋混凝土造,0831118,250.43,4,2,2,有,o,o,14000,56,,0.0,0,,RPPNMLNJLHJFFBK97CC,苗栗县,4,88.83,不动产租赁
^份,房地(土地+建物),苗栗h^份自路181~210,106.0,工,,,1030222,土地1建物1位0,二,4,店面(店),其他登事,其他登事,0981026,106.34,0,1,2,有,o,o,21000,197,,0.0,0,,RPOPMLQJLHJFFFK78CC,苗栗县,4,88.83,不动产租赁
苗栗市,建物,苗栗h苗栗市福星里6忠勇新村31~60,0.0,住,,,1030220,土地0建物1位0,全,2,透天厝,住家用,加u造,,94.9,4,1,2,有,o,有,6500,68,,0.0,0,,RPRNMLNKLHJFFBK28CC,苗栗县,4,88.83,不动产租赁
^份,土地,田寮段二小段211~240地,66.0,住,,,1030301,土地1建物0位0,,,其他,,,,0.0,0,0,0,有,o,o,14000,212,,0.0,0,,RPROMLLMLHJFFFK88DC,苗栗县,4,88.83,不动产租赁
苗栗市,房地(土地+建物),苗栗h苗栗市恭敬里8中正路1081~1110,4.76,住,,,1030401,土地3建物1位0,五,10,AB(10雍以下有梯),住家用,筋混凝土造,0960716,37.22,1,0,1,有,o,有,5800,156,,0.0,0,,RPTNMLNJMHJFFBK48CC,苗栗县,4,88.83,不动产租赁
苑e,房地(土地+建物),苗栗h苑e客庄里22客庄61~90,21.48,住,,,1030320,土地1建物1位0,六,8,AB(10雍以下有梯),住家用,筋混凝土造,0821120,89.72,3,2,2,有,o,有,7000,78,,0.0,0,,RPQNMLNJMHJFFCK38DC,苗栗县,4,88.83,不动产租赁
苗栗市,房地(土地+建物),苗栗h苗栗市楣路511~540,144.28,,l村^,乙N建B用地,1030410,土地1建物1位0,全,2,透天厝,住家用,加u造,0651107,141.28,0,0,0,o,o,o,5000,35,,0.0,0,,RPPNMLMKMHJFFBK08CC,苗栗县,4,88.83,不动产租赁
苗栗市,房地(土地+建物),苗栗h苗栗市|海街1~30,26.3,商,,,1030416,土地1建物1位0,一,7,AB(10雍以下有梯),商I用,筋混凝土造,0840601,116.62,2,2,2,有,o,o,13800,118,,0.0,0,,RPTNMLQKMHJFFBK88CC,苗栗县,4,88.83,不动产租赁
竹南,建物,苗栗h竹南永路二段91~120,30.0,,,,1030415,土地0建物1位0,十,11,住宅大(11雍以上有梯),其他登事,筋混凝土造,1020822,76.7,3,2,2,有,o,有,12500,163,,0.0,0,,RPQNMLQKMHJFFDK88DC,苗栗县,4,88.83,不动产租赁
竹南,房地(土地+建物),苗栗h竹南山路一段121~150,54.0,住,,,1030310,土地1建物1位0,全,4,透天厝,住家用,筋混凝土造,0840227,187.69,4,2,3,有,o,o,10000,53,,0.0,0,,RPRNMLLLMHJFFDK58DC,苗栗县,4,88.83,不动产租赁
^份,房地(土地+建物),苗栗h^份中央路523巷1~30,4.08,商,,,1030226,土地1建物1位0,三,7,套房(1房1d1l),住家用,其他登事,0961002,19.54,1,0,1,有,o,有,5000,256,,0.0,0,,RPSNMLLLMHJFFFK88DC,苗栗县,4,88.83,不动产租赁
苗栗市,房地(土地+建物),苗栗h苗栗市福星里20嘉福街1~30,22.41,住,,,1030420,土地1建物1位0,五,7,AB(10雍以下有梯),住家用,筋混凝土造,0821026,127.57,4,2,2,有,有,有,9500,74,,0.0,0,,RPOOMLMLMHJFFBK18CC,苗栗县,4,88.83,不动产租赁
^份,土地,^份段二小段121~150地,304.0,住,,,1030421,土地1建物0位0,,,其他,,,,0.0,0,0,0,有,o,o,66000,217,,0.0,0,有民情L俗因素之交易。;含未登建物,RPRNMLMJNHJFFFK78DC,苗栗县,4,88.83,不动产租赁
苗栗市,房地(土地+建物),苗栗h苗栗市恭敬里8中正路1081~1110,4.02,住,,,1030501,土地3建物1位0,三,10,AB(10雍以下有梯),住家用,筋混凝土造,0960716,31.51,1,0,1,有,o,有,5800,184,,0.0,0,,RPOOMLRJNHJFFBK58CC,苗栗县,4,88.83,不动产租赁
竹南,房地(土地+建物),苗栗h竹南建路313巷1~30,26.68,住,,,1030505,土地1建物1位0,三,8,套房(1房1d1l),其他登事,筋混凝土造,1020703,70.21,2,1,1,有,有,o,11000,157,,0.0,0,,RPTNMLSJNHJFFDK76DC,苗栗县,4,88.83,不动产租赁
竹南,房地(土地+建物)+位,苗栗h竹南三泰街211~240,328.0,工,,,1020701,土地1建物1位1,全,2,透天厝,其他登事,加u造,0680618,339.6,3,3,2,有,o,o,35000,103,其他,0.0,0,,RPUNMLMKNHJFFDK88CC,苗栗县,4,88.83,不动产租赁
苗栗市,建物,苗栗h苗栗市至公路91~120,0.0,住,,,1030503,土地0建物1位0,一,3,店面(店),住家用,筋混凝土造,,97.79,0,0,0,o,o,o,30000,307,,0.0,0,,RPVNMLTKNHJFFBK86CC,苗栗县,4,88.83,不动产租赁
^份,房地(土地+建物),苗栗h^份中正路91~120,243.0,商,,,1030516,土地1建物3位0,其他登事,4,店面(店),住商用,筋混凝土造,0780705,855.55,2,2,3,有,o,o,75000,88,,0.0,0,"前2年75000,後3年80000",RPTNMLMLNHJFFFK09CC,苗栗县,4,88.83,不动产租赁
^份,房地(土地+建物),苗栗h^份和平路241~270,176.0,工,,,1030502,土地1建物1位0,其他登事,3,店面(店),其他登事,其他登事,0991206,301.53,2,3,3,有,o,有,30000,99,,0.0,0,,RPOOMLTLNHJFFFK76CC,苗栗县,4,88.83,不动产租赁
竹南,房地(土地+建物),苗栗h竹南埔里中A路137巷18弄1~30,105.23,住,,,1030427,土地1建物1位0,全,2,透天厝,住家用,加u造,0780529,127.54,6,2,3,有,o,有,22728,178,,0.0,0,含金,RPWNMLMKOHJFFDK56CC,苗栗县,4,88.83,不动产租赁
^份,房地(土地+建物),苗栗h^份AB街82巷11弄1~30,2774.74,住,,,1030623,土地1建物1位0,一,1,AB(10雍以下有梯),住家用,筋混凝土造,0820628,14.14,3,2,2,有,有,有,15000,1061,,0.0,0,,RPSNMLSJPHJFFFK96CC,苗栗县,4,88.83,不动产租赁
苗栗市,房地(土地+建物),苗栗h苗栗市建功里大埔街1~30,5.41,住,,,1030701,土地1建物1位0,五,5,AB(10雍以下有梯),住家用,筋混凝土造,0850520,14.85,0,0,0,o,有,有,3500,236,,0.0,0,,RPWNMLTJPHJFFBK07CC,苗栗县,4,88.83,不动产租赁
公^l,土地,五谷段811~840地,121.0,r,,,1030701,土地1建物0位0,,,其他,,,,0.0,0,0,0,有,o,o,23000,190,,0.0,0,有民情L俗因素之交易。;含增建或未登建物。,RPTNMLLKPHJFFBK68CC,苗栗县,4,88.83,不动产租赁
苗栗市,房地(土地+建物),苗栗h苗栗市至公路56巷1~30,77.0,住,,,1030623,土地1建物1位0,全,4,透天厝,住商用,筋混凝土造,0690610,51.06,1,1,1,有,o,有,4000,78,,0.0,0,,RPRNMLMKPHJFFBK58CC,苗栗县,4,88.83,不动产租赁
苗栗市,房地(土地+建物),苗栗h苗栗市民族路101巷53弄1~30,33.78,住,,,1030720,土地1建物1位0,六,6,AB(10雍以下有梯),住家用,筋混凝土造,0810928,123.64,4,2,2,有,有,o,9000,73,,0.0,0,,RPXNMLLLPHJFFBK56CC,苗栗县,4,88.83,不动产租赁
苗栗市,房地(土地+建物),苗栗h苗栗市嘉盛里19育英街29巷1~30,162.7,,l村^,乙N建B用地,1030726,土地1建物1位0,全,1,透天厝,住家用,u造,0560115,69.99,2,2,1,有,o,o,5000,71,,0.0,0,,RPQNMLQLPHJFFBK98CC,苗栗县,4,88.83,不动产租赁
苗栗市,房地(土地+建物),苗栗h苗栗市北安街121~150,49.35,住,,,1030613,土地1建物1位0,一,5,公寓(5呛以下o梯),住家用,筋混凝土造,0710822,121.5,0,0,0,o,o,o,12000,99,,0.0,0,,RPSOMLSLPHJFFBK96DC,苗栗县,4,88.83,不动产租赁
苗栗市,房地(土地+建物),苗栗h苗栗市水源里7明31~60,86.0,,l村^,乙N建B用地,1030805,土地1建物1位0,全,2,透天厝,住家用,加u造,,104.05,4,1,2,有,o,有,7000,67,,0.0,0,,RPROMLPJQHJFFBK98CC,苗栗县,4,88.83,不动产租赁
^份,建物,苗栗h^份新A里14中正一路181~210,105.01,,,,1030807,土地0建物1位0,全,4,透天厝,其他登事,筋混凝土造,1021119,229.86,3,2,4,有,o,有,25000,109,,0.0,0,,RPQNMLNKQHJFFFK09CC,苗栗县,4,88.83,不动产租赁
苗栗市,建物,苗栗h苗栗市福星里5福星街181~210,0.0,住,,,1030728,土地0建物1位0,十四,17,住宅大(11雍以上有梯),住家用,筋混凝土造,0810929,125.15,3,2,2,有,有,有,11000,88,,0.0,0,,RPPOMLQLQHJFFBK09CC,苗栗县,4,88.83,不动产租赁
竹南,房地(土地+建物),苗栗h竹南照南里25自街31~60,186.96,住,,,1030000,土地2建物1位0,全,4,透天厝,其他登事,筋混凝土造,0990517,229.48,2,1,2,有,o,o,35000,153,,0.0,0,租s起租日103.12.01,RPSNMLMJRHJFFDK09DC,苗栗县,4,88.83,不动产租赁
竹南,房地(土地+建物),苗栗h竹南中正路91~120,144.0,其他,,,1030830,土地1建物1位0,一,4,店面(店),住商用,筋混凝土加u造,0641216,377.46,0,0,0,o,o,o,23000,61,,0.0,0,,RPVNMLOJRHJFFDK86CC,苗栗县,4,88.83,不动产租赁
苗栗市,建物,苗栗h苗栗市天街1~30,103.0,住,,,1030821,土地0建物1位0,全,2,透天厝,商I用,木造,0250801,120.0,2,1,2,有,o,o,32000,267,,0.0,0,,RPPNMLMKRHJFFBK68DC,苗栗县,4,88.83,不动产租赁
竹南,房地(土地+建物),苗栗h竹南文祥街1~30,110.0,住,,,1030814,土地1建物1位0,全,2,透天厝,住家用,筋混凝土造,0850525,72.08,1,0,1,有,o,有,8700,121,,0.0,0,承租第二,RPXNMLPKRHJFFDK27CC,苗栗县,4,88.83,不动产租赁
苗栗市,房地(土地+建物),苗栗h苗栗市正l路181~210,86.98,住,,,1030915,土地1建物1位0,全,3,透天厝,住家用,筋混凝土造,0850920,246.09,5,2,4,有,o,o,20000,81,,0.0,0,,RPPOMLPKRHJFFBK98CC,苗栗县,4,88.83,不动产租赁
^份,房地(土地+建物),苗栗h^份中d路511~540,107.0,住,,,1030915,土地0建物1位0,一,6,AB(10雍以下有梯),住家用,筋混凝土造,0851024,107.0,0,0,0,o,o,o,20000,187,,0.0,0,,RPRNMLQKRHJFFFK96CC,苗栗县,4,88.83,不动产租赁
^份,房地(土地+建物),苗栗h^份|民二街31~60,140.0,工,,,1030905,土地0建物1位0,二,3,店面(店),其他登事,其他登事,1000131,155.0,3,1,2,有,o,o,15000,97,,0.0,0,,RPSNMLQKRHJFFFK07CC,苗栗县,4,88.83,不动产租赁
苑e,建物,苗栗h苑e中正里13中正91~120,163.78,商,,,1030829,土地0建物1位0,其他登事,2,店面(店),住商用,筋混凝土造,0710115,246.36,5,2,2,有,o,o,25000,101,,0.0,0,,RPRNMLRKRHJFFCK86DC,苗栗县,4,88.83,不动产租赁
苑e,建物,苗栗h苑e玉田里6光巷1~30,77.47,,特定rI^,甲N建B用地,1030918,土地0建物1位0,全,3,透天厝,住家用,加u造,0700123,90.6,4,2,3,有,o,o,10000,110,,0.0,0,,RPSNMLMJIIJFFCK18DC,苗栗县,4,88.83,不动产租赁
苑e,建物,苗栗h苑e玉田里6光巷1~30,77.47,,特定rI^,甲N建B用地,1030918,土地0建物1位0,全,3,透天厝,住家用,加u造,0700123,90.6,4,2,3,有,o,o,9000,99,,0.0,0,,RPTNMLMJIIJFFCK28DC,苗栗县,4,88.83,不动产租赁
竹南,房地(土地+建物),苗栗h竹南光吐271~300,779.0,住,,,1031015,土地2建物1位0,其他登事,1,店面(店),商I用,其他登事,0980827,468.27,1,1,2,有,o,o,160000,342,,0.0,0,,RPQNMLQKIIJFFDK58DC,苗栗县,4,88.83,不动产租赁
苗栗市,房地(土地+建物),苗栗h苗栗市建功里26f敬街31~60,35.76,住,,,1031020,土地1建物1位0,一,4,公寓(5呛以下o梯),住家用,筋混凝土造,0701015,106.24,3,2,2,有,o,有,10000,94,,0.0,0,,RPTNMLLLIIJFFBK18CC,苗栗县,4,88.83,不动产租赁
苗栗市,房地(土地+建物)+位,苗栗h苗栗市玉S路31~60,144.0,,l村^,乙N建B用地,1031016,土地1建物1位1,其他登事,2,店面(店),住家用,筋混凝土造,0740402,174.5,3,1,2,有,o,有,12000,69,一瞧矫,0.0,0,,RPVNMLLLIIJFFBK38CC,苗栗县,4,88.83,不动产租赁
苗栗市,房地(土地+建物),苗栗h苗栗市苗栗市成功路6巷1~30,10.0,住,,,1031008,土地1建物1位0,二,5,公寓(5呛以下o梯),住家用,筋混凝土造,0701226,90.0,3,1,1,有,o,有,6600,73,,0.0,0,,RPPNMLMLIIJFFBK87CC,苗栗县,4,88.83,不动产租赁
竹南,房地(土地+建物),苗栗h竹南f大街61~90,570.0,住,,,1031020,土地1建物1位0,一,7,店面(店),住家用,筋混凝土造,0820618,85.04,1,1,1,有,o,有,15000,176,,0.0,0,,RPOOMLTLIIJFFDK78CC,苗栗县,4,88.83,不动产租赁
竹南,房地(土地+建物)+位,苗栗h竹南平等街一段61~90,15.0,住,,,1040201,土地0建物1位1,一,15,住宅大(11雍以上有梯),其他登事,筋混凝土造,1030929,145.81,3,2,2,有,有,o,13000,89,坡道平面,0.0,0,,RPUNMLQJKHKFFDK09DC,苗栗县,4,88.83,不动产租赁
^份,房地(土地+建物),苗栗h^份忠孝二路16巷8弄1~30,123.0,住,,,1040131,土地1建物1位0,全,2,透天厝,住家用,筋混凝土造,0700917,155.34,3,2,2,有,o,o,13000,84,,0.0,0,,RPPNMLLKKHKFFFK28CC,苗栗县,4,88.83,不动产租赁
^份,房地(土地+建物)+位,苗栗h^份中央路407巷1~30,4515.57,住,,,1040215,土地1建物1位1,十一,11,住宅大(11雍以上有梯),其他登事,筋混凝土造,1030704,91.85,3,2,2,有,有,o,12000,131,坡道平面,34.64,0,,RPTNMLQKKHKFFFK56CC,苗栗县,4,88.83,不动产租赁
苗栗市,房地(土地+建物),苗栗h苗栗市建功里32自治路151~180,7.87,商,,,1040215,土地1建物1位0,二,9,AB(10雍以下有梯),其他登事,筋混凝土造,0820310,25.94,0,0,0,o,有,有,5000,193,,0.0,0,,RPPNMLNLKHKFFBK18CC,苗栗县,4,88.83,不动产租赁
^份,土地,|民段391~420地,148.64,住,,,1040228,土地1建物0位0,,,其他,,,,0.0,0,0,0,有,o,o,10000,67,,0.0,0,,RPQNMLPJLHKFFFK78CC,苗栗县,4,88.83,不动产租赁
苗栗市,房地(土地+建物),苗栗h苗栗市建功里33大埔街1~30,6.18,住,,,1040305,土地1建物1位0,四,5,AB(10雍以下有梯),住家用,筋混凝土造,0850520,25.67,0,0,0,o,有,有,5000,195,,0.0,0,,RPPNMLQJLHKFFBK38CC,苗栗县,4,88.83,不动产租赁
竹南,房地(土地+建物)+位,苗栗h竹南平等街一段61~90,15.0,住,,,1040301,土地0建物1位1,十一,15,住宅大(11雍以上有梯),其他登事,筋混凝土造,1030929,145.81,3,2,2,有,有,有,13000,89,坡道平面,22.18,0,,RPWNMLQJLHKFFDK76DC,苗栗县,4,88.83,不动产租赁
竹南,房地(土地+建物),苗栗h竹南光吐151~180,87.0,商,,,1040217,土地1建物1位0,全,2,透天厝,住家用,其他登事,0580810,152.5,0,0,0,o,o,o,40000,262,,0.0,0,,RPSNMLKKLHKFFDK38CC,苗栗县,4,88.83,不动产租赁
竹南,房地(土地+建物)+位,苗栗h竹南泉街18巷1~30,20.99,其他,,,1040228,土地1建物1位1,一,7,AB(10雍以下有梯),住家用,筋混凝土造,0840826,40.89,3,2,2,有,有,有,10000,245,升降C械,26.23,0,,RPTNMLMKLHKFFDK68CC,苗栗县,4,88.83,不动产租赁
苗栗市,房地(土地+建物),苗栗h苗栗市建功里33大埔街1~30,5.41,住,,,1040321,土地1建物1位0,五,5,套房(1房1d1l),住家用,筋混凝土造,0850520,14.85,0,0,0,o,有,有,3500,236,,0.0,0,,RPSNMLNLLHKFFBK58CC,苗栗县,4,88.83,不动产租赁
竹南,房地(土地+建物),苗栗h竹南1021~1050,19.4,住,,,1040306,土地1建物1位0,一,1,AB(10雍以下有梯),住家用,筋混凝土造,0830706,122.76,3,2,2,有,o,o,8000,65,,0.0,0,,RPPNMLPLLHKFFDK68CC,苗栗县,4,88.83,不动产租赁
竹南,房地(土地+建物),苗栗h竹南立_街61~90,119.0,工,,,1040401,土地1建物1位0,全,3,透天厝,其他登事,筋混凝土造,0980317,256.92,2,2,4,有,o,o,27500,107,,0.0,0,,RPUNMLNKMHKFFDK09DC,苗栗县,4,88.83,不动产租赁
竹南,房地(土地+建物),苗栗h竹南照南路184巷12弄1~30,64.0,住,,,1040415,土地1建物1位0,全,4,透天厝,其他登事,筋混凝土造,0931223,209.54,4,3,3,有,o,有,15000,72,,0.0,0,,RPSNMLPKMHKFFDK09DC,苗栗县,4,88.83,不动产租赁
苗栗市,房地(土地+建物),苗栗h苗栗市f敬街1~30,66.9,住,,,1040331,土地1建物1位0,全,2,透天厝,住家用,筋混凝土造,0680601,99.0,2,1,2,有,o,o,12000,121,,0.0,0,,RPWNMLLLMHKFFBK88CC,苗栗县,4,88.83,不动产租赁
^份,房地(土地+建物),苗栗h^份苗栗h^份信x路731巷15弄1~30,74.23,住,,,1040401,土地1建物1位0,全,4,透天厝,住家用,其他登事,0950601,203.5,4,2,5,有,o,有,15000,74,,0.0,0,,RPWNMLOLMHKFFFK96CC,苗栗县,4,88.83,不动产租赁
竹南,建物,苗栗h竹南立_街121~150,0.0,其他,,,1031101,土地0建物0位0,三,2,套房(1房1d1l),其他登事,筋混凝土造,0980413,25.39,2,1,1,有,o,有,11500,453,,0.0,0,,RPTOMLPJJIJFFDK88DC,苗栗县,4,88.83,不动产租赁
竹南,房地(土地+建物),苗栗h竹南山佳里7山路三段228巷31~60,84.57,住,,,1031107,土地1建物1位0,全,4,透天厝,其他登事,筋混凝土造,0880119,172.36,4,3,3,有,o,有,20000,116,,0.0,0,,RPTNMLKKJIJFFDK38DC,苗栗县,4,88.83,不动产租赁
^份,房地(土地+建物),苗栗h^份|d路211~240,919.06,住,,,1031110,土地1建物1位0,一,6,AB(10雍以下有梯),其他登事,筋混凝土造,1030312,87.7,3,2,2,有,o,有,13000,148,,0.0,0,,RPVNMLNKJIJFFFK98CC,苗栗县,4,88.83,不动产租赁
竹南,房地(土地+建物),苗栗h竹南新生路106巷1~30,534.4,住,,,1031108,土地5建物1位0,全,4,透天厝,住家用,筋混凝土造,0901108,206.2,6,3,4,有,o,有,15000,73,,0.0,0,位坡平B1F-E2,RPUNMLNKJIJFFDK68CC,苗栗县,4,88.83,不动产租赁
苗栗市,房地(土地+建物),苗栗h苗栗市大埔街1~30,5.41,住,,,1031115,土地1建物1位0,三,5,AB(10雍以下有梯),住家用,筋混凝土造,0850520,20.51,0,0,0,o,有,有,5000,244,,0.0,0,,RPWNMLRKJIJFFBK09CC,苗栗县,4,88.83,不动产租赁
^份,房地(土地+建物),苗栗h^份忠孝一路69巷1弄1~30,3410.0,住,,,1031030,土地2建物3位0,一,4,AB(10雍以下有梯),其他登事,其他登事,1011212,290.76,2,2,2,有,o,有,15000,52,,0.0,0,,RPRNMLOLJIJFFFK78CC,苗栗县,4,88.83,不动产租赁
苗栗市,房地(土地+建物)+位,苗栗h苗栗市文山里21自治路451~480,172.57,住,,,1031120,土地1建物1位0,全,4,透天厝,住商用,筋混凝土造,0831118,250.43,4,2,2,有,o,o,13000,52,其他,35.08,0,,RPRNMLQLJIJFFBK58CC,苗栗县,4,88.83,不动产租赁
苗栗市,房地(土地+建物),苗栗h苗栗市清A里25S年路40巷1~30,90.0,住,,,1031114,土地1建物1位0,全,3,透天厝,住家用,加u造,0691106,116.94,6,2,4,有,o,o,10000,86,,0.0,0,,RPRNMLRLJIJFFBK68CC,苗栗县,4,88.83,不动产租赁
^份,房地(土地+建物),苗栗h^份|民六街31~60,128.0,工,,,1031126,土地1建物1位0,全,3,透天厝,其他登事,其他登事,1000503,287.88,3,2,4,有,o,有,35000,122,,0.0,0,,RPPNMLLJKIJFFFK18CC,苗栗县,4,88.83,不动产租赁
竹南,建物,苗栗h竹南新南里3S新路61~90,62.02,住,,,1031202,土地0建物1位0,四,5,公寓(5呛以下o梯),住家用,筋混凝土造,0830819,97.06,2,2,2,有,o,o,8000,82,,0.0,0,,RPSNMLNJKIJFFDK48CC,苗栗县,4,88.83,不动产租赁
^份,建物,苗栗h^份建路二段61~90,66.11,商,,,1031201,土地0建物1位0,一,4,店面(店),住商用,筋混凝土造,1030221,66.74,0,0,0,o,o,有,17500,262,,0.0,0,,RPTNMLPJKIJFFFK98CC,苗栗县,4,88.83,不动产租赁
^份,建物,苗栗h^份中央路1~30,161.0,工,,,1031215,土地0建物1位0,三,4,公寓(5呛以下o梯),住工用,筋混凝土造,0770722,79.92,3,2,2,有,o,有,13000,163,,0.0,0,,RPUNMLQKKIJFFFK76DC,苗栗县,4,88.83,不动产租赁
竹南,房地(土地+建物),苗栗h竹南立_街61~90,36.3,工,,,1031220,土地1建物1位0,全,3,透天厝,其他登事,筋混凝土造,0980317,25.45,2,0,0,有,o,有,13000,511,,0.0,0,,RPPPMLOLKIJFFDK78DC,苗栗县,4,88.83,不动产租赁
竹南,房地(土地+建物),苗栗h竹南公x里口公^1~30,5993.86,,特定rI^,丁N建B用地,1031215,土地2建物1位0,其他登事,4,工S,工I用,骨混凝土造,0941230,7933.63,0,0,0,o,o,o,800000,,,0.0,0,,RPPNMLRJJHKFFDK48CC,苗栗县,4,88.83,不动产租赁
苗栗市,房地(土地+建物),苗栗h苗栗市建功里25民族路66巷1~30,24.07,住,,,1031225,土地1建物1位0,二,5,公寓(5呛以下o梯),住家用,筋混凝土造,0701228,82.8,3,2,1,有,o,有,7000,85,,0.0,0,,RPVNMLSJJHKFFBK98CC,苗栗县,4,88.83,不动产租赁
苗栗市,房地(土地+建物),苗栗h苗栗市恭敬里11|海街1~30,33.3,住,,,1031229,土地1建物1位0,一,5,AB(10雍以下有梯),住家用,筋混凝土造,0790720,115.29,3,1,3,有,o,有,9500,82,,0.0,0,,RPPNMLPKJHKFFBK18CC,苗栗县,4,88.83,不动产租赁
竹南,建物,苗栗h竹南平等街一段61~90,14.41,商,,,1040103,土地0建物1位1,一,15,住宅大(11雍以上有梯),其他登事,筋混凝土造,1030929,116.54,3,2,2,有,o,有,11000,94,坡道平面,24.27,0,,RPUNMLPKJHKFFDK88CC,苗栗县,4,88.83,不动产租赁
^份,房地(土地+建物),苗栗h^份|d路211~240,37.14,住,,,1031110,土地1建物1位0,一,6,AB(10雍以下有梯),其他登事,筋混凝土造,1030312,87.7,3,2,2,有,o,有,13000,148,,0.0,0,,RPPOMLPKJHKFFFK68CC,苗栗县,4,88.83,不动产租赁
^份,房地(土地+建物),苗栗h^份大勇街30巷3弄1~30,82.27,住,,,1040126,土地1建物1位0,全,4,透天厝,住家用,筋混凝土造,0900703,181.88,4,2,3,有,o,有,15000,82,,0.0,0,,RPQOMLSLJHKFFFK56CC,苗栗县,4,88.83,不动产租赁
^份,房地(土地+建物),苗栗h^份中正一路211~240,136.93,住,,,1040415,土地2建物1位0,全,4,透天厝,其他登事,筋混凝土造,1021119,229.87,4,1,4,有,o,o,26000,113,,0.0,0,,RPRNMLSJNHKFFFK86DC,苗栗县,4,88.83,不动产租赁
苗栗市,房地(土地+建物),苗栗h苗栗市站前路1~30,23.99,商,,,1040515,土地1建物1位0,七,18,k公商I大,其他登事,筋混凝土造,0800531,275.73,0,0,0,o,o,o,10000,36,,0.0,0,,RPSNMLKLNHKFFBK48CC,苗栗县,4,88.83,不动产租赁
^份,房地(土地+建物),苗栗h^份成功里中d路11631~660,121.32,住,,,1040525,土地2建物1位0,全,3,透天厝,住家用,筋混凝土造,0840819,229.71,4,2,3,有,o,o,28000,122,,0.0,0,,RPUNMLRLNHKFFFK27DC,苗栗县,4,88.83,不动产租赁
苗栗市,房地(土地+建物),苗栗h苗栗市倮里新|街271~300,132.0,住,,,1040531,土地1建物1位0,全,2,透天厝,住家用,加u造,0620101,75.68,4,2,2,有,o,o,16000,211,,0.0,0,,RPQNMLNJOHKFFBK48CC,苗栗县,4,88.83,不动产租赁
苗栗市,房地(土地+建物),苗栗h苗栗市苗栗市嘉盛里12嘉盛街56巷13弄1~30,155.1,住,,,1040514,土地1建物1位0,全,2,透天厝,住家用,加u造,0790303,208.0,4,3,2,有,o,o,12000,58,,0.0,0,,RPRNMLNJOHKFFBK58CC,苗栗县,4,88.83,不动产租赁
苗栗市,建物,苗栗h苗栗市中正路1201~1230,113.12,其他,,,1040506,土地0建物0位0,全,2,透天厝,住商用,加u造,,113.12,2,1,1,有,o,有,22000,194,,0.0,0,,RPSNMLPJOHKFFBK98DC,苗栗县,4,88.83,不动产租赁
竹南,房地(土地+建物),苗栗h竹南公x路841~870,3175.96,,特定rI^,丁N建B用地,1040518,土地1建物1位0,其他登事,1,Sk,工I用,其他登事,0940330,1157.02,0,0,0,o,o,o,85000,73,,0.0,0,,RPVNMLMKOHKFFDK56CC,苗栗县,4,88.83,不动产租赁
^份,建物,苗栗h^份自路241~270,14.98,住,,,1040514,土地0建物1位1,八,10,AB(10雍以下有梯),其他登事,其他登事,1010523,103.53999999999999,2,2,2,有,有,有,15000,145,坡道平面,27.46,0,,RPQNMLNKOHKFFFK98CC,苗栗县,4,88.83,不动产租赁
^份,房地(土地+建物),苗栗h^份中A路421~450,11371.88,工,,,1040616,土地1建物1位0,其他登事,1,工S,其他登事,筋混凝土造,0621001,766.8,0,0,0,有,o,有,60000,,,0.0,0,,RPQNMLMLOHKFFFK09DC,苗栗县,4,88.83,不动产租赁
苗栗市,房地(土地+建物),苗栗h苗栗市清A里16槊窠211~240,118.27,住,,,1040701,土地1建物1位0,全,4,透天厝,其他登事,筋混凝土造,0930223,230.55,5,2,3,有,o,o,15000,65,,0.0,0,,RPRNMLLJPHKFFBK58DC,苗栗县,4,88.83,不动产租赁
^份,房地(土地+建物),苗栗h^份上庄路61~90,30.87,住,,,1040605,土地1建物1位0,八,12,住宅大(11雍以上有梯),其他登事,筋混凝土造,1031006,194.59,3,2,2,有,o,有,20500,105,,0.0,0,,RPPNMLNJPHKFFFK88CC,苗栗县,4,88.83,不动产租赁
苗栗市,建物,苗栗h苗栗市水源里金像@1~30,0.0,住,,,1040607,土地0建物1位0,一,10,AB(10雍以下有梯),商I用,筋混凝土造,0810930,60.12,4,1,1,有,有,有,9000,150,,0.0,0,,RPVNMLQJPHKFFBK86DC,苗栗县,4,88.83,不动产租赁
^份,建物,苗栗h^份|民二街1~30,140.0,其他,,,1040126,土地0建物1位0,其他登事,3,店面(店),其他登事,其他登事,1000131,246.15,2,2,3,有,o,有,30000,122,,0.0,0,,RPUNMLKLPHKFFFK66CC,苗栗县,4,88.83,不动产租赁
^份,建物,苗栗h^份|民一街1~30,160.0,其他,,,1040208,土地0建物1位0,其他登事,3,店面(店),其他登事,其他登事,1000119,273.73,3,2,3,有,o,o,30000,110,,0.0,0,,RPXNMLKLPHKFFFK96CC,苗栗县,4,88.83,不动产租赁
^份,建物,苗栗h^份自立街31巷61~90,1362.4,,,,1040318,土地0建物1位1,六,6,AB(10雍以下有梯),其他登事,其他登事,1000728,36.3,2,1,1,有,o,有,15000,413,其他,7.1,0,,RPPOMLKLPHKFFFK88CC,苗栗县,4,88.83,不动产租赁
^份,建物,苗栗h^份|民二街1~30,140.0,其他,,,1040328,土地0建物1位0,一,3,店面(店),其他登事,其他登事,1000119,245.03,4,0,4,有,o,o,17000,69,,0.0,0,,RPQOMLKLPHKFFFK98CC,苗栗县,4,88.83,不动产租赁
^份,建物,苗栗h^份尚路31~60,393.37,,,,1040328,土地0建物1位0,全,3,透天厝,其他登事,其他登事,0991206,192.94,3,2,3,有,o,o,16000,83,,0.0,0,,RPSOMLKLPHKFFFK56CC,苗栗县,4,88.83,不动产租赁
^份,建物,苗栗h^份苗栗h^份尚路31~60,393.37,其他,,,1040328,土地0建物1位0,全,3,透天厝,其他登事,其他登事,0991206,192.94,4,2,4,有,o,o,16000,83,,0.0,0,,RPTOMLKLPHKFFFK66CC,苗栗县,4,88.83,不动产租赁
^份,建物,苗栗h^份|民路181~210,412.05,其他,,,1040722,土地0建物1位0,一,3,店面(店),其他登事,其他登事,1000418,165.86,0,0,1,有,o,o,55000,332,,0.0,0,,RPUNMLOLPHKFFFK07CC,苗栗县,4,88.83,不动产租赁
^份,建物,苗栗h^份成功里13明新街61~90,18.11,住,,,1040728,土地0建物1位0,八,8,AB(10雍以下有梯),住家用,筋混凝土造,0830323,108.33,3,2,2,有,有,o,12000,111,,0.0,0,,RPQNMLSLPHKFFFK07CC,苗栗县,4,88.83,不动产租赁
^份,建物,苗栗h^份和平路31~60,0.0,,,,1040522,土地0建物1位0,全,4,透天厝,住商用,骨混凝土造,0900301,204.21,0,0,2,有,o,o,60000,294,,0.0,0,,RPWNMLNJQHKFFFK07CC,苗栗县,4,88.83,不动产租赁
^份,建物,苗栗h^份和平路31~60,0.0,,,,1040715,土地0建物1位0,全,4,透天厝,住商用,骨混凝土造,0900301,233.19,0,0,2,有,o,o,35000,150,,0.0,0,,RPXNMLNJQHKFFFK17CC,苗栗县,4,88.83,不动产租赁
公^l,房地(土地+建物),苗栗h公^l玉泉村31~60,991.74,工,,,1040710,土地1建物1位0,其他登事,1,Sk,工I用,造,,536.03,0,0,0,o,o,o,65000,121,,0.0,0,,RPTNMLOJQHKFFBK56DC,苗栗县,4,88.83,不动产租赁
^份,建物,苗栗h^份和平路241~270,176.0,,,,1040823,土地0建物1位0,其他登事,3,店面(店),住家用,筋混凝土造,0840331,286.99,2,2,3,有,o,有,30000,105,,0.0,0,,RPPNMLTLQHKFFFK17CC,苗栗县,4,88.83,不动产租赁
^份,土地,成功段271~300地,150.57,住,,,1040915,土地1建物0位0,,,其他,,,,0.0,0,0,0,有,o,o,8000,53,,0.0,0,,RPSNMLPKRHKFFFK07CC,苗栗县,4,88.83,不动产租赁
^份,土地,成功段271~300地,150.57,住,,,1040915,土地1建物0位0,,,其他,,,,0.0,0,0,0,有,o,o,8000,53,,0.0,0,,RPTNMLPKRHKFFFK17CC,苗栗县,4,88.83,不动产租赁
苑e,房地(土地+建物),苗栗h苑e客庄里22客庄61~90,21.48,住,,,1040915,土地1建物1位0,六,8,AB(10雍以下有梯),住家用,筋混凝土造,0821120,89.72,3,2,2,有,有,有,7000,78,,0.0,0,,RPUNMLMLRHKFFCK86DC,苗栗县,4,88.83,不动产租赁
^份,建物,苗栗h^份中d路601~630,28.62,商,,,1040920,土地0建物1位0,一,7,店面(店),商I用,筋混凝土造,0830713,100.7,0,0,0,o,有,o,16000,159,,0.0,0,,RPWNMLKMRHKFFFK27DC,苗栗县,4,88.83,不动产租赁
苗栗市,房地(土地+建物),苗栗h苗栗市北安街151~180,2.15,商,,,1040925,土地1建物1位0,三,8,AB(10雍以下有梯),住家用,筋混凝土造,0830723,28.4,2,2,2,有,o,有,16000,563,,0.0,0,,RPPOMLOKIIKFFBK28DC,苗栗县,4,88.83,不动产租赁
^份,建物,苗栗h^份民族路211~240,153.13,住,,,1041110,土地0建物1位0,一,2,店面(店),住家用,加u造,0591015,119.28,0,0,0,o,o,有,15000,126,,0.0,0,,RPRNMLPLJIKFFFK09DC,苗栗县,4,88.83,不动产租赁
苗栗市,房地(土地+建物),苗栗h苗栗市A路961~990,109.33,住,,,1041120,土地1建物1位0,全,4,透天厝,住商用,筋混凝土造,1000302,262.17,4,2,5,有,o,有,33000,126,,0.0,0,,RPUNMLOLKIKFFBK88CC,苗栗县,4,88.83,不动产租赁
苗栗市,房地(土地+建物),苗栗h苗栗市建功里24精武街1~30,664.0,住,,,1041223,土地1建物1位0,一,8,AB(10雍以下有梯),商I用,筋混凝土造,0870415,119.81,0,0,1,有,有,o,18000,150,,0.0,0,,RPPNMLPLKIKFFBK48CC,苗栗县,4,88.83,不动产租赁
苗栗市,房地(土地+建物),苗栗h苗栗市恭敬里11|海街1~30,3.56,住,,,1041223,土地1建物1位0,五,7,AB(10雍以下有梯),住家用,筋混凝土造,0840601,115.7,3,1,2,有,o,o,10500,91,,0.0,0,,RPOOMLSLKIKFFBK78CC,苗栗县,4,88.83,不动产租赁
竹南,房地(土地+建物),苗栗h竹南崎里15和d街331~360,2156.0,,工I^,丁N建B用地,1041229,土地1建物1位0,其他登事,1,Sk,工商用,筋混凝土造,0760420,1100.5,0,0,1,有,o,o,125000,114,,0.0,0,,RPRNMLQLJHLFFDK98DC,苗栗县,4,88.83,不动产租赁
竹南,土地,大同段811~840地,1995.84,住,,,1050130,土地1建物0位0,,,其他,,,,0.0,0,0,0,有,o,o,85000,43,,0.0,0,,RPQNMLMLKHLFFDK48CC,苗栗县,4,88.83,不动产租赁
^份,房地(土地+建物),苗栗h^份忠孝里12忠孝一路69巷1弄1~30,17.68,住,,,1050228,土地1建物1位0,三,12,住宅大(11雍以上有梯),其他登事,其他登事,1011212,102.42,3,2,1,有,有,有,18500,181,,0.0,0,,RPVNMLMJLHLFFFK56DC,苗栗县,4,88.83,不动产租赁
苑e,房地(土地+建物),苗栗h苑e信x路1~30,93.41,住,,,1050321,土地2建物1位0,全,3,透天厝,住商用,筋混凝土造,,184.47,0,0,0,o,o,有,18000,98,,0.0,0,,RPRNMLLJMHLFFCK38CC,苗栗县,4,88.83,不动产租赁
苗栗市,建物,苗栗h苗栗市至公路91~120,0.0,住,,,1050510,土地0建物1位0,一,3,店面(店),住家用,筋混凝土造,,97.0,0,0,0,o,o,o,29000,299,,0.0,0,,RPQNMLMKNHLFFBK48CC,苗栗县,4,88.83,不动产租赁
苗栗市,房地(土地+建物),苗栗h苗栗市恭敬里|海街1~30,33.3,住,,,1050517,土地1建物1位0,一,5,店面(店),住家用,筋混凝土造,0790720,115.29,0,0,0,o,o,o,18000,156,,0.0,0,,RPQNMLMJOHLFFBK48CC,苗栗县,4,88.83,不动产租赁
苗栗市,房地(土地+建物)+位,苗栗h苗栗市北苗里19文?街91~120,445.0,住,,,1050425,土地1建物1位1,七,7,AB(10雍以下有梯),住家用,筋混凝土造,1041116,156.73000000000002,3,2,2,有,有,有,18000,115,一瞧矫,0.0,0,,RPRNMLMJOHLFFBK58CC,苗栗县,4,88.83,不动产租赁
^份,房地(土地+建物),苗栗h^份和平路241~270,176.48,其他,,,1050527,土地1建物1位0,全,3,透天厝,其他登事,其他登事,0991206,301.53,3,2,4,有,o,o,37800,125,,0.0,0,,RPUNMLPKOHLFFFK17DC,苗栗县,4,88.83,不动产租赁
^份,房地(土地+建物),苗栗h^份和平路241~270,176.48,工,,,1050527,土地2建物1位0,全,3,透天厝,其他登事,其他登事,0991206,301.53,3,2,4,有,o,o,37800,125,,0.0,0,,RPXNMLPKOHLFFFK47DC,苗栗县,4,88.83,不动产租赁
苗栗市,房地(土地+建物),苗栗h苗栗市北苗里26英才路31~60,94.76,住,,,1050701,土地1建物1位0,全,2,透天厝,住家用,加u造,0690212,126.11,0,0,2,有,o,o,20000,159,,0.0,0,,RPRNMLLJPHLFFBK58CC,苗栗县,4,88.83,不动产租赁
苑e,房地(土地+建物),苗栗h苑e客庄里中山路1~30,68.39,商,,,1050601,土地1建物1位0,全,3,透天厝,住商用,筋混凝土造,,149.74,0,0,0,o,o,o,15000,100,,0.0,0,,RPPNMLTJPHLFFCK66CC,苗栗县,4,88.83,不动产租赁
苗栗市,土地,文峰段841~870地,372.54,住,,,1050711,土地1建物0位0,,,其他,,,,0.0,0,0,0,有,o,o,16000,43,,0.0,0,,RPPNMLLKPHLFFBK48CC,苗栗县,4,88.83,不动产租赁
苗栗市,房地(土地+建物),苗栗h苗栗市北苗里11中山北路91~120,122.62,住,,,1050716,土地2建物1位0,全,1,透天厝,住家用,其他登事,0930708,62.61,0,0,1,有,o,o,15000,240,,0.0,0,,RPPNMLKLPHLFFBK48CC,苗栗县,4,88.83,不动产租赁
^份,建物,苗栗h^份建路181~210,0.0,住,,,1050622,土地0建物1位0,一,3,店面(店),住家用,筋混凝土造,0790510,149.1,0,0,0,o,o,o,43000,288,,0.0,0,,RPQOMLKLPHLFFFK09CC,苗栗县,4,88.83,不动产租赁
苗栗市,房地(土地+建物),苗栗h苗栗市民族路101巷53弄1~30,33.78,住,,,1050801,土地1建物1位0,六,6,AB(10雍以下有梯),住家用,筋混凝土造,0810928,138.53,3,2,2,有,有,o,9000,65,,0.0,0,,RPQNMLLJQHLFFBK58CC,苗栗县,4,88.83,不动产租赁
苑e,房地(土地+建物),苗栗h苑e山柑里6山柑61~90,97.2,,特定rI^,甲N建B用地,1050729,土地1建物1位0,全,4,透天厝,住家用,筋混凝土造,,132.09,5,2,3,有,o,有,8000,61,,0.0,0,,RPRNMLLJQHLFFCK88DC,苗栗县,4,88.83,不动产租赁
苗栗市,房地(土地+建物),苗栗h苗栗市福里f敬街121~150,19.63,住,,,1050625,土地1建物1位0,三,5,套房(1房1d1l),住家用,筋混凝土造,1020109,53.33,1,1,1,有,o,有,8500,159,,0.0,0,,RPRNMLMJQHLFFBK88DC,苗栗县,4,88.83,不动产租赁
苗栗市,房地(土地+建物),苗栗h苗栗市建功里22府前路91~120,105.85,住,,,1050802,土地1建物1位0,一,3,店面(店),商I用,筋混凝土造,0890602,105.85,0,0,0,o,o,o,38000,359,,0.0,0,,RPQNMLNJQHLFFBK78CC,苗栗县,4,88.83,不动产租赁
苗栗市,房地(土地+建物)+位,苗栗h苗栗市建功里h府路91~120,10.0,住,,,1050806,土地1建物1位1,七,12,住宅大(11雍以上有梯),住家用,筋混凝土造,0881206,116.0,3,1,2,有,有,有,14000,121,坡道C械,0.0,0,,RPTNMLTJQHLFFBK17DC,苗栗县,4,88.83,不动产租赁
苗栗市,建物,苗栗h苗栗市恭敬里11|海街1~30,0.0,住,,,1050730,土地0建物1位0,七,7,AB(10雍以下有梯),住家用,筋混凝土造,0840601,61.19,1,1,1,有,有,有,10000,163,,0.0,0,,RPVOMLKKQHLFFBK56CC,苗栗县,4,88.83,不动产租赁
苑e,土地,社柑段1741~1770地,1097.5,,特定rI^,r牧用地,1050725,土地3建物0位0,,,其他,,,,0.0,0,0,0,有,o,有,60000,55,,0.0,0,,RPXOMLPLQHLFFCK47CC,苗栗县,4,88.83,不动产租赁
苗栗市,房地(土地+建物),苗栗h苗栗市府前路91~120,21.18,住,,,1050902,土地2建物1位0,三,5,k公商I大,使用陶,筋混凝土造,0890602,131.95,0,0,0,o,o,o,18000,136,,0.0,0,,RPVNMLTJRHLFFBK37CC,苗栗县,4,88.83,不动产租赁
苗栗市,房地(土地+建物),苗栗h苗栗市建功里26f敬街31~60,35.76,住,,,1050917,土地1建物1位0,一,4,公寓(5呛以下o梯),住家用,筋混凝土造,0701015,106.24,3,2,2,有,o,有,10000,94,,0.0,0,,RPPNMLTKRHLFFBK86CC,苗栗县,4,88.83,不动产租赁
^份,房地(土地+建物),苗栗h^份|民二街1~30,140.0,住,,,1050910,土地1建物1位0,一,3,店面(店),其他登事,其他登事,1000119,83.52,0,1,1,有,o,o,17000,204,,0.0,0,,RPPNMLTKRHLFFFK27CC,苗栗县,4,88.83,不动产租赁
苗栗市,房地(土地+建物)+位,苗栗h苗栗市福安里中A|街391~420,19.74,住,,,1050919,土地1建物1位1,七,9,AB(10雍以下有梯),民住宅,筋混凝土造,0881123,156.0,4,2,2,有,有,有,14000,90,坡道平面,0.0,0,,RPTNMLTKRHLFFBK37DC,苗栗县,4,88.83,不动产租赁
^份,房地(土地+建物),苗栗h^份d隆里4d隆路一段439巷1~30,375.65,,山坡地保育^,丁N建B用地,1051017,土地5建物1位0,全,4,透天厝,其他登事,其他登事,0970710,343.05,6,3,6,有,o,有,32500,95,,0.0,0,,RPRNMLLJJILFFFK58DC,苗栗县,4,88.83,不动产租赁
竹南,房地(土地+建物),苗栗h竹南建路84巷1~30,525.0,工,,,1051220,土地1建物1位0,一,1,},工I用,其他登事,0660216,525.0,0,0,1,有,o,o,65000,,,0.0,0,,RPTNMLTLKILFFDK07DC,苗栗县,4,88.83,不动产租赁
^份,土地,仁鄱601~630地,72.0,工,,,1060216,土地3建物0位0,,,其他,,,,0.0,0,0,0,有,o,o,22000,306,,0.0,0,,RPPNMLQKKHMFFFK09DC,苗栗县,4,88.83,不动产租赁
苗栗市,建物,苗栗h苗栗市文山里13A路901~930,0.0,住,,,1060208,土地0建物1位0,全,3,透天厝,住商用,筋混凝土造,1020522,219.42,4,2,3,有,o,o,19000,87,,0.0,0,,RPVNMLLLKHMFFBK78CC,苗栗县,4,88.83,不动产租赁
竹南,房地(土地+建物)+位,苗栗h竹南民嘟51巷1~30,13.11,商,,,1060220,土地1建物1位1,十四,16,住宅大(11雍以上有梯),住家用,筋混凝土造,0841108,156.27,3,2,2,有,有,有,12000,77,坡道C械,0.0,0,,RPVOMLLLKHMFFDK09CC,苗栗县,4,88.83,不动产租赁
苗栗市,房地(土地+建物),苗栗h苗栗市福里f敬街121~150,137.6,住,,,1060208,土地1建物1位0,一,5,AB(10雍以下有梯),住家用,筋混凝土造,1020109,38.01,1,0,1,有,o,有,8800,232,,0.0,0,,RPSNMLNLKHMFFBK68CC,苗栗县,4,88.83,不动产租赁
苗栗市,房地(土地+建物)+位,苗栗h苗栗市北苗里19文?街91~120,445.0,住,,,1060301,土地1建物1位1,七,7,AB(10雍以下有梯),住家用,筋混凝土造,1041116,156.73000000000002,3,2,2,有,有,有,16000,102,一瞧矫,0.0,0,,RPQNMLLJLHMFFBK18CC,苗栗县,4,88.83,不动产租赁
竹南,房地(土地+建物),苗栗h竹南h市路二段573巷1~30,347.0,工,,,1060301,土地1建物1位0,其他登事,1,工S,其他登事,筋混凝土造,0650318,347.0,0,0,0,o,o,o,27000,,,0.0,0,,RPQNMLLJLHMFFDK38CC,苗栗县,4,88.83,不动产租赁
苗栗市,房地(土地+建物),苗栗h苗栗市中正路61~90,107.9,住,,,1060301,土地1建物1位0,全,2,透天厝,住商用,筋混凝土造,0651019,65.2,3,1,2,有,o,o,23000,353,,0.0,0,,RPSNMLKKLHMFFBK38CC,苗栗县,4,88.83,不动产租赁
苗栗市,房地(土地+建物),苗栗h苗栗市中正路61~90,281.0,商,,,1060301,土地1建物1位0,其他登事,2,店面(店),住商用,其他登事,1040407,431.22,0,0,0,o,o,o,115000,267,,0.0,0,,RPPOMLKKLHMFFBK18CC,苗栗县,4,88.83,不动产租赁
~l,房地(土地+建物),苗栗h~l民治路1~30,1666.0,,工I^,丁N建B用地,1060309,土地2建物1位0,二,2,工S,工I用,造,0820723,1892.72,0,0,0,o,o,o,96000,,,0.0,0,,RPQNMLLLLHMFFEK68CC,苗栗县,4,88.83,不动产租赁
竹南,土地,新生段601~630地,1078.73,商,,,1060326,土地1建物0位0,,,其他,,,,0.0,0,0,0,有,o,o,20000,19,,0.0,0,,RPRNMLRLLHMFFDK66CC,苗栗县,4,88.83,不动产租赁
^份,房地(土地+建物),苗栗h^份d隆里d隆路一路439巷1~30,375.65,,山坡地保育^,丁N建B用地,1060315,土地5建物1位0,全,4,透天厝,其他登事,其他登事,0970710,343.05,6,3,6,有,有,有,30500,89,,0.0,0,,RPSNMLPJMHMFFFK76DC,苗栗县,4,88.83,不动产租赁
~l,房地(土地+建物),苗栗h~l自路1~30,2788.0,,工I^,丁N建B用地,1060310,土地2建物1位0,其他登事,1,Sk,其他登事,其他登事,,1435.52,0,0,0,o,o,o,151800,106,,0.0,0,,RPQNMLPJMHMFFEK09DC,苗栗县,4,88.83,不动产租赁
苑e,土地,玉山段1471~1500地,717.55,,特定rI^,丁N建B用地,1060329,土地1建物0位0,,,其他,,,,0.0,0,0,0,有,o,o,65000,91,,0.0,0,此土地尚o建(建物`本)-因S房d建中 s217.26坪，而租U的土地B挝-717.55平方公尺。故此租金月租6.5f橥恋+S房之~,RPPNMLKKMHMFFCK28CC,苗栗县,4,88.83,不动产租赁
苗栗市,房地(土地+建物),苗栗h苗栗市建功里府|路7巷1~30,104.0,住,,,1060414,土地1建物1位0,全,3,透天厝,住家用,筋混凝土造,0761223,219.85,4,2,3,有,o,有,18000,82,,0.0,0,,RPPNMLRKMHMFFBK88CC,苗栗县,4,88.83,不动产租赁
^份,房地(土地+建物),苗栗h^份下d里14新d街68巷1~30,120.28,,山坡地保育^,丙N建B用地,1060420,土地3建物1位0,全,4,透天厝,住家用,筋混凝土造,0841130,174.05,4,3,3,有,o,有,10000,57,,0.0,0,,RPVNMLKLMHMFFFK66CC,苗栗县,4,88.83,不动产租赁
造蜞l,房地(土地+建物),苗栗h造蜞l大西村4慈}路二段421~450,2922.65,,山坡地保育^,丁N建B用地,1060621,土地2建物2位0,其他登事,2,Sk,工I用,其他登事,0871116,2038.27,0,0,0,o,o,o,150000,74,,0.0,0,,RPPNMLSLOHMFFDK86CC,苗栗县,4,88.83,不动产租赁
^份,建物,苗栗h^份中央路1~30,167.0,住,,,1060701,土地0建物1位0,一,3,店面(店),住工用,筋混凝土造,0770722,78.1,0,0,0,o,o,o,45000,576,,0.0,0,,RPUNMLNJPHMFFFK07DC,苗栗县,4,88.83,不动产租赁
竹南,建物,苗栗h竹南群x路61~90,6268.0,,工I^,丁N建B用地,1060612,土地0建物1位0,二,2,工S,其他登事,筋混凝土造,1020523,2167.93,0,0,0,o,o,有,328000,,,0.0,0,,RPPNMLLKPHMFFDK78CC,苗栗县,4,88.83,不动产租赁
苗栗市,房地(土地+建物),苗栗h苗栗市玉A里玉清街222巷55弄1~30,133.0,,特定rI^,甲N建B用地,1060715,土地1建物1位0,全,3,透天厝,住家用,筋混凝土造,0860710,116.0,2,2,3,有,o,有,11000,95,,0.0,0,,RPQNMLMJQHMFFBK88DC,苗栗县,4,88.83,不动产租赁
苗栗市,房地(土地+建物)+位,苗栗h苗栗市h府路91~120,10.0,住,,,1060727,土地1建物1位1,七,12,住宅大(11雍以上有梯),住家用,筋混凝土造,0881206,116.0,3,2,2,有,o,有,14000,121,坡道C械,0.0,0,,RPRNMLMJQHMFFBK98DC,苗栗县,4,88.83,不动产租赁
苗栗市,建物,苗栗h苗栗市福星里5福星街181~210,0.0,住,,,1060910,土地0建物1位0,十六,17,住宅大(11雍以上有梯),住家用,筋混凝土造,0810929,192.34,4,1,2,有,有,有,11000,57,,0.0,0,,RPTNMLNJIIMFFBK48CC,苗栗县,4,88.83,不动产租赁
苗栗市,房地(土地+建物),苗栗h苗栗市h府路91~120,15.0,住,,,1061001,土地1建物1位0,八,13,住宅大(11雍以上有梯),住家用,筋混凝土造,0881206,95.0,3,2,2,有,o,有,14000,147,,0.0,0,,RPUNMLPJIIMFFBK88DC,苗栗县,4,88.83,不动产租赁
苗栗市,房地(土地+建物),苗栗h苗栗市新苗里4南光1~30,89.0,住,,,1061001,土地1建物1位0,全,3,透天厝,住商用,其他登事,0650217,109.94,3,1,2,有,o,o,8000,73,,0.0,0,,RPPNMLNLIIMFFBK28CC,苗栗县,4,88.83,不动产租赁
苗栗市,房地(土地+建物),苗栗h苗栗市楣路421~450,139.4,住,,,1061031,土地1建物1位0,其他登事,2,店面(店),住商用,加u造,,197.03,0,0,0,o,o,o,16000,81,,0.0,0,,RPSOMLLMIIMFFBK58CC,苗栗县,4,88.83,不动产租赁
苗栗市,建物,苗栗h苗栗市G苗里15光吐61~90,0.0,商,,,1061020,土地0建物1位0,全,5,透天厝,住商用,筋混凝土造,0830406,56.87,0,1,1,有,o,o,20000,352,,0.0,0,,RPRNMLMJJIMFFBK28CC,苗栗县,4,88.83,不动产租赁
苗栗市,房地(土地+建物),苗栗h苗栗市英才路283巷17弄1~30,133.0,工,,,1061130,土地1建物1位0,全,3,透天厝,其他登事,筋混凝土造,0961203,207.44,5,2,3,有,o,有,18000,87,,0.0,0,,RPSNMLOJKIMFFBK78DC,苗栗县,4,88.83,不动产租赁
竹南,房地(土地+建物),苗栗h竹南大埔里19五福街31~60,463.0,,山坡地保育^,丁N建B用地,1061127,土地1建物1位0,一,1,},其他登事,筋混凝土造,0801008,463.0,0,0,0,o,o,o,35000,,,0.0,0,,RPRNMLMKKIMFFDK78DC,苗栗县,4,88.83,不动产租赁
苗栗市,房地(土地+建物),苗栗h苗栗市h府路91~120,15.0,住,,,1061212,土地1建物1位0,十一,13,住宅大(11雍以上有梯),住家用,筋混凝土造,0881206,95.0,3,2,2,有,有,有,12000,126,,0.0,0,,RPQNMLNKKIMFFBK58DC,苗栗县,4,88.83,不动产租赁
苗栗市,建物,苗栗h苗栗市光吐31~60,0.0,商,,,1061125,土地0建物1位0,全,5,透天厝,住家用,筋混凝土造,0840807,26.97,0,1,1,有,o,o,27000,1001,,0.0,0,,RPSNMLLLKIMFFBK58CC,苗栗县,4,88.83,不动产租赁
苗栗市,建物,苗栗h苗栗市福星街181~210,0.0,住,,,1061125,土地0建物1位0,六,17,住宅大(11雍以上有梯),住家用,筋混凝土造,0810929,80.0,1,1,1,有,有,有,7000,88,,0.0,0,,RPPNMLNLKIMFFBK48CC,苗栗县,4,88.83,不动产租赁
^份,建物,苗栗h^份|民路181~210,340.01,住,,,1061206,土地0建物1位0,全,3,透天厝,其他登事,其他登事,1000418,305.5,1,0,0,o,o,o,70000,229,,0.0,0,,RPPNMLMJJHNFFFK48CC,苗栗县,4,88.83,不动产租赁
公^l,房地(土地+建物),苗栗h苗栗市五谷村五谷二路31~60,305.0,住,,,1070117,土地2建物2位0,其他登事,2,店面(店),其他登事,筋混凝土造,0760420,399.26,0,0,0,o,o,o,40000,100,,0.0,0,,RPPNMLTKJHNFFBK88CC,苗栗县,4,88.83,不动产租赁
苗栗市,房地(土地+建物),苗栗h苗栗市h府路91~120,15.0,住,,,1070110,土地1建物1位0,十二,13,住宅大(11雍以上有梯),住家用,筋混凝土造,0881206,95.0,3,2,2,有,有,有,15500,163,,0.0,0,,RPUNMLNLJHNFFBK98DC,苗栗县,4,88.83,不动产租赁
苗栗市,房地(土地+建物)+位,苗栗h苗栗市h府路91~120,15.0,住,,,1070110,土地1建物1位1,十二,13,住宅大(11雍以上有梯),住家用,筋混凝土造,0881206,95.0,3,2,2,有,有,有,15500,163,坡道平面,0.0,0,,RPVNMLNLJHNFFBK09DC,苗栗县,4,88.83,不动产租赁
苗栗市,房地(土地+建物),苗栗h苗栗市h府路91~120,14.0,住,,,1070221,土地1建物1位0,七,12,住宅大(11雍以上有梯),住家用,筋混凝土造,0881206,87.0,3,2,2,有,有,o,8000,92,,0.0,0,,RPRNMLQLKHNFFBK09DC,苗栗县,4,88.83,不动产租赁
竹南,房地(土地+建物),苗栗h竹南h市路三段571~600,26.99,住,,,1070208,土地1建物1位0,十四,15,住宅大(11雍以上有梯),其他登事,筋混凝土造,1011213,190.06,1,1,1,有,有,有,10000,53,,0.0,0,,RPVNMLMJLHNFFDK09CC,苗栗县,4,88.83,不动产租赁
後,房地(土地+建物),苗栗h後坑里17十班坑181~210,903.01,,山坡地保育^,丁N建B用地,1070312,土地1建物1位0,一,1,工S,工I用,其他登事,1060112,499.53,0,0,0,o,o,有,18000,,,0.0,0,,RPQNMLOKLHNFFDK88CC,苗栗县,4,88.83,不动产租赁
苗栗市,房地(土地+建物),苗栗h苗栗市平街1~30,244.0,住,,,1070312,土地1建物1位0,四,5,AB(10雍以下有梯),住家用,筋混凝土造,0830815,210.0,6,0,6,有,o,有,18000,86,,0.0,0,,RPRNMLOKLHNFFBK78CC,苗栗县,4,88.83,不动产租赁
苗栗市,房地(土地+建物),苗栗h苗栗市中山路391~420,221.0,住,,,1070312,土地1建物1位0,三,6,AB(10雍以下有梯),住家用,筋混凝土造,0841221,178.0,3,1,2,有,o,有,15000,84,,0.0,0,,RPSNMLOKLHNFFBK88CC,苗栗县,4,88.83,不动产租赁
苗栗市,房地(土地+建物),苗栗h苗栗市玉苗里中山路631~660,181.0,商,,,1070316,土地1建物1位0,一,3,店面(店),住商用,加u造,,158.0,0,0,0,o,o,o,22000,139,,0.0,0,,RPQNMLTKLHNFFBK56CC,苗栗县,4,88.83,不动产租赁
竹南,房地(土地+建物)+位,苗栗h竹南三平路1~30,29.11,商,,,1061128,土地1建物1位1,其他登事,2,店面(店),住商用,筋混凝土造,1040701,229.17,0,0,0,o,o,o,28000,122,坡道平面,23.62,0,含C位1,RPRNMLTLLHNFFDK96CC,苗栗县,4,88.83,不动产租赁
竹南,建物,苗栗h竹南光吐211~240,95.21,住,,,1070501,土地0建物1位0,全,4,透天厝,其他登事,筋混凝土造,0960423,68.47,0,0,0,o,有,o,20000,292,,0.0,0,,RPTOMLLJNHNFFDK56DC,苗栗县,4,88.83,不动产租赁
^份,房地(土地+建物),苗栗h^份建路22巷1~30,91.0,住,,,1070511,土地1建物1位0,全,3,透天厝,住家用,筋混凝土造,0771102,118.53,5,2,2,有,o,有,15000,127,,0.0,0,,RPSNMLOKNHNFFFK86CC,苗栗县,4,88.83,不动产租赁
苗栗市,房地(土地+建物),苗栗h苗栗市福里26民族路101巷53弄1~30,32.56,住,,,1070601,土地1建物1位0,六,6,AB(10雍以下有梯),住家用,筋混凝土造,0810928,127.28,3,2,2,有,有,o,10000,79,,0.0,0,,RPRNMLLJOHNFFBK68CC,苗栗县,4,88.83,不动产租赁
^份,土地,中央段691~720地,844.27,商,,,1070614,土地1建物0位0,,,其他,,,,0.0,0,0,0,有,o,o,38000,45,,0.0,0,有民情L俗因素之交易。;含建物未登，]建有T牌,RPRNMLPKOHNFFFK96CC,苗栗县,4,88.83,不动产租赁
苗栗市,房地(土地+建物),苗栗h苗栗市建功里23忠孝路1~30,17.64,住,,,1070615,土地1建物1位0,二,7,AB(10雍以下有梯),住家用,筋混凝土造,0850610,82.25,3,2,2,有,o,有,10000,122,,0.0,0,售r包含b潢或家。;,RPQNMLQKOHNFFBK66DC,苗栗县,4,88.83,不动产租赁
苗栗市,房地(土地+建物),苗栗h苗栗市中正路181~210,12.59,住,,,1070518,土地2建物1位0,六,10,AB(10雍以下有梯),住家用,筋混凝土造,0840510,99.13,3,2,2,有,有,有,9000,91,,0.0,0,售r包含b潢或家。;,RPRNMLQKOHNFFBK76DC,苗栗县,4,88.83,不动产租赁
苗栗市,房地(土地+建物),苗栗h苗栗市中山路391~420,31.57,住,,,1070620,土地1建物1位0,五,7,AB(10雍以下有梯),住家用,筋混凝土造,0841221,132.24,4,2,2,有,o,有,15000,113,,0.0,0,,RPPOMLKLOHNFFBK78DC,苗栗县,4,88.83,不动产租赁
苗栗市,房地(土地+建物),苗栗h苗栗市民生街1~30,22.0,住,,,1070621,土地1建物1位0,一,4,店面(店),住商用,筋混凝土造,0770826,36.49,0,0,0,o,o,o,10000,274,,0.0,0,,RPQNMLRLOHNFFBK76CC,苗栗县,4,88.83,不动产租赁
苗栗市,房地(土地+建物),苗栗h苗栗市民族路66巷1~30,55.65,住,,,1070701,土地1建物1位0,五,5,公寓(5呛以下o梯),住家用,筋混凝土造,0701228,92.71,3,2,1,有,o,o,8000,86,,0.0,0,,RPQNMLMJPHNFFBK78CC,苗栗县,4,88.83,不动产租赁
竹南,房地(土地+建物),苗栗h竹南h市路三段571~600,26.98,住,,,1070701,土地1建物1位0,十四,14,住宅大(11雍以上有梯),其他登事,筋混凝土造,1011213,190.05,1,1,1,有,有,有,8000,42,,0.0,0,,RPQNMLOJPHNFFDK56CC,苗栗县,4,88.83,不动产租赁
苗栗市,房地(土地+建物),苗栗h苗栗市忠孝路121~150,28.0,住,,,1070716,土地1建物1位0,五,5,公寓(5呛以下o梯),住家用,筋混凝土造,0760603,90.0,2,2,2,有,o,有,10000,111,,0.0,0,,RPSNMLRKPHNFFBK07DC,苗栗县,4,88.83,不动产租赁
苗栗市,房地(土地+建物),苗栗h苗栗市h府路91~120,14.0,住,,,1070716,土地1建物1位0,十一,12,住宅大(11雍以上有梯),住家用,筋混凝土造,0881206,87.46,3,2,2,有,o,有,15000,172,,0.0,0,,RPTNMLRKPHNFFBK17DC,苗栗县,4,88.83,不动产租赁
苗栗市,房地(土地+建物),苗栗h苗栗市金朝街31~60,15.0,住,,,1070719,土地1建物1位0,六,12,住宅大(11雍以上有梯),住家用,筋混凝土造,0820701,82.0,3,2,2,有,o,有,10000,122,,0.0,0,,RPTNMLTKPHNFFBK37DC,苗栗县,4,88.83,不动产租赁
苗栗市,房地(土地+建物),苗栗h苗栗市大埔街31~60,36.0,住,,,1070731,土地1建物1位0,二,5,公寓(5呛以下o梯),住家用,筋混凝土造,0720912,105.54,3,1,2,有,o,有,8000,76,,0.0,0,,RPQNMLNJQHNFFBK09DC,苗栗县,4,88.83,不动产租赁
竹南,房地(土地+建物)+位,苗栗h竹南自由街121~150,62.28,住,,,1070801,土地2建物1位2,全,5,透天厝,商I用,筋混凝土造,1041228,193.72,0,0,0,o,o,有,50000,258,一瞧矫,25.0,0,,RPUOMLQJQHNFFDK37CC,苗栗县,4,88.83,不动产租赁
竹南,建物,苗栗h竹南新南里11民A街9巷1~30,0.0,住,,,1060717,土地0建物1位1,一,7,AB(10雍以下有梯),住家用,筋混凝土造,0980909,102.35,2,2,2,有,有,有,15000,147,坡道平面,23.1,0,"含房屋租U,管理M,位",RPQPMLPKQHNFFDK07CC,苗栗县,4,88.83,不动产租赁
苗栗市,房地(土地+建物),苗栗h苗栗市金朝街31~60,14.26,住,,,1070808,土地1建物1位0,十二,12,住宅大(11雍以上有梯),住家用,筋混凝土造,0820701,82.12,3,2,1,有,o,有,8000,97,,0.0,0,,RPSOMLQKQHNFFBK07CC,苗栗县,4,88.83,不动产租赁
苗栗市,房地(土地+建物),苗栗h苗栗市苗栗市民生街1~30,22.0,住,,,1070813,土地1建物1位0,四,4,套房(1房1d1l),住商用,筋混凝土造,0770826,45.0,1,1,1,有,o,有,4500,100,,0.0,0,,RPPNMLTLQHNFFBK07CC,苗栗县,4,88.83,不动产租赁
苗栗市,房地(土地+建物),苗栗h苗栗市上苗里16站前1~30,25.16,商,,,1070901,土地1建物1位0,其他登事,3,店面(店),住家用,u造,0300510,236.7,3,2,3,有,有,o,21000,89,,0.0,0,,RPPNMLNJRHNFFBK98CC,苗栗县,4,88.83,不动产租赁
苗栗市,房地(土地+建物),苗栗h苗栗市府前路61~90,50.0,住,,,1070917,土地1建物1位0,一,3,店面(店),住家用,筋混凝土造,0831101,70.0,0,0,0,o,o,o,12000,171,,0.0,0,,RPUNMLSKRHNFFBK47CC,苗栗县,4,88.83,不动产租赁
^份,房地(土地+建物),苗栗h^份中d路151~180,122.74,住,,,1070906,土地1建物1位0,一,4,店面(店),其他登事,筋混凝土造,1041120,70.58,0,1,1,有,o,o,18000,255,,0.0,0,,RPPNMLSKRHNFFFK37CC,苗栗县,4,88.83,不动产租赁
^份,房地(土地+建物),苗栗h^份中d路151~180,122.74,住,,,1070906,土地1建物1位0,一,4,店面(店),其他登事,筋混凝土造,1041120,70.58,0,1,1,有,o,o,18000,255,,0.0,0,,RPQNMLSKRHNFFFK47CC,苗栗县,4,88.83,不动产租赁
^份,房地(土地+建物),苗栗h^份中d路151~180,122.74,住,,,1070906,土地1建物1位0,一,4,店面(店),其他登事,筋混凝土造,1041120,70.58,0,0,1,有,o,o,18000,255,,0.0,0,,RPPPMLSKRHNFFFK57CC,苗栗县,4,88.83,不动产租赁
竹南,房地(土地+建物),苗栗h竹南_元路31~60,1619.87,其他,,,1070917,土地2建物2位0,其他登事,1,工S,住工用,其他登事,0590403,1608.47,0,0,0,o,o,o,50000,,,0.0,0,,RPRNMLSKRHNFFDK37CC,苗栗县,4,88.83,不动产租赁
苗栗市,建物,苗栗h苗栗市民生街1~30,22.0,住,,,1070925,土地0建物1位0,三,4,套房(1房1d1l),住商用,筋混凝土造,0770826,51.75,1,1,1,有,o,o,5000,97,,0.0,0,,RPSNMLLJIINFFBK28CC,苗栗县,4,88.83,不动产租赁
^份,土地,光A段1771~1800地,298.24,商,,,1070925,土地2建物0位0,,,其他,,,,0.0,0,0,0,有,o,o,25000,84,,0.0,0,1.107.09.25-108.05.25d建期.不需租金2.108.05.25-118.05.24每月租金25000元3.118.05.25-121.05.24每月租金26250元4.121.05.25-124.05.24每月租金27500元,RPSNMLNJIINFFFK88CC,苗栗县,4,88.83,不动产租赁
竹南,房地(土地+建物)+位,苗栗h竹南佳北二街111巷1~30,30.94,住,,,1070923,土地1建物1位1,六,7,AB(10雍以下有梯),住家用,筋混凝土造,1000829,94.4,3,2,2,有,有,有,12500,132,坡道C械,25.14,0,,RPRNMLNJIINFFDK58CC,苗栗县,4,88.83,不动产租赁
^份,房地(土地+建物),苗栗h^份|民路151~180,433.47,工,,,1071015,土地1建物1位0,其他登事,3,店面(店),其他登事,其他登事,0991206,752.22,3,3,4,有,o,有,80000,106,,0.0,0,,RPSNMLTKIINFFFK96CC,苗栗县,4,88.83,不动产租赁
^份,房地(土地+建物),苗栗h^份|民路151~180,433.47,工,,,1071015,土地1建物1位0,其他登事,3,店面(店),其他登事,其他登事,0991206,752.22,3,3,4,有,o,o,80000,106,,0.0,0,,RPUNMLTKIINFFFK17CC,苗栗县,4,88.83,不动产租赁
^份,房地(土地+建物),苗栗h^份|民路151~180,433.47,工,,,1071015,土地1建物1位0,其他登事,3,店面(店),其他登事,其他登事,0991206,752.22,3,3,4,有,o,o,80000,106,,0.0,0,,RPWNMLTKIINFFFK37CC,苗栗县,4,88.83,不动产租赁
後,土地,段241~270地,1576.93,住,,,1071026,土地1建物0位0,,,其他,,,,0.0,0,0,0,有,o,o,50000,32,,0.0,0,,RPQOMLKLJINFFDK58CC,苗栗县,4,88.83,不动产租赁
苗栗市,房地(土地+建物),苗栗h苗栗市h府路91~120,15.43,住,,,1071122,土地1建物1位0,九,13,住宅大(11雍以上有梯),住家用,筋混凝土造,0881206,95.42,3,2,2,有,有,有,12155,127,,0.0,0,,RPQNMLNLJINFFBK68DC,苗栗县,4,88.83,不动产租赁
苗栗市,建物,苗栗h苗栗市恭敬路61~90,0.0,住,,,1071030,土地0建物1位0,二,5,公寓(5呛以下o梯),住家用,筋混凝土造,0850710,54.8,1,1,2,有,o,有,6500,119,,0.0,0,有民情L俗因素之交易。;,RPPNMLQLJINFFBK78CC,苗栗县,4,88.83,不动产租赁
苑e,建物,苗栗h苑e社苓里3社苓361~390,555.37,,特定rI^,丁N建B用地,1071128,土地0建物1位0,其他登事,1,工S,住家用,筋混凝土造,0680520,555.37,0,0,0,o,o,o,50400,,,0.0,0,期待因素影之交易。;,RPRNMLTLJINFFCK76CC,苗栗县,4,88.83,不动产租赁
苗栗市,房地(土地+建物),苗栗h苗栗市中A路241~270,104.33,住,,,1080101,土地1建物1位0,四,5,公寓(5呛以下o梯),住家用,筋混凝土造,0840826,92.33,3,1,1,有,o,o,6000,65,,0.0,0,,RPPNMLMJJHOFFBK18CC,苗栗县,4,88.83,不动产租赁
後,房地(土地+建物),苗栗h後苗栗h後S富里16新|路421~450,312.93,住,,,1071210,土地1建物1位0,其他登事,5,店面(店),住商用,筋混凝土造,1020709,549.3,6,2,4,有,o,有,45000,82,,0.0,0,,RPOPMLKKJHOFFDK38CC,苗栗县,4,88.83,不动产租赁
竹南,房地(土地+建物),苗栗h竹南中A路211~240,613.64,工,,,1080101,土地1建物1位0,一,1,其他,工商用,其他登事,0680210,422.82,0,0,0,o,o,o,50000,118,,0.0,0,,RPRNMLLKJHOFFDK58CC,苗栗县,4,88.83,不动产租赁
苗栗市,房地(土地+建物),苗栗h苗栗市苗栗市恭敬里8中正路1081~1110,5.17,住,,,1080115,土地3建物1位0,十,10,套房(1房1d1l),住家用,筋混凝土造,0960716,65.6,1,0,1,有,有,有,6800,104,,0.0,0,,RPQNMLSKJHOFFBK09DC,苗栗县,4,88.83,不动产租赁
苗栗市,房地(土地+建物),苗栗h苗栗市恭敬里8中正路1081~1110,3.94,住,,,1080115,土地3建物1位0,六,10,套房(1房1d1l),住家用,筋混凝土造,0960716,30.57,1,0,1,有,有,有,6300,206,,0.0,0,,RPRNMLSKJHOFFBK56DC,苗栗县,4,88.83,不动产租赁
苗栗市,房地(土地+建物)+位,苗栗h苗栗市北苗里19文?街91~120,445.0,住,,,1071010,土地1建物1位1,七,7,AB(10雍以下有梯),住家用,筋混凝土造,1041116,156.73000000000002,3,2,2,有,有,有,15000,96,一瞧矫,0.0,0,,RPUNMLLLJHOFFBK78CC,苗栗县,4,88.83,不动产租赁
苗栗市,房地(土地+建物),苗栗h苗栗市玉A里3翠@1~30,41.32,,l村^,乙N建B用地,1080121,土地1建物1位0,三,5,公寓(5呛以下o梯),住家用,筋混凝土造,0750808,106.32,3,2,2,有,o,有,9500,89,,0.0,0,,RPRNMLMLJHOFFBK58CC,苗栗县,4,88.83,不动产租赁
苗栗市,房地(土地+建物),苗栗h苗栗市英才路31~60,80.4,住,,,1080110,土地1建物1位0,二,2,店面(店),住家用,加u造,0690212,38.14,3,2,2,有,o,o,16000,420,,0.0,0,,RPXNMLLMJHOFFBK56CC,苗栗县,4,88.83,不动产租赁
竹南,房地(土地+建物),苗栗h竹南山路三段200巷5弄1~30,14.87,住,,,1080515,土地3建物1位0,五,5,AB(10雍以下有梯),住家用,筋混凝土造,0950830,15.26,0,0,0,o,o,有,6500,426,,0.0,0,,RPVNMLLLNHOFFDK86CC,苗栗县,4,88.83,不动产租赁
竹南,房地(土地+建物)+位,苗栗h竹南和仁街62巷1~30,33.39,,工I^,丁N建B用地,1080511,土地3建物1位2,二,5,AB(10雍以下有梯),其他登事,筋混凝土造,1041006,87.25,3,2,2,有,有,有,13000,149,坡道平面,43.6,0,,RPXNMLLLNHOFFDK07CC,苗栗县,4,88.83,不动产租赁
竹南,房地(土地+建物),苗栗h竹南山路三段200巷5弄1~30,14.87,住,,,1080515,土地3建物1位0,五,5,套房(1房1d1l),住家用,筋混凝土造,0950830,50.46,0,0,0,o,o,有,6500,129,,0.0,0,,RPOOMLMLNHOFFDK98CC,苗栗县,4,88.83,不动产租赁
竹南,房地(土地+建物),苗栗h竹南山路三段200巷5弄1~30,14.87,住,,,1080515,土地3建物1位0,五,5,套房(1房1d1l),住家用,筋混凝土造,0950830,50.46,1,1,1,有,o,有,6500,129,,0.0,0,,RPPOMLMLNHOFFDK09CC,苗栗县,4,88.83,不动产租赁
^份,房地(土地+建物)+位,苗栗h^份市花@|路181~210,54.33,,山坡地保育^,丙N建B用地,1080508,土地1建物1位1,六,7,AB(10雍以下有梯),其他登事,筋混凝土造,1051222,123.43,3,1,2,有,有,有,12500,101,坡道平面,28.48,0,管理M另,RPOOMLMLNHOFFFK56CC,苗栗县,4,88.83,不动产租赁
^份,房地(土地+建物)+位,苗栗h^份市花@|路181~210,54.33,,山坡地保育^,丙N建B用地,1080508,土地1建物1位1,六,7,AB(10雍以下有梯),其他登事,筋混凝土造,1051222,123.43,3,1,2,有,有,有,12500,101,坡道平面,28.48,0,管理M另,RPPOMLMLNHOFFFK66CC,苗栗县,4,88.83,不动产租赁
^份,房地(土地+建物),苗栗h^份市|民六街31~60,202.35,住,,,1080301,土地2建物1位0,全,1,透天厝,其他登事,其他登事,1000503,83.52,0,0,0,o,o,o,10000,120,,0.0,0,H承租一,RPUNMLKMNHOFFFK96CC,苗栗县,4,88.83,不动产租赁
